ISO-10303-21;
HEADER;
FILE_DESCRIPTION(('Open CASCADE Model'),'2;1');
FILE_NAME('Open CASCADE Shape Model','2026-06-29T14:17:03',('Author'),(
    'Open CASCADE'),'Open CASCADE STEP processor 7.8','Open CASCADE 7.8'
  ,'Unknown');
FILE_SCHEMA(('AUTOMOTIVE_DESIGN { 1 0 10303 214 1 1 1 1 }'));
ENDSEC;
DATA;
#1 = APPLICATION_PROTOCOL_DEFINITION('international standard',
  'automotive_design',2000,#2);
#2 = APPLICATION_CONTEXT(
  'core data for automotive mechanical design processes');
#3 = SHAPE_DEFINITION_REPRESENTATION(#4,#10);
#4 = PRODUCT_DEFINITION_SHAPE('','',#5);
#5 = PRODUCT_DEFINITION('design','',#6,#9);
#6 = PRODUCT_DEFINITION_FORMATION('','',#7);
#7 = PRODUCT('Open CASCADE STEP translator 7.8 1',
  'Open CASCADE STEP translator 7.8 1','',(#8));
#8 = PRODUCT_CONTEXT('',#2,'mechanical');
#9 = PRODUCT_DEFINITION_CONTEXT('part definition',#2,'design');
#10 = ADVANCED_BREP_SHAPE_REPRESENTATION('',(#11,#15),#7230);
#11 = AXIS2_PLACEMENT_3D('',#12,#13,#14);
#12 = CARTESIAN_POINT('',(0.,0.,0.));
#13 = DIRECTION('',(0.,0.,1.));
#14 = DIRECTION('',(1.,0.,-0.));
#15 = MANIFOLD_SOLID_BREP('',#16);
#16 = CLOSED_SHELL('',(#17,#105,#279,#283,#359,#408,#457,#506,#555,#582,
    #954,#4816,#4862,#4889,#6923,#6970,#7017,#7044,#7071,#7098,#7125,
    #7152,#7179,#7186,#7191,#7196,#7223));
#17 = ADVANCED_FACE('',(#18),#32,.T.);
#18 = FACE_BOUND('',#19,.F.);
#19 = EDGE_LOOP('',(#20,#50,#77,#78));
#20 = ORIENTED_EDGE('',*,*,#21,.T.);
#21 = EDGE_CURVE('',#22,#24,#26,.T.);
#22 = VERTEX_POINT('',#23);
#23 = CARTESIAN_POINT('',(15.,0.,15.));
#24 = VERTEX_POINT('',#25);
#25 = CARTESIAN_POINT('',(15.,0.,18.));
#26 = SEAM_CURVE('',#27,(#31,#43),.PCURVE_S1.);
#27 = LINE('',#28,#29);
#28 = CARTESIAN_POINT('',(15.,0.,15.));
#29 = VECTOR('',#30,1.);
#30 = DIRECTION('',(0.,0.,1.));
#31 = PCURVE('',#32,#37);
#32 = CYLINDRICAL_SURFACE('',#33,15.);
#33 = AXIS2_PLACEMENT_3D('',#34,#35,#36);
#34 = CARTESIAN_POINT('',(0.,0.,15.));
#35 = DIRECTION('',(-0.,-0.,-1.));
#36 = DIRECTION('',(1.,0.,0.));
#37 = DEFINITIONAL_REPRESENTATION('',(#38),#42);
#38 = LINE('',#39,#40);
#39 = CARTESIAN_POINT('',(-0.,0.));
#40 = VECTOR('',#41,1.);
#41 = DIRECTION('',(-0.,-1.));
#42 = ( GEOMETRIC_REPRESENTATION_CONTEXT(2) 
PARAMETRIC_REPRESENTATION_CONTEXT() REPRESENTATION_CONTEXT('2D SPACE',''
  ) );
#43 = PCURVE('',#32,#44);
#44 = DEFINITIONAL_REPRESENTATION('',(#45),#49);
#45 = LINE('',#46,#47);
#46 = CARTESIAN_POINT('',(-6.28318530718,0.));
#47 = VECTOR('',#48,1.);
#48 = DIRECTION('',(-0.,-1.));
#49 = ( GEOMETRIC_REPRESENTATION_CONTEXT(2) 
PARAMETRIC_REPRESENTATION_CONTEXT() REPRESENTATION_CONTEXT('2D SPACE',''
  ) );
#50 = ORIENTED_EDGE('',*,*,#51,.T.);
#51 = EDGE_CURVE('',#24,#24,#52,.T.);
#52 = SURFACE_CURVE('',#53,(#58,#65),.PCURVE_S1.);
#53 = CIRCLE('',#54,15.);
#54 = AXIS2_PLACEMENT_3D('',#55,#56,#57);
#55 = CARTESIAN_POINT('',(0.,0.,18.));
#56 = DIRECTION('',(0.,0.,1.));
#57 = DIRECTION('',(1.,0.,0.));
#58 = PCURVE('',#32,#59);
#59 = DEFINITIONAL_REPRESENTATION('',(#60),#64);
#60 = LINE('',#61,#62);
#61 = CARTESIAN_POINT('',(-0.,-3.));
#62 = VECTOR('',#63,1.);
#63 = DIRECTION('',(-1.,0.));
#64 = ( GEOMETRIC_REPRESENTATION_CONTEXT(2) 
PARAMETRIC_REPRESENTATION_CONTEXT() REPRESENTATION_CONTEXT('2D SPACE',''
  ) );
#65 = PCURVE('',#66,#71);
#66 = PLANE('',#67);
#67 = AXIS2_PLACEMENT_3D('',#68,#69,#70);
#68 = CARTESIAN_POINT('',(-7.29301404021E-16,1.169780044473E-16,18.));
#69 = DIRECTION('',(0.,0.,1.));
#70 = DIRECTION('',(1.,0.,-0.));
#71 = DEFINITIONAL_REPRESENTATION('',(#72),#76);
#72 = CIRCLE('',#73,15.);
#73 = AXIS2_PLACEMENT_2D('',#74,#75);
#74 = CARTESIAN_POINT('',(7.29301404021E-16,-1.169780044473E-16));
#75 = DIRECTION('',(1.,0.));
#76 = ( GEOMETRIC_REPRESENTATION_CONTEXT(2) 
PARAMETRIC_REPRESENTATION_CONTEXT() REPRESENTATION_CONTEXT('2D SPACE',''
  ) );
#77 = ORIENTED_EDGE('',*,*,#21,.F.);
#78 = ORIENTED_EDGE('',*,*,#79,.F.);
#79 = EDGE_CURVE('',#22,#22,#80,.T.);
#80 = SURFACE_CURVE('',#81,(#86,#93),.PCURVE_S1.);
#81 = CIRCLE('',#82,15.);
#82 = AXIS2_PLACEMENT_3D('',#83,#84,#85);
#83 = CARTESIAN_POINT('',(0.,0.,15.));
#84 = DIRECTION('',(0.,0.,1.));
#85 = DIRECTION('',(1.,0.,0.));
#86 = PCURVE('',#32,#87);
#87 = DEFINITIONAL_REPRESENTATION('',(#88),#92);
#88 = LINE('',#89,#90);
#89 = CARTESIAN_POINT('',(-0.,0.));
#90 = VECTOR('',#91,1.);
#91 = DIRECTION('',(-1.,0.));
#92 = ( GEOMETRIC_REPRESENTATION_CONTEXT(2) 
PARAMETRIC_REPRESENTATION_CONTEXT() REPRESENTATION_CONTEXT('2D SPACE',''
  ) );
#93 = PCURVE('',#94,#99);
#94 = PLANE('',#95);
#95 = AXIS2_PLACEMENT_3D('',#96,#97,#98);
#96 = CARTESIAN_POINT('',(-7.29301404021E-16,1.169780044473E-16,15.));
#97 = DIRECTION('',(0.,0.,1.));
#98 = DIRECTION('',(1.,0.,-0.));
#99 = DEFINITIONAL_REPRESENTATION('',(#100),#104);
#100 = CIRCLE('',#101,15.);
#101 = AXIS2_PLACEMENT_2D('',#102,#103);
#102 = CARTESIAN_POINT('',(7.29301404021E-16,-1.169780044473E-16));
#103 = DIRECTION('',(1.,0.));
#104 = ( GEOMETRIC_REPRESENTATION_CONTEXT(2) 
PARAMETRIC_REPRESENTATION_CONTEXT() REPRESENTATION_CONTEXT('2D SPACE',''
  ) );
#105 = ADVANCED_FACE('',(#106,#109),#94,.F.);
#106 = FACE_BOUND('',#107,.F.);
#107 = EDGE_LOOP('',(#108));
#108 = ORIENTED_EDGE('',*,*,#79,.T.);
#109 = FACE_BOUND('',#110,.F.);
#110 = EDGE_LOOP('',(#111,#141,#169,#197,#225,#253));
#111 = ORIENTED_EDGE('',*,*,#112,.F.);
#112 = EDGE_CURVE('',#113,#115,#117,.T.);
#113 = VERTEX_POINT('',#114);
#114 = CARTESIAN_POINT('',(7.505553499465,0.,15.));
#115 = VERTEX_POINT('',#116);
#116 = CARTESIAN_POINT('',(3.752776749733,6.5,15.));
#117 = SURFACE_CURVE('',#118,(#122,#129),.PCURVE_S1.);
#118 = LINE('',#119,#120);
#119 = CARTESIAN_POINT('',(7.505553499465,0.,15.));
#120 = VECTOR('',#121,1.);
#121 = DIRECTION('',(-0.5,0.866025403784,0.));
#122 = PCURVE('',#94,#123);
#123 = DEFINITIONAL_REPRESENTATION('',(#124),#128);
#124 = LINE('',#125,#126);
#125 = CARTESIAN_POINT('',(7.505553499465,-1.169780044473E-16));
#126 = VECTOR('',#127,1.);
#127 = DIRECTION('',(-0.5,0.866025403784));
#128 = ( GEOMETRIC_REPRESENTATION_CONTEXT(2) 
PARAMETRIC_REPRESENTATION_CONTEXT() REPRESENTATION_CONTEXT('2D SPACE',''
  ) );
#129 = PCURVE('',#130,#135);
#130 = PLANE('',#131);
#131 = AXIS2_PLACEMENT_3D('',#132,#133,#134);
#132 = CARTESIAN_POINT('',(7.505553499465,0.,9.));
#133 = DIRECTION('',(-0.866025403784,-0.5,0.));
#134 = DIRECTION('',(-0.5,0.866025403784,0.));
#135 = DEFINITIONAL_REPRESENTATION('',(#136),#140);
#136 = LINE('',#137,#138);
#137 = CARTESIAN_POINT('',(0.,-6.));
#138 = VECTOR('',#139,1.);
#139 = DIRECTION('',(1.,0.));
#140 = ( GEOMETRIC_REPRESENTATION_CONTEXT(2) 
PARAMETRIC_REPRESENTATION_CONTEXT() REPRESENTATION_CONTEXT('2D SPACE',''
  ) );
#141 = ORIENTED_EDGE('',*,*,#142,.F.);
#142 = EDGE_CURVE('',#143,#113,#145,.T.);
#143 = VERTEX_POINT('',#144);
#144 = CARTESIAN_POINT('',(3.752776749733,-6.5,15.));
#145 = SURFACE_CURVE('',#146,(#150,#157),.PCURVE_S1.);
#146 = LINE('',#147,#148);
#147 = CARTESIAN_POINT('',(3.752776749733,-6.5,15.));
#148 = VECTOR('',#149,1.);
#149 = DIRECTION('',(0.5,0.866025403784,0.));
#150 = PCURVE('',#94,#151);
#151 = DEFINITIONAL_REPRESENTATION('',(#152),#156);
#152 = LINE('',#153,#154);
#153 = CARTESIAN_POINT('',(3.752776749733,-6.5));
#154 = VECTOR('',#155,1.);
#155 = DIRECTION('',(0.5,0.866025403784));
#156 = ( GEOMETRIC_REPRESENTATION_CONTEXT(2) 
PARAMETRIC_REPRESENTATION_CONTEXT() REPRESENTATION_CONTEXT('2D SPACE',''
  ) );
#157 = PCURVE('',#158,#163);
#158 = PLANE('',#159);
#159 = AXIS2_PLACEMENT_3D('',#160,#161,#162);
#160 = CARTESIAN_POINT('',(3.752776749733,-6.5,9.));
#161 = DIRECTION('',(-0.866025403784,0.5,0.));
#162 = DIRECTION('',(0.5,0.866025403784,0.));
#163 = DEFINITIONAL_REPRESENTATION('',(#164),#168);
#164 = LINE('',#165,#166);
#165 = CARTESIAN_POINT('',(0.,-6.));
#166 = VECTOR('',#167,1.);
#167 = DIRECTION('',(1.,0.));
#168 = ( GEOMETRIC_REPRESENTATION_CONTEXT(2) 
PARAMETRIC_REPRESENTATION_CONTEXT() REPRESENTATION_CONTEXT('2D SPACE',''
  ) );
#169 = ORIENTED_EDGE('',*,*,#170,.F.);
#170 = EDGE_CURVE('',#171,#143,#173,.T.);
#171 = VERTEX_POINT('',#172);
#172 = CARTESIAN_POINT('',(-3.752776749733,-6.5,15.));
#173 = SURFACE_CURVE('',#174,(#178,#185),.PCURVE_S1.);
#174 = LINE('',#175,#176);
#175 = CARTESIAN_POINT('',(-3.752776749733,-6.5,15.));
#176 = VECTOR('',#177,1.);
#177 = DIRECTION('',(1.,-4.733446612636E-16,0.));
#178 = PCURVE('',#94,#179);
#179 = DEFINITIONAL_REPRESENTATION('',(#180),#184);
#180 = LINE('',#181,#182);
#181 = CARTESIAN_POINT('',(-3.752776749733,-6.5));
#182 = VECTOR('',#183,1.);
#183 = DIRECTION('',(1.,-4.733446612636E-16));
#184 = ( GEOMETRIC_REPRESENTATION_CONTEXT(2) 
PARAMETRIC_REPRESENTATION_CONTEXT() REPRESENTATION_CONTEXT('2D SPACE',''
  ) );
#185 = PCURVE('',#186,#191);
#186 = PLANE('',#187);
#187 = AXIS2_PLACEMENT_3D('',#188,#189,#190);
#188 = CARTESIAN_POINT('',(-3.752776749733,-6.5,9.));
#189 = DIRECTION('',(4.733446612636E-16,1.,-0.));
#190 = DIRECTION('',(1.,-4.733446612636E-16,0.));
#191 = DEFINITIONAL_REPRESENTATION('',(#192),#196);
#192 = LINE('',#193,#194);
#193 = CARTESIAN_POINT('',(0.,-6.));
#194 = VECTOR('',#195,1.);
#195 = DIRECTION('',(1.,0.));
#196 = ( GEOMETRIC_REPRESENTATION_CONTEXT(2) 
PARAMETRIC_REPRESENTATION_CONTEXT() REPRESENTATION_CONTEXT('2D SPACE',''
  ) );
#197 = ORIENTED_EDGE('',*,*,#198,.F.);
#198 = EDGE_CURVE('',#199,#171,#201,.T.);
#199 = VERTEX_POINT('',#200);
#200 = CARTESIAN_POINT('',(-7.505553499465,9.191652068949E-16,15.));
#201 = SURFACE_CURVE('',#202,(#206,#213),.PCURVE_S1.);
#202 = LINE('',#203,#204);
#203 = CARTESIAN_POINT('',(-7.505553499465,9.191652068949E-16,15.));
#204 = VECTOR('',#205,1.);
#205 = DIRECTION('',(0.5,-0.866025403784,0.));
#206 = PCURVE('',#94,#207);
#207 = DEFINITIONAL_REPRESENTATION('',(#208),#212);
#208 = LINE('',#209,#210);
#209 = CARTESIAN_POINT('',(-7.505553499465,8.021872024476E-16));
#210 = VECTOR('',#211,1.);
#211 = DIRECTION('',(0.5,-0.866025403784));
#212 = ( GEOMETRIC_REPRESENTATION_CONTEXT(2) 
PARAMETRIC_REPRESENTATION_CONTEXT() REPRESENTATION_CONTEXT('2D SPACE',''
  ) );
#213 = PCURVE('',#214,#219);
#214 = PLANE('',#215);
#215 = AXIS2_PLACEMENT_3D('',#216,#217,#218);
#216 = CARTESIAN_POINT('',(-7.505553499465,9.191652068949E-16,9.));
#217 = DIRECTION('',(0.866025403784,0.5,-0.));
#218 = DIRECTION('',(0.5,-0.866025403784,0.));
#219 = DEFINITIONAL_REPRESENTATION('',(#220),#224);
#220 = LINE('',#221,#222);
#221 = CARTESIAN_POINT('',(0.,-6.));
#222 = VECTOR('',#223,1.);
#223 = DIRECTION('',(1.,0.));
#224 = ( GEOMETRIC_REPRESENTATION_CONTEXT(2) 
PARAMETRIC_REPRESENTATION_CONTEXT() REPRESENTATION_CONTEXT('2D SPACE',''
  ) );
#225 = ORIENTED_EDGE('',*,*,#226,.F.);
#226 = EDGE_CURVE('',#227,#199,#229,.T.);
#227 = VERTEX_POINT('',#228);
#228 = CARTESIAN_POINT('',(-3.752776749733,6.5,15.));
#229 = SURFACE_CURVE('',#230,(#234,#241),.PCURVE_S1.);
#230 = LINE('',#231,#232);
#231 = CARTESIAN_POINT('',(-3.752776749733,6.5,15.));
#232 = VECTOR('',#233,1.);
#233 = DIRECTION('',(-0.5,-0.866025403784,0.));
#234 = PCURVE('',#94,#235);
#235 = DEFINITIONAL_REPRESENTATION('',(#236),#240);
#236 = LINE('',#237,#238);
#237 = CARTESIAN_POINT('',(-3.752776749733,6.5));
#238 = VECTOR('',#239,1.);
#239 = DIRECTION('',(-0.5,-0.866025403784));
#240 = ( GEOMETRIC_REPRESENTATION_CONTEXT(2) 
PARAMETRIC_REPRESENTATION_CONTEXT() REPRESENTATION_CONTEXT('2D SPACE',''
  ) );
#241 = PCURVE('',#242,#247);
#242 = PLANE('',#243);
#243 = AXIS2_PLACEMENT_3D('',#244,#245,#246);
#244 = CARTESIAN_POINT('',(-3.752776749733,6.5,9.));
#245 = DIRECTION('',(0.866025403784,-0.5,0.));
#246 = DIRECTION('',(-0.5,-0.866025403784,0.));
#247 = DEFINITIONAL_REPRESENTATION('',(#248),#252);
#248 = LINE('',#249,#250);
#249 = CARTESIAN_POINT('',(0.,-6.));
#250 = VECTOR('',#251,1.);
#251 = DIRECTION('',(1.,0.));
#252 = ( GEOMETRIC_REPRESENTATION_CONTEXT(2) 
PARAMETRIC_REPRESENTATION_CONTEXT() REPRESENTATION_CONTEXT('2D SPACE',''
  ) );
#253 = ORIENTED_EDGE('',*,*,#254,.F.);
#254 = EDGE_CURVE('',#115,#227,#255,.T.);
#255 = SURFACE_CURVE('',#256,(#260,#267),.PCURVE_S1.);
#256 = LINE('',#257,#258);
#257 = CARTESIAN_POINT('',(3.752776749733,6.5,15.));
#258 = VECTOR('',#259,1.);
#259 = DIRECTION('',(-1.,1.183361653159E-16,0.));
#260 = PCURVE('',#94,#261);
#261 = DEFINITIONAL_REPRESENTATION('',(#262),#266);
#262 = LINE('',#263,#264);
#263 = CARTESIAN_POINT('',(3.752776749733,6.5));
#264 = VECTOR('',#265,1.);
#265 = DIRECTION('',(-1.,1.183361653159E-16));
#266 = ( GEOMETRIC_REPRESENTATION_CONTEXT(2) 
PARAMETRIC_REPRESENTATION_CONTEXT() REPRESENTATION_CONTEXT('2D SPACE',''
  ) );
#267 = PCURVE('',#268,#273);
#268 = PLANE('',#269);
#269 = AXIS2_PLACEMENT_3D('',#270,#271,#272);
#270 = CARTESIAN_POINT('',(3.752776749733,6.5,9.));
#271 = DIRECTION('',(-1.183361653159E-16,-1.,0.));
#272 = DIRECTION('',(-1.,1.183361653159E-16,0.));
#273 = DEFINITIONAL_REPRESENTATION('',(#274),#278);
#274 = LINE('',#275,#276);
#275 = CARTESIAN_POINT('',(0.,-6.));
#276 = VECTOR('',#277,1.);
#277 = DIRECTION('',(1.,0.));
#278 = ( GEOMETRIC_REPRESENTATION_CONTEXT(2) 
PARAMETRIC_REPRESENTATION_CONTEXT() REPRESENTATION_CONTEXT('2D SPACE',''
  ) );
#279 = ADVANCED_FACE('',(#280),#66,.T.);
#280 = FACE_BOUND('',#281,.T.);
#281 = EDGE_LOOP('',(#282));
#282 = ORIENTED_EDGE('',*,*,#51,.T.);
#283 = ADVANCED_FACE('',(#284),#130,.F.);
#284 = FACE_BOUND('',#285,.F.);
#285 = EDGE_LOOP('',(#286,#309,#310,#333));
#286 = ORIENTED_EDGE('',*,*,#287,.T.);
#287 = EDGE_CURVE('',#288,#113,#290,.T.);
#288 = VERTEX_POINT('',#289);
#289 = CARTESIAN_POINT('',(7.505553499465,0.,9.));
#290 = SURFACE_CURVE('',#291,(#295,#302),.PCURVE_S1.);
#291 = LINE('',#292,#293);
#292 = CARTESIAN_POINT('',(7.505553499465,0.,9.));
#293 = VECTOR('',#294,1.);
#294 = DIRECTION('',(0.,0.,1.));
#295 = PCURVE('',#130,#296);
#296 = DEFINITIONAL_REPRESENTATION('',(#297),#301);
#297 = LINE('',#298,#299);
#298 = CARTESIAN_POINT('',(0.,0.));
#299 = VECTOR('',#300,1.);
#300 = DIRECTION('',(0.,-1.));
#301 = ( GEOMETRIC_REPRESENTATION_CONTEXT(2) 
PARAMETRIC_REPRESENTATION_CONTEXT() REPRESENTATION_CONTEXT('2D SPACE',''
  ) );
#302 = PCURVE('',#158,#303);
#303 = DEFINITIONAL_REPRESENTATION('',(#304),#308);
#304 = LINE('',#305,#306);
#305 = CARTESIAN_POINT('',(7.505553499465,0.));
#306 = VECTOR('',#307,1.);
#307 = DIRECTION('',(0.,-1.));
#308 = ( GEOMETRIC_REPRESENTATION_CONTEXT(2) 
PARAMETRIC_REPRESENTATION_CONTEXT() REPRESENTATION_CONTEXT('2D SPACE',''
  ) );
#309 = ORIENTED_EDGE('',*,*,#112,.T.);
#310 = ORIENTED_EDGE('',*,*,#311,.F.);
#311 = EDGE_CURVE('',#312,#115,#314,.T.);
#312 = VERTEX_POINT('',#313);
#313 = CARTESIAN_POINT('',(3.752776749733,6.5,9.));
#314 = SURFACE_CURVE('',#315,(#319,#326),.PCURVE_S1.);
#315 = LINE('',#316,#317);
#316 = CARTESIAN_POINT('',(3.752776749733,6.5,9.));
#317 = VECTOR('',#318,1.);
#318 = DIRECTION('',(0.,0.,1.));
#319 = PCURVE('',#130,#320);
#320 = DEFINITIONAL_REPRESENTATION('',(#321),#325);
#321 = LINE('',#322,#323);
#322 = CARTESIAN_POINT('',(7.505553499465,0.));
#323 = VECTOR('',#324,1.);
#324 = DIRECTION('',(0.,-1.));
#325 = ( GEOMETRIC_REPRESENTATION_CONTEXT(2) 
PARAMETRIC_REPRESENTATION_CONTEXT() REPRESENTATION_CONTEXT('2D SPACE',''
  ) );
#326 = PCURVE('',#268,#327);
#327 = DEFINITIONAL_REPRESENTATION('',(#328),#332);
#328 = LINE('',#329,#330);
#329 = CARTESIAN_POINT('',(0.,0.));
#330 = VECTOR('',#331,1.);
#331 = DIRECTION('',(0.,-1.));
#332 = ( GEOMETRIC_REPRESENTATION_CONTEXT(2) 
PARAMETRIC_REPRESENTATION_CONTEXT() REPRESENTATION_CONTEXT('2D SPACE',''
  ) );
#333 = ORIENTED_EDGE('',*,*,#334,.F.);
#334 = EDGE_CURVE('',#288,#312,#335,.T.);
#335 = SURFACE_CURVE('',#336,(#340,#347),.PCURVE_S1.);
#336 = LINE('',#337,#338);
#337 = CARTESIAN_POINT('',(7.505553499465,0.,9.));
#338 = VECTOR('',#339,1.);
#339 = DIRECTION('',(-0.5,0.866025403784,0.));
#340 = PCURVE('',#130,#341);
#341 = DEFINITIONAL_REPRESENTATION('',(#342),#346);
#342 = LINE('',#343,#344);
#343 = CARTESIAN_POINT('',(0.,0.));
#344 = VECTOR('',#345,1.);
#345 = DIRECTION('',(1.,0.));
#346 = ( GEOMETRIC_REPRESENTATION_CONTEXT(2) 
PARAMETRIC_REPRESENTATION_CONTEXT() REPRESENTATION_CONTEXT('2D SPACE',''
  ) );
#347 = PCURVE('',#348,#353);
#348 = PLANE('',#349);
#349 = AXIS2_PLACEMENT_3D('',#350,#351,#352);
#350 = CARTESIAN_POINT('',(-3.155631075091E-16,-3.944538843864E-16,9.));
#351 = DIRECTION('',(0.,0.,1.));
#352 = DIRECTION('',(1.,0.,-0.));
#353 = DEFINITIONAL_REPRESENTATION('',(#354),#358);
#354 = LINE('',#355,#356);
#355 = CARTESIAN_POINT('',(7.505553499465,3.944538843864E-16));
#356 = VECTOR('',#357,1.);
#357 = DIRECTION('',(-0.5,0.866025403784));
#358 = ( GEOMETRIC_REPRESENTATION_CONTEXT(2) 
PARAMETRIC_REPRESENTATION_CONTEXT() REPRESENTATION_CONTEXT('2D SPACE',''
  ) );
#359 = ADVANCED_FACE('',(#360),#268,.F.);
#360 = FACE_BOUND('',#361,.F.);
#361 = EDGE_LOOP('',(#362,#363,#364,#387));
#362 = ORIENTED_EDGE('',*,*,#311,.T.);
#363 = ORIENTED_EDGE('',*,*,#254,.T.);
#364 = ORIENTED_EDGE('',*,*,#365,.F.);
#365 = EDGE_CURVE('',#366,#227,#368,.T.);
#366 = VERTEX_POINT('',#367);
#367 = CARTESIAN_POINT('',(-3.752776749733,6.5,9.));
#368 = SURFACE_CURVE('',#369,(#373,#380),.PCURVE_S1.);
#369 = LINE('',#370,#371);
#370 = CARTESIAN_POINT('',(-3.752776749733,6.5,9.));
#371 = VECTOR('',#372,1.);
#372 = DIRECTION('',(0.,0.,1.));
#373 = PCURVE('',#268,#374);
#374 = DEFINITIONAL_REPRESENTATION('',(#375),#379);
#375 = LINE('',#376,#377);
#376 = CARTESIAN_POINT('',(7.505553499465,0.));
#377 = VECTOR('',#378,1.);
#378 = DIRECTION('',(0.,-1.));
#379 = ( GEOMETRIC_REPRESENTATION_CONTEXT(2) 
PARAMETRIC_REPRESENTATION_CONTEXT() REPRESENTATION_CONTEXT('2D SPACE',''
  ) );
#380 = PCURVE('',#242,#381);
#381 = DEFINITIONAL_REPRESENTATION('',(#382),#386);
#382 = LINE('',#383,#384);
#383 = CARTESIAN_POINT('',(0.,0.));
#384 = VECTOR('',#385,1.);
#385 = DIRECTION('',(0.,-1.));
#386 = ( GEOMETRIC_REPRESENTATION_CONTEXT(2) 
PARAMETRIC_REPRESENTATION_CONTEXT() REPRESENTATION_CONTEXT('2D SPACE',''
  ) );
#387 = ORIENTED_EDGE('',*,*,#388,.F.);
#388 = EDGE_CURVE('',#312,#366,#389,.T.);
#389 = SURFACE_CURVE('',#390,(#394,#401),.PCURVE_S1.);
#390 = LINE('',#391,#392);
#391 = CARTESIAN_POINT('',(3.752776749733,6.5,9.));
#392 = VECTOR('',#393,1.);
#393 = DIRECTION('',(-1.,1.183361653159E-16,0.));
#394 = PCURVE('',#268,#395);
#395 = DEFINITIONAL_REPRESENTATION('',(#396),#400);
#396 = LINE('',#397,#398);
#397 = CARTESIAN_POINT('',(0.,0.));
#398 = VECTOR('',#399,1.);
#399 = DIRECTION('',(1.,0.));
#400 = ( GEOMETRIC_REPRESENTATION_CONTEXT(2) 
PARAMETRIC_REPRESENTATION_CONTEXT() REPRESENTATION_CONTEXT('2D SPACE',''
  ) );
#401 = PCURVE('',#348,#402);
#402 = DEFINITIONAL_REPRESENTATION('',(#403),#407);
#403 = LINE('',#404,#405);
#404 = CARTESIAN_POINT('',(3.752776749733,6.5));
#405 = VECTOR('',#406,1.);
#406 = DIRECTION('',(-1.,1.183361653159E-16));
#407 = ( GEOMETRIC_REPRESENTATION_CONTEXT(2) 
PARAMETRIC_REPRESENTATION_CONTEXT() REPRESENTATION_CONTEXT('2D SPACE',''
  ) );
#408 = ADVANCED_FACE('',(#409),#242,.F.);
#409 = FACE_BOUND('',#410,.F.);
#410 = EDGE_LOOP('',(#411,#412,#413,#436));
#411 = ORIENTED_EDGE('',*,*,#365,.T.);
#412 = ORIENTED_EDGE('',*,*,#226,.T.);
#413 = ORIENTED_EDGE('',*,*,#414,.F.);
#414 = EDGE_CURVE('',#415,#199,#417,.T.);
#415 = VERTEX_POINT('',#416);
#416 = CARTESIAN_POINT('',(-7.505553499465,9.191652068949E-16,9.));
#417 = SURFACE_CURVE('',#418,(#422,#429),.PCURVE_S1.);
#418 = LINE('',#419,#420);
#419 = CARTESIAN_POINT('',(-7.505553499465,9.191652068949E-16,9.));
#420 = VECTOR('',#421,1.);
#421 = DIRECTION('',(0.,0.,1.));
#422 = PCURVE('',#242,#423);
#423 = DEFINITIONAL_REPRESENTATION('',(#424),#428);
#424 = LINE('',#425,#426);
#425 = CARTESIAN_POINT('',(7.505553499465,0.));
#426 = VECTOR('',#427,1.);
#427 = DIRECTION('',(0.,-1.));
#428 = ( GEOMETRIC_REPRESENTATION_CONTEXT(2) 
PARAMETRIC_REPRESENTATION_CONTEXT() REPRESENTATION_CONTEXT('2D SPACE',''
  ) );
#429 = PCURVE('',#214,#430);
#430 = DEFINITIONAL_REPRESENTATION('',(#431),#435);
#431 = LINE('',#432,#433);
#432 = CARTESIAN_POINT('',(0.,0.));
#433 = VECTOR('',#434,1.);
#434 = DIRECTION('',(0.,-1.));
#435 = ( GEOMETRIC_REPRESENTATION_CONTEXT(2) 
PARAMETRIC_REPRESENTATION_CONTEXT() REPRESENTATION_CONTEXT('2D SPACE',''
  ) );
#436 = ORIENTED_EDGE('',*,*,#437,.F.);
#437 = EDGE_CURVE('',#366,#415,#438,.T.);
#438 = SURFACE_CURVE('',#439,(#443,#450),.PCURVE_S1.);
#439 = LINE('',#440,#441);
#440 = CARTESIAN_POINT('',(-3.752776749733,6.5,9.));
#441 = VECTOR('',#442,1.);
#442 = DIRECTION('',(-0.5,-0.866025403784,0.));
#443 = PCURVE('',#242,#444);
#444 = DEFINITIONAL_REPRESENTATION('',(#445),#449);
#445 = LINE('',#446,#447);
#446 = CARTESIAN_POINT('',(0.,0.));
#447 = VECTOR('',#448,1.);
#448 = DIRECTION('',(1.,0.));
#449 = ( GEOMETRIC_REPRESENTATION_CONTEXT(2) 
PARAMETRIC_REPRESENTATION_CONTEXT() REPRESENTATION_CONTEXT('2D SPACE',''
  ) );
#450 = PCURVE('',#348,#451);
#451 = DEFINITIONAL_REPRESENTATION('',(#452),#456);
#452 = LINE('',#453,#454);
#453 = CARTESIAN_POINT('',(-3.752776749733,6.5));
#454 = VECTOR('',#455,1.);
#455 = DIRECTION('',(-0.5,-0.866025403784));
#456 = ( GEOMETRIC_REPRESENTATION_CONTEXT(2) 
PARAMETRIC_REPRESENTATION_CONTEXT() REPRESENTATION_CONTEXT('2D SPACE',''
  ) );
#457 = ADVANCED_FACE('',(#458),#214,.F.);
#458 = FACE_BOUND('',#459,.F.);
#459 = EDGE_LOOP('',(#460,#461,#462,#485));
#460 = ORIENTED_EDGE('',*,*,#414,.T.);
#461 = ORIENTED_EDGE('',*,*,#198,.T.);
#462 = ORIENTED_EDGE('',*,*,#463,.F.);
#463 = EDGE_CURVE('',#464,#171,#466,.T.);
#464 = VERTEX_POINT('',#465);
#465 = CARTESIAN_POINT('',(-3.752776749733,-6.5,9.));
#466 = SURFACE_CURVE('',#467,(#471,#478),.PCURVE_S1.);
#467 = LINE('',#468,#469);
#468 = CARTESIAN_POINT('',(-3.752776749733,-6.5,9.));
#469 = VECTOR('',#470,1.);
#470 = DIRECTION('',(0.,0.,1.));
#471 = PCURVE('',#214,#472);
#472 = DEFINITIONAL_REPRESENTATION('',(#473),#477);
#473 = LINE('',#474,#475);
#474 = CARTESIAN_POINT('',(7.505553499465,0.));
#475 = VECTOR('',#476,1.);
#476 = DIRECTION('',(0.,-1.));
#477 = ( GEOMETRIC_REPRESENTATION_CONTEXT(2) 
PARAMETRIC_REPRESENTATION_CONTEXT() REPRESENTATION_CONTEXT('2D SPACE',''
  ) );
#478 = PCURVE('',#186,#479);
#479 = DEFINITIONAL_REPRESENTATION('',(#480),#484);
#480 = LINE('',#481,#482);
#481 = CARTESIAN_POINT('',(0.,0.));
#482 = VECTOR('',#483,1.);
#483 = DIRECTION('',(0.,-1.));
#484 = ( GEOMETRIC_REPRESENTATION_CONTEXT(2) 
PARAMETRIC_REPRESENTATION_CONTEXT() REPRESENTATION_CONTEXT('2D SPACE',''
  ) );
#485 = ORIENTED_EDGE('',*,*,#486,.F.);
#486 = EDGE_CURVE('',#415,#464,#487,.T.);
#487 = SURFACE_CURVE('',#488,(#492,#499),.PCURVE_S1.);
#488 = LINE('',#489,#490);
#489 = CARTESIAN_POINT('',(-7.505553499465,9.191652068949E-16,9.));
#490 = VECTOR('',#491,1.);
#491 = DIRECTION('',(0.5,-0.866025403784,0.));
#492 = PCURVE('',#214,#493);
#493 = DEFINITIONAL_REPRESENTATION('',(#494),#498);
#494 = LINE('',#495,#496);
#495 = CARTESIAN_POINT('',(0.,0.));
#496 = VECTOR('',#497,1.);
#497 = DIRECTION('',(1.,0.));
#498 = ( GEOMETRIC_REPRESENTATION_CONTEXT(2) 
PARAMETRIC_REPRESENTATION_CONTEXT() REPRESENTATION_CONTEXT('2D SPACE',''
  ) );
#499 = PCURVE('',#348,#500);
#500 = DEFINITIONAL_REPRESENTATION('',(#501),#505);
#501 = LINE('',#502,#503);
#502 = CARTESIAN_POINT('',(-7.505553499465,1.313619091281E-15));
#503 = VECTOR('',#504,1.);
#504 = DIRECTION('',(0.5,-0.866025403784));
#505 = ( GEOMETRIC_REPRESENTATION_CONTEXT(2) 
PARAMETRIC_REPRESENTATION_CONTEXT() REPRESENTATION_CONTEXT('2D SPACE',''
  ) );
#506 = ADVANCED_FACE('',(#507),#186,.F.);
#507 = FACE_BOUND('',#508,.F.);
#508 = EDGE_LOOP('',(#509,#510,#511,#534));
#509 = ORIENTED_EDGE('',*,*,#463,.T.);
#510 = ORIENTED_EDGE('',*,*,#170,.T.);
#511 = ORIENTED_EDGE('',*,*,#512,.F.);
#512 = EDGE_CURVE('',#513,#143,#515,.T.);
#513 = VERTEX_POINT('',#514);
#514 = CARTESIAN_POINT('',(3.752776749733,-6.5,9.));
#515 = SURFACE_CURVE('',#516,(#520,#527),.PCURVE_S1.);
#516 = LINE('',#517,#518);
#517 = CARTESIAN_POINT('',(3.752776749733,-6.5,9.));
#518 = VECTOR('',#519,1.);
#519 = DIRECTION('',(0.,0.,1.));
#520 = PCURVE('',#186,#521);
#521 = DEFINITIONAL_REPRESENTATION('',(#522),#526);
#522 = LINE('',#523,#524);
#523 = CARTESIAN_POINT('',(7.505553499465,0.));
#524 = VECTOR('',#525,1.);
#525 = DIRECTION('',(0.,-1.));
#526 = ( GEOMETRIC_REPRESENTATION_CONTEXT(2) 
PARAMETRIC_REPRESENTATION_CONTEXT() REPRESENTATION_CONTEXT('2D SPACE',''
  ) );
#527 = PCURVE('',#158,#528);
#528 = DEFINITIONAL_REPRESENTATION('',(#529),#533);
#529 = LINE('',#530,#531);
#530 = CARTESIAN_POINT('',(0.,0.));
#531 = VECTOR('',#532,1.);
#532 = DIRECTION('',(0.,-1.));
#533 = ( GEOMETRIC_REPRESENTATION_CONTEXT(2) 
PARAMETRIC_REPRESENTATION_CONTEXT() REPRESENTATION_CONTEXT('2D SPACE',''
  ) );
#534 = ORIENTED_EDGE('',*,*,#535,.F.);
#535 = EDGE_CURVE('',#464,#513,#536,.T.);
#536 = SURFACE_CURVE('',#537,(#541,#548),.PCURVE_S1.);
#537 = LINE('',#538,#539);
#538 = CARTESIAN_POINT('',(-3.752776749733,-6.5,9.));
#539 = VECTOR('',#540,1.);
#540 = DIRECTION('',(1.,-4.733446612636E-16,0.));
#541 = PCURVE('',#186,#542);
#542 = DEFINITIONAL_REPRESENTATION('',(#543),#547);
#543 = LINE('',#544,#545);
#544 = CARTESIAN_POINT('',(0.,0.));
#545 = VECTOR('',#546,1.);
#546 = DIRECTION('',(1.,0.));
#547 = ( GEOMETRIC_REPRESENTATION_CONTEXT(2) 
PARAMETRIC_REPRESENTATION_CONTEXT() REPRESENTATION_CONTEXT('2D SPACE',''
  ) );
#548 = PCURVE('',#348,#549);
#549 = DEFINITIONAL_REPRESENTATION('',(#550),#554);
#550 = LINE('',#551,#552);
#551 = CARTESIAN_POINT('',(-3.752776749733,-6.5));
#552 = VECTOR('',#553,1.);
#553 = DIRECTION('',(1.,-4.733446612636E-16));
#554 = ( GEOMETRIC_REPRESENTATION_CONTEXT(2) 
PARAMETRIC_REPRESENTATION_CONTEXT() REPRESENTATION_CONTEXT('2D SPACE',''
  ) );
#555 = ADVANCED_FACE('',(#556),#158,.F.);
#556 = FACE_BOUND('',#557,.F.);
#557 = EDGE_LOOP('',(#558,#559,#560,#561));
#558 = ORIENTED_EDGE('',*,*,#512,.T.);
#559 = ORIENTED_EDGE('',*,*,#142,.T.);
#560 = ORIENTED_EDGE('',*,*,#287,.F.);
#561 = ORIENTED_EDGE('',*,*,#562,.F.);
#562 = EDGE_CURVE('',#513,#288,#563,.T.);
#563 = SURFACE_CURVE('',#564,(#568,#575),.PCURVE_S1.);
#564 = LINE('',#565,#566);
#565 = CARTESIAN_POINT('',(3.752776749733,-6.5,9.));
#566 = VECTOR('',#567,1.);
#567 = DIRECTION('',(0.5,0.866025403784,0.));
#568 = PCURVE('',#158,#569);
#569 = DEFINITIONAL_REPRESENTATION('',(#570),#574);
#570 = LINE('',#571,#572);
#571 = CARTESIAN_POINT('',(0.,0.));
#572 = VECTOR('',#573,1.);
#573 = DIRECTION('',(1.,0.));
#574 = ( GEOMETRIC_REPRESENTATION_CONTEXT(2) 
PARAMETRIC_REPRESENTATION_CONTEXT() REPRESENTATION_CONTEXT('2D SPACE',''
  ) );
#575 = PCURVE('',#348,#576);
#576 = DEFINITIONAL_REPRESENTATION('',(#577),#581);
#577 = LINE('',#578,#579);
#578 = CARTESIAN_POINT('',(3.752776749733,-6.5));
#579 = VECTOR('',#580,1.);
#580 = DIRECTION('',(0.5,0.866025403784));
#581 = ( GEOMETRIC_REPRESENTATION_CONTEXT(2) 
PARAMETRIC_REPRESENTATION_CONTEXT() REPRESENTATION_CONTEXT('2D SPACE',''
  ) );
#582 = ADVANCED_FACE('',(#583,#591),#348,.F.);
#583 = FACE_BOUND('',#584,.F.);
#584 = EDGE_LOOP('',(#585,#586,#587,#588,#589,#590));
#585 = ORIENTED_EDGE('',*,*,#334,.T.);
#586 = ORIENTED_EDGE('',*,*,#388,.T.);
#587 = ORIENTED_EDGE('',*,*,#437,.T.);
#588 = ORIENTED_EDGE('',*,*,#486,.T.);
#589 = ORIENTED_EDGE('',*,*,#535,.T.);
#590 = ORIENTED_EDGE('',*,*,#562,.T.);
#591 = FACE_BOUND('',#592,.F.);
#592 = EDGE_LOOP('',(#593,#900,#929));
#593 = ORIENTED_EDGE('',*,*,#594,.F.);
#594 = EDGE_CURVE('',#595,#597,#599,.T.);
#595 = VERTEX_POINT('',#596);
#596 = CARTESIAN_POINT('',(-1.626737850624,-1.844018699837,9.));
#597 = VERTEX_POINT('',#598);
#598 = CARTESIAN_POINT('',(3.,-2.298226957093E-08,9.000000355087));
#599 = SURFACE_CURVE('',#600,(#643,#689),.PCURVE_S1.);
#600 = B_SPLINE_CURVE_WITH_KNOTS('',6,(#601,#602,#603,#604,#605,#606,
    #607,#608,#609,#610,#611,#612,#613,#614,#615,#616,#617,#618,#619,
    #620,#621,#622,#623,#624,#625,#626,#627,#628,#629,#630,#631,#632,
    #633,#634,#635,#636,#637,#638,#639,#640,#641,#642),.UNSPECIFIED.,.F.
  ,.F.,(7,5,5,5,5,5,5,5,7),(0.,9.826793482809E-02,0.202199487447,
    0.313015933037,0.432059908562,0.559788317574,0.695630492262,
    0.844334940386,1.),.UNSPECIFIED.);
#601 = CARTESIAN_POINT('',(-2.258997148977,-5.696447749145E-07,9.));
#602 = CARTESIAN_POINT('',(-2.272783743682,-0.132024177461,9.));
#603 = CARTESIAN_POINT('',(-2.277229081859,-0.265197056605,9.));
#604 = CARTESIAN_POINT('',(-2.272287556698,-0.398673113485,9.));
#605 = CARTESIAN_POINT('',(-2.258013894268,-0.531628845789,9.));
#606 = CARTESIAN_POINT('',(-2.234555975657,-0.663266367598,9.));
#607 = CARTESIAN_POINT('',(-2.167871507248,-0.929833047457,9.));
#608 = CARTESIAN_POINT('',(-2.123581443574,-1.064522747675,9.));
#609 = CARTESIAN_POINT('',(-2.069555197315,-1.195976850058,9.));
#610 = CARTESIAN_POINT('',(-2.00616987885,-1.323350890066,9.));
#611 = CARTESIAN_POINT('',(-1.93389291776,-1.44586498183,9.));
#612 = CARTESIAN_POINT('',(-1.767312458505,-1.687489948339,9.));
#613 = CARTESIAN_POINT('',(-1.671861154321,-1.805846079185,9.));
#614 = CARTESIAN_POINT('',(-1.567584924251,-1.917007926734,9.));
#615 = CARTESIAN_POINT('',(-1.455232868087,-2.020223861064,9.));
#616 = CARTESIAN_POINT('',(-1.335626988282,-2.114851774411,9.));
#617 = CARTESIAN_POINT('',(-1.074323685605,-2.292207610175,9.));
#618 = CARTESIAN_POINT('',(-0.931634675856,-2.373538316689,9.));
#619 = CARTESIAN_POINT('',(-0.782680682378,-2.44368246389,9.));
#620 = CARTESIAN_POINT('',(-0.62860496546,-2.502149850166,9.));
#621 = CARTESIAN_POINT('',(-0.47057871773,-2.548595292527,9.));
#622 = CARTESIAN_POINT('',(-0.137296246876,-2.619563247854,9.));
#623 = CARTESIAN_POINT('',(3.839317247878E-02,-2.642242904791,9.));
#624 = CARTESIAN_POINT('',(0.215787161395,-2.650632254842,9.));
#625 = CARTESIAN_POINT('',(0.393434451462,-2.644713765563,9.));
#626 = CARTESIAN_POINT('',(0.569919566771,-2.624644204839,9.));
#627 = CARTESIAN_POINT('',(0.928864958175,-2.554745419777,9.));
#628 = CARTESIAN_POINT('',(1.111014022953,-2.503102525598,9.));
#629 = CARTESIAN_POINT('',(1.288662281796,-2.436252442712,9.));
#630 = CARTESIAN_POINT('',(1.460289527685,-2.354830110736,9.));
#631 = CARTESIAN_POINT('',(1.624493815731,-2.259639771435,9.));
#632 = CARTESIAN_POINT('',(1.950239655405,-2.03348080949,9.));
#633 = CARTESIAN_POINT('',(2.110080720432,-1.899961323442,9.));
#634 = CARTESIAN_POINT('',(2.257857734378,-1.752403187475,9.));
#635 = CARTESIAN_POINT('',(2.392180532643,-1.592295522564,9.));
#636 = CARTESIAN_POINT('',(2.511886882313,-1.421262871404,9.));
#637 = CARTESIAN_POINT('',(2.725137231487,-1.052470239838,9.));
#638 = CARTESIAN_POINT('',(2.81721270287,-0.85380203598,9.));
#639 = CARTESIAN_POINT('',(2.891255216833,-0.64711000004,9.));
#640 = CARTESIAN_POINT('',(2.946595089005,-0.434491602976,9.));
#641 = CARTESIAN_POINT('',(2.982854326425,-0.21807106858,9.));
#642 = CARTESIAN_POINT('',(2.999999999992,-6.716066397691E-06,9.));
#643 = PCURVE('',#348,#644);
#644 = DEFINITIONAL_REPRESENTATION('',(#645),#688);
#645 = B_SPLINE_CURVE_WITH_KNOTS('',6,(#646,#647,#648,#649,#650,#651,
    #652,#653,#654,#655,#656,#657,#658,#659,#660,#661,#662,#663,#664,
    #665,#666,#667,#668,#669,#670,#671,#672,#673,#674,#675,#676,#677,
    #678,#679,#680,#681,#682,#683,#684,#685,#686,#687),.UNSPECIFIED.,.F.
  ,.F.,(7,5,5,5,5,5,5,5,7),(0.,9.826793482809E-02,0.202199487447,
    0.313015933037,0.432059908562,0.559788317574,0.695630492262,
    0.844334940386,1.),.UNSPECIFIED.);
#646 = CARTESIAN_POINT('',(-2.258997148977,-5.6964477452E-07));
#647 = CARTESIAN_POINT('',(-2.272783743682,-0.132024177461));
#648 = CARTESIAN_POINT('',(-2.277229081859,-0.265197056605));
#649 = CARTESIAN_POINT('',(-2.272287556698,-0.398673113485));
#650 = CARTESIAN_POINT('',(-2.258013894268,-0.531628845789));
#651 = CARTESIAN_POINT('',(-2.234555975657,-0.663266367598));
#652 = CARTESIAN_POINT('',(-2.167871507248,-0.929833047457));
#653 = CARTESIAN_POINT('',(-2.123581443574,-1.064522747675));
#654 = CARTESIAN_POINT('',(-2.069555197315,-1.195976850058));
#655 = CARTESIAN_POINT('',(-2.00616987885,-1.323350890066));
#656 = CARTESIAN_POINT('',(-1.93389291776,-1.44586498183));
#657 = CARTESIAN_POINT('',(-1.767312458505,-1.687489948339));
#658 = CARTESIAN_POINT('',(-1.671861154321,-1.805846079185));
#659 = CARTESIAN_POINT('',(-1.567584924251,-1.917007926734));
#660 = CARTESIAN_POINT('',(-1.455232868087,-2.020223861064));
#661 = CARTESIAN_POINT('',(-1.335626988282,-2.114851774411));
#662 = CARTESIAN_POINT('',(-1.074323685605,-2.292207610175));
#663 = CARTESIAN_POINT('',(-0.931634675856,-2.373538316689));
#664 = CARTESIAN_POINT('',(-0.782680682378,-2.44368246389));
#665 = CARTESIAN_POINT('',(-0.62860496546,-2.502149850166));
#666 = CARTESIAN_POINT('',(-0.47057871773,-2.548595292527));
#667 = CARTESIAN_POINT('',(-0.137296246876,-2.619563247854));
#668 = CARTESIAN_POINT('',(3.839317247878E-02,-2.642242904791));
#669 = CARTESIAN_POINT('',(0.215787161395,-2.650632254842));
#670 = CARTESIAN_POINT('',(0.393434451462,-2.644713765563));
#671 = CARTESIAN_POINT('',(0.569919566771,-2.624644204839));
#672 = CARTESIAN_POINT('',(0.928864958175,-2.554745419777));
#673 = CARTESIAN_POINT('',(1.111014022953,-2.503102525598));
#674 = CARTESIAN_POINT('',(1.288662281796,-2.436252442712));
#675 = CARTESIAN_POINT('',(1.460289527685,-2.354830110736));
#676 = CARTESIAN_POINT('',(1.624493815731,-2.259639771435));
#677 = CARTESIAN_POINT('',(1.950239655405,-2.03348080949));
#678 = CARTESIAN_POINT('',(2.110080720432,-1.899961323442));
#679 = CARTESIAN_POINT('',(2.257857734378,-1.752403187475));
#680 = CARTESIAN_POINT('',(2.392180532643,-1.592295522564));
#681 = CARTESIAN_POINT('',(2.511886882313,-1.421262871404));
#682 = CARTESIAN_POINT('',(2.725137231487,-1.052470239838));
#683 = CARTESIAN_POINT('',(2.81721270287,-0.85380203598));
#684 = CARTESIAN_POINT('',(2.891255216833,-0.64711000004));
#685 = CARTESIAN_POINT('',(2.946595089005,-0.434491602976));
#686 = CARTESIAN_POINT('',(2.982854326425,-0.21807106858));
#687 = CARTESIAN_POINT('',(2.999999999992,-6.716066397297E-06));
#688 = ( GEOMETRIC_REPRESENTATION_CONTEXT(2) 
PARAMETRIC_REPRESENTATION_CONTEXT() REPRESENTATION_CONTEXT('2D SPACE',''
  ) );
#689 = PCURVE('',#690,#855);
#690 = B_SPLINE_SURFACE_WITH_KNOTS('',1,11,(
    (#691,#692,#693,#694,#695,#696,#697,#698,#699,#700,#701,#702,#703
      ,#704,#705,#706,#707,#708,#709,#710,#711,#712,#713,#714,#715,#716
      ,#717,#718,#719,#720,#721,#722,#723,#724,#725,#726,#727,#728,#729
      ,#730,#731,#732,#733,#734,#735,#736,#737,#738,#739,#740,#741,#742
      ,#743,#744,#745,#746,#747,#748,#749,#750,#751,#752,#753,#754,#755
      ,#756,#757,#758,#759,#760,#761,#762,#763,#764,#765,#766,#767,#768
      ,#769,#770,#771,#772)
    ,(#773,#774,#775,#776,#777,#778,#779,#780,#781,#782,#783,#784,#785
      ,#786,#787,#788,#789,#790,#791,#792,#793,#794,#795,#796,#797,#798
      ,#799,#800,#801,#802,#803,#804,#805,#806,#807,#808,#809,#810,#811
      ,#812,#813,#814,#815,#816,#817,#818,#819,#820,#821,#822,#823,#824
      ,#825,#826,#827,#828,#829,#830,#831,#832,#833,#834,#835,#836,#837
      ,#838,#839,#840,#841,#842,#843,#844,#845,#846,#847,#848,#849,#850
      ,#851,#852,#853,#854
    )),.UNSPECIFIED.,.F.,.F.,.F.,(2,2),(12,10,10,10,10,10,10,10,12),(0.,
    0.893913306759),(0.,7.157548273013,14.315096546026,21.47264481904,
    28.630193092053,35.787741365066,42.945289638079,50.102837911093,
    57.260386184106),.UNSPECIFIED.);
#691 = CARTESIAN_POINT('',(3.,-1.998401444325E-15,2.22044604925E-16));
#692 = CARTESIAN_POINT('',(2.999999999089,1.927802653744,0.102275401456)
  );
#693 = CARTESIAN_POINT('',(1.638219055601,3.855736046103,0.204534775851)
  );
#694 = CARTESIAN_POINT('',(-1.094082506115,4.712305552911,0.306846846742
    ));
#695 = CARTESIAN_POINT('',(-4.209046435048,3.431769230896,0.409039241189
    ));
#696 = CARTESIAN_POINT('',(-5.950414223604,-0.106468541384,
    0.511432930584));
#697 = CARTESIAN_POINT('',(-4.282862853362,-4.132293576391,
    0.613567611498));
#698 = CARTESIAN_POINT('',(-0.549618077769,-5.402872561422,
    0.715960631534));
#699 = CARTESIAN_POINT('',(2.558470067507,-4.10573640549,0.818154100343)
  );
#700 = CARTESIAN_POINT('',(3.884812862021,-1.568021314993,0.920465061281
    ));
#701 = CARTESIAN_POINT('',(3.484482698465,0.758157975187,1.022725301269)
  );
#702 = CARTESIAN_POINT('',(0.758158001102,3.484482692141,1.227275048476)
  );
#703 = CARTESIAN_POINT('',(-1.568021281018,3.884812875576,1.329535348022
    ));
#704 = CARTESIAN_POINT('',(-4.105736397876,2.55847009538,1.431846084111)
  );
#705 = CARTESIAN_POINT('',(-5.402872541116,-0.549618029721,
    1.534040086233));
#706 = CARTESIAN_POINT('',(-4.132293648538,-4.282862831853,
    1.636432150572));
#707 = CARTESIAN_POINT('',(-0.106468535585,-5.950414209929,
    1.738568207334));
#708 = CARTESIAN_POINT('',(3.431769143053,-4.209046474992,1.840960261593
    ));
#709 = CARTESIAN_POINT('',(4.712305594672,-1.094082530048,1.943154279894
    ));
#710 = CARTESIAN_POINT('',(3.855736021046,1.638219017008,2.045464999268)
  );
#711 = CARTESIAN_POINT('',(1.927802699922,2.999999989879,2.147725311849)
  );
#712 = CARTESIAN_POINT('',(-1.927802676939,3.00000000463,2.35227504316)
  );
#713 = CARTESIAN_POINT('',(-3.855736008509,1.638219046623,2.454535356641
    ));
#714 = CARTESIAN_POINT('',(-4.712305603012,-1.094082494157,
    2.556846072619));
#715 = CARTESIAN_POINT('',(-3.431769175387,-4.209046448286,
    2.659040098971));
#716 = CARTESIAN_POINT('',(0.106468490148,-5.950414211397,2.761432138811
    ));
#717 = CARTESIAN_POINT('',(4.132293615532,-4.282862862677,2.863568216321
    ));
#718 = CARTESIAN_POINT('',(5.402872537116,-0.54961807199,2.96596025601)
  );
#719 = CARTESIAN_POINT('',(4.10573641729,2.558470064704,3.068154282606)
  );
#720 = CARTESIAN_POINT('',(1.568021310916,3.884812862989,3.17046499833)
  );
#721 = CARTESIAN_POINT('',(-0.758157974492,3.4844826983,3.272725312009)
  );
#722 = CARTESIAN_POINT('',(-3.48448269249,0.758158001184,3.47727504308)
  );
#723 = CARTESIAN_POINT('',(-3.884812875009,-1.56802128115,3.579535356771
    ));
#724 = CARTESIAN_POINT('',(-2.558470096135,-4.105736397705,
    3.681846072447));
#725 = CARTESIAN_POINT('',(0.549618030559,-5.402872541297,3.78404009916)
  );
#726 = CARTESIAN_POINT('',(4.282862831077,-4.132293648382,3.886432138636
    ));
#727 = CARTESIAN_POINT('',(5.950414210523,-0.106468535694,3.988568216457
    ));
#728 = CARTESIAN_POINT('',(4.209046474623,3.431769143115,4.090960255923)
  );
#729 = CARTESIAN_POINT('',(1.094082530228,4.712305594643,4.193154282649)
  );
#730 = CARTESIAN_POINT('',(-1.63821901707,3.855736021056,4.295464998315)
  );
#731 = CARTESIAN_POINT('',(-2.999999989868,1.927802699921,4.397725312011
    ));
#732 = CARTESIAN_POINT('',(-3.000000004636,-1.927802676939,4.60227504308
    ));
#733 = CARTESIAN_POINT('',(-1.638219046609,-3.855736008506,
    4.704535356768));
#734 = CARTESIAN_POINT('',(1.094082494128,-4.712305603021,4.806846072455
    ));
#735 = CARTESIAN_POINT('',(4.209046448335,-3.431769175373,4.909040099147
    ));
#736 = CARTESIAN_POINT('',(5.950414211333,0.106468490136,5.011432138654)
  );
#737 = CARTESIAN_POINT('',(4.282862862743,4.132293615538,5.113568216437)
  );
#738 = CARTESIAN_POINT('',(0.549618071939,5.402872537117,5.215960255942)
  );
#739 = CARTESIAN_POINT('',(-2.558470064676,4.105736417286,5.318154282635
    ));
#740 = CARTESIAN_POINT('',(-3.884812863,1.568021310919,5.420464998323));
#741 = CARTESIAN_POINT('',(-3.484482698298,-0.758157974492,
    5.522725312008));
#742 = CARTESIAN_POINT('',(-0.758158001185,-3.48448269249,5.727275043084
    ));
#743 = CARTESIAN_POINT('',(1.568021281153,-3.884812875009,5.829535356746
    ));
#744 = CARTESIAN_POINT('',(4.1057363977,-2.558470096136,5.931846072513)
  );
#745 = CARTESIAN_POINT('',(5.402872541305,0.549618030563,6.034040099036)
  );
#746 = CARTESIAN_POINT('',(4.13229364837,4.282862831069,6.136432138824)
  );
#747 = CARTESIAN_POINT('',(0.106468535707,5.950414210537,6.238568216222)
  );
#748 = CARTESIAN_POINT('',(-3.431769143126,4.209046474607,6.340960256168
    ));
#749 = CARTESIAN_POINT('',(-4.712305594637,1.094082530242,6.443154282437
    ));
#750 = CARTESIAN_POINT('',(-3.855736021057,-1.638219017081,
    6.545464998466));
#751 = CARTESIAN_POINT('',(-1.927802699921,-2.999999989862,
    6.647725311924));
#752 = CARTESIAN_POINT('',(1.92780267694,-3.000000004647,6.852275043246)
  );
#753 = CARTESIAN_POINT('',(3.855736008494,-1.638219046549,6.954535355809
    ));
#754 = CARTESIAN_POINT('',(4.712305603058,1.094082493957,7.056846075216)
  );
#755 = CARTESIAN_POINT('',(3.431769175291,4.209046448685,7.159040093475)
  );
#756 = CARTESIAN_POINT('',(-0.106468489998,5.950414210767,7.261432147777
    ));
#757 = CARTESIAN_POINT('',(-4.132293615723,4.282862863489,7.3635682045)
  );
#758 = CARTESIAN_POINT('',(-5.402872536914,0.549618071123,7.465960268871
    ));
#759 = CARTESIAN_POINT('',(-4.105736417469,-2.558470063932,
    7.568154270969));
#760 = CARTESIAN_POINT('',(-1.568021310783,-3.884812863562,
    7.670465007072));
#761 = CARTESIAN_POINT('',(0.758157974409,-3.484482697949,7.772725306614
    ));
#762 = CARTESIAN_POINT('',(3.484482692656,-0.75815800188,7.97727505382)
  );
#763 = CARTESIAN_POINT('',(3.884812874038,1.568021285228,8.079535293816)
  );
#764 = CARTESIAN_POINT('',(2.558470098948,4.105736385902,8.181846254728)
  );
#765 = CARTESIAN_POINT('',(-0.549618036353,5.402872565612,8.284039723588
    ));
#766 = CARTESIAN_POINT('',(-4.282862821743,4.132293609224,8.38643274355)
  );
#767 = CARTESIAN_POINT('',(-5.950414222749,0.106468586953,8.48856742455)
  );
#768 = CARTESIAN_POINT('',(-4.209046461368,-3.431769198645,
    8.590961113862));
#769 = CARTESIAN_POINT('',(-1.0940825422,-4.71230554453,8.693153508376)
  );
#770 = CARTESIAN_POINT('',(1.638219026058,-3.855736058653,8.795465579221
    ));
#771 = CARTESIAN_POINT('',(2.999999984321,-1.927802676726,8.897724953643
    ));
#772 = CARTESIAN_POINT('',(3.,-2.298226957093E-08,9.000000355087));
#773 = CARTESIAN_POINT('',(2.259,-2.331468351713E-15,0.5));
#774 = CARTESIAN_POINT('',(2.258997524221,1.451627263181,0.602271738665)
  );
#775 = CARTESIAN_POINT('',(1.233583753616,2.903415199313,0.704549402308)
  );
#776 = CARTESIAN_POINT('',(-0.8238426987,3.548228043219,0.8068075848));
#777 = CARTESIAN_POINT('',(-3.169438298271,2.584389982268,0.909110009991
    ));
#778 = CARTESIAN_POINT('',(-4.480597684749,-8.053864323363E-02,
    1.011338019255));
#779 = CARTESIAN_POINT('',(-3.225085021006,-3.111250398438,
    1.113661780352));
#780 = CARTESIAN_POINT('',(-0.413778065345,-4.06862643093,1.215890037047
    ));
#781 = CARTESIAN_POINT('',(1.926474248379,-3.091487015937,1.318192065088
    ));
#782 = CARTESIAN_POINT('',(2.925285285073,-1.180762603813,1.420450657897
    ));
#783 = CARTESIAN_POINT('',(2.623810975169,0.570900046154,1.522728001549)
  );
#784 = CARTESIAN_POINT('',(0.570897225466,2.623808171445,1.727271869156)
  );
#785 = CARTESIAN_POINT('',(-1.18074952603,2.925299653791,1.829549190787)
  );
#786 = CARTESIAN_POINT('',(-3.091520353166,1.926431830957,1.931807866727
    ));
#787 = CARTESIAN_POINT('',(-4.068571567014,-0.413692162642,2.0341096976)
  );
#788 = CARTESIAN_POINT('',(-3.111311057838,-3.22520993723,2.136338307602
    ));
#789 = CARTESIAN_POINT('',(-8.049363691436E-02,-4.480466117419,
    2.238661560091));
#790 = CARTESIAN_POINT('',(2.584368313956,-3.169538382844,2.340890173803
    ));
#791 = CARTESIAN_POINT('',(3.548234316176,-0.823788540949,2.443191998714
    ));
#792 = CARTESIAN_POINT('',(2.90341434809,1.233563856826,2.545450680821)
  );
#793 = CARTESIAN_POINT('',(1.451627231916,2.25900182046,2.647727997637)
  );
#794 = CARTESIAN_POINT('',(-1.451627247476,2.25899785339,2.852271871122)
  );
#795 = CARTESIAN_POINT('',(-2.90341522477,1.233583220041,2.954549187597)
  );
#796 = CARTESIAN_POINT('',(-3.548228009287,-0.823841987511,
    3.056807870985));
#797 = CARTESIAN_POINT('',(-2.584390019865,-3.169439086315,
    3.159109692873));
#798 = CARTESIAN_POINT('',(8.053867793153E-02,-4.48059695735,
    3.261338311974));
#799 = CARTESIAN_POINT('',(3.111250371941,-3.225085576656,3.363661556743
    ));
#800 = CARTESIAN_POINT('',(4.068626447374,-0.41377772035,3.465890175886)
  );
#801 = CARTESIAN_POINT('',(3.091487007959,1.926474080934,3.568191997701)
  );
#802 = CARTESIAN_POINT('',(1.180762606567,2.925285342907,3.670450681172)
  );
#803 = CARTESIAN_POINT('',(-0.570900046624,2.623810965302,3.772727997577
    ));
#804 = CARTESIAN_POINT('',(-2.62380817121,0.570897230423,3.977271871152)
  );
#805 = CARTESIAN_POINT('',(-2.92529965417,-1.18074953407,4.079549187546)
  );
#806 = CARTESIAN_POINT('',(-1.926431830456,-3.091520342447,
    4.181807871056));
#807 = CARTESIAN_POINT('',(0.413692162096,-4.068571578888,4.28410969279)
  );
#808 = CARTESIAN_POINT('',(3.22520993772,-3.111311046892,4.386338312055)
  );
#809 = CARTESIAN_POINT('',(4.480466117059,-8.049364526001E-02,
    4.488661556678));
#810 = CARTESIAN_POINT('',(3.169538383055,2.584368319127,4.590890175928)
  );
#811 = CARTESIAN_POINT('',(0.823788540853,3.54823431367,4.69319199768));
#812 = CARTESIAN_POINT('',(-1.233563856794,2.903414348956,4.795450681179
    ));
#813 = CARTESIAN_POINT('',(-2.259001820466,1.451627231768,4.897727997577
    ));
#814 = CARTESIAN_POINT('',(-2.258997853386,-1.451627247402,
    5.102271871151));
#815 = CARTESIAN_POINT('',(-1.23358322005,-2.90341522489,5.204549187555)
  );
#816 = CARTESIAN_POINT('',(0.823841987524,-3.548228009126,5.306807871033
    ));
#817 = CARTESIAN_POINT('',(3.169439086301,-2.584390020047,5.409109692833
    ));
#818 = CARTESIAN_POINT('',(4.48059695736,8.053867810911E-02,
    5.511338311998));
#819 = CARTESIAN_POINT('',(3.225085576652,3.111250371792,5.613661556736)
  );
#820 = CARTESIAN_POINT('',(0.413777720351,4.068626447477,5.715890175884)
  );
#821 = CARTESIAN_POINT('',(-1.926474080934,3.091487007904,5.818191997706
    ));
#822 = CARTESIAN_POINT('',(-2.925285342906,1.180762606588,5.920450681168
    ));
#823 = CARTESIAN_POINT('',(-2.623810965303,-0.570900046628,
    6.022727997579));
#824 = CARTESIAN_POINT('',(-0.570897230422,-2.623808171206,
    6.227271871149));
#825 = CARTESIAN_POINT('',(1.180749534066,-2.92529965418,6.329549187565)
  );
#826 = CARTESIAN_POINT('',(3.091520342444,-1.926431830434,6.431807871005
    ));
#827 = CARTESIAN_POINT('',(4.068571578925,0.413692162052,6.534109692887)
  );
#828 = CARTESIAN_POINT('',(3.111311046788,3.225209937794,6.636338311914)
  );
#829 = CARTESIAN_POINT('',(8.049364543446E-02,4.480466116965,
    6.738661556839));
#830 = CARTESIAN_POINT('',(-2.584368319333,3.169538383144,6.84089017578)
  );
#831 = CARTESIAN_POINT('',(-3.548234313486,0.823788540791,6.943191997791
    ));
#832 = CARTESIAN_POINT('',(-2.903414349085,-1.233563856765,7.04545068111
    ));
#833 = CARTESIAN_POINT('',(-1.451627231692,-2.259001820473,
    7.147727997611));
#834 = CARTESIAN_POINT('',(1.451627247252,-2.258997853379,7.352271871087
    ));
#835 = CARTESIAN_POINT('',(2.903415225762,-1.233583220075,7.454549187921
    ));
#836 = CARTESIAN_POINT('',(3.548228006601,0.823841987579,7.556807869984)
  );
#837 = CARTESIAN_POINT('',(2.584390025265,3.169439086212,7.659109694977)
  );
#838 = CARTESIAN_POINT('',(-8.053868654258E-02,4.480596957472,
    7.761338308567));
#839 = CARTESIAN_POINT('',(-3.111250360719,3.225085576537,7.863661561201
    ));
#840 = CARTESIAN_POINT('',(-4.068626459494,0.413777720448,7.965890171069
    ));
#841 = CARTESIAN_POINT('',(-3.091486997052,-1.926474081004,
    8.068192002035));
#842 = CARTESIAN_POINT('',(-1.180762614727,-2.925285342862,
    8.170450677929));
#843 = CARTESIAN_POINT('',(0.570900051646,-2.623810965326,8.272727999574
    ));
#844 = CARTESIAN_POINT('',(2.623808161219,-0.57089723038,8.47727186718)
  );
#845 = CARTESIAN_POINT('',(2.925299712721,1.180749533825,8.579549210828)
  );
#846 = CARTESIAN_POINT('',(1.926431660932,3.091520343152,8.681807803652)
  );
#847 = CARTESIAN_POINT('',(-0.413691812812,4.068571577437,8.784109831662
    ));
#848 = CARTESIAN_POINT('',(-3.225210500285,3.111311049223,8.886338088395
    ));
#849 = CARTESIAN_POINT('',(-4.480465380604,8.049364221348E-02,
    8.988661849462));
#850 = CARTESIAN_POINT('',(-3.169539180908,-2.584368315831,
    9.090889858742));
#851 = CARTESIAN_POINT('',(-0.823787820816,-3.54823431664,9.193192283927
    ));
#852 = CARTESIAN_POINT('',(1.233563316585,-2.90341434673,9.295450466423)
  );
#853 = CARTESIAN_POINT('',(2.259002153726,-1.45162723314,9.397728130061)
  );
#854 = CARTESIAN_POINT('',(2.258999671824,8.495941598531E-09,
    9.499999868729));
#855 = DEFINITIONAL_REPRESENTATION('',(#856),#899);
#856 = B_SPLINE_CURVE_WITH_KNOTS('',6,(#857,#858,#859,#860,#861,#862,
    #863,#864,#865,#866,#867,#868,#869,#870,#871,#872,#873,#874,#875,
    #876,#877,#878,#879,#880,#881,#882,#883,#884,#885,#886,#887,#888,
    #889,#890,#891,#892,#893,#894,#895,#896,#897,#898),.UNSPECIFIED.,.F.
  ,.F.,(7,5,5,5,5,5,5,5,7),(0.,9.826793482809E-02,0.202199487447,
    0.313015933037,0.432059908562,0.559788317574,0.695630492262,
    0.844334940386,1.),.UNSPECIFIED.);
#857 = CARTESIAN_POINT('',(0.893913306759,54.079253999469));
#858 = CARTESIAN_POINT('',(0.87728364174,54.13843327806));
#859 = CARTESIAN_POINT('',(0.86075277865,54.197260956687));
#860 = CARTESIAN_POINT('',(0.844319558533,54.255741159123));
#861 = CARTESIAN_POINT('',(0.827981469928,54.313882821929));
#862 = CARTESIAN_POINT('',(0.811736142897,54.371694378023));
#863 = CARTESIAN_POINT('',(0.778498556734,54.489975564443));
#864 = CARTESIAN_POINT('',(0.761516193029,54.550409980266));
#865 = CARTESIAN_POINT('',(0.744634646876,54.610485619438));
#866 = CARTESIAN_POINT('',(0.727851244443,54.670211996838));
#867 = CARTESIAN_POINT('',(0.711163461087,54.729598096864));
#868 = CARTESIAN_POINT('',(0.676878634514,54.851606038303));
#869 = CARTESIAN_POINT('',(0.65929339167,54.914185886053));
#870 = CARTESIAN_POINT('',(0.641813843551,54.976389601582));
#871 = CARTESIAN_POINT('',(0.624437041803,55.038227678219));
#872 = CARTESIAN_POINT('',(0.607160207627,55.099710005958));
#873 = CARTESIAN_POINT('',(0.571530025082,55.226505610794));
#874 = CARTESIAN_POINT('',(0.55319046826,55.291769808845));
#875 = CARTESIAN_POINT('',(0.53496327515,55.356634146439));
#876 = CARTESIAN_POINT('',(0.516844916239,55.421111184277));
#877 = CARTESIAN_POINT('',(0.498832396105,55.485211580943));
#878 = CARTESIAN_POINT('',(0.46171197737,55.617310452838));
#879 = CARTESIAN_POINT('',(0.442618129476,55.685258926511));
#880 = CARTESIAN_POINT('',(0.423643200082,55.752784208035));
#881 = CARTESIAN_POINT('',(0.40478324948,55.819900313435));
#882 = CARTESIAN_POINT('',(0.386034990591,55.886618935869));
#883 = CARTESIAN_POINT('',(0.347577882442,56.023474567955));
#884 = CARTESIAN_POINT('',(0.327881398819,56.093567570968));
#885 = CARTESIAN_POINT('',(0.308308568964,56.163220517702));
#886 = CARTESIAN_POINT('',(0.288855101949,56.232448679732));
#887 = CARTESIAN_POINT('',(0.269517432822,56.301264754662));
#888 = CARTESIAN_POINT('',(0.229254002962,56.444548404337));
#889 = CARTESIAN_POINT('',(0.208348332086,56.51894448906));
#890 = CARTESIAN_POINT('',(0.187578699098,56.592856502909));
#891 = CARTESIAN_POINT('',(0.166939786084,56.666303398517));
#892 = CARTESIAN_POINT('',(0.146427239913,56.739300700926));
#893 = CARTESIAN_POINT('',(0.104702105181,56.887786634451));
#894 = CARTESIAN_POINT('',(8.349813058689E-02,56.963244616246));
#895 = CARTESIAN_POINT('',(6.243046317811E-02,57.038217529396));
#896 = CARTESIAN_POINT('',(4.149369160342E-02,57.112724464131));
#897 = CARTESIAN_POINT('',(2.068326960366E-02,57.18678121915));
#898 = CARTESIAN_POINT('',(0.,57.260383925007));
#899 = ( GEOMETRIC_REPRESENTATION_CONTEXT(2) 
PARAMETRIC_REPRESENTATION_CONTEXT() REPRESENTATION_CONTEXT('2D SPACE',''
  ) );
#900 = ORIENTED_EDGE('',*,*,#901,.F.);
#901 = EDGE_CURVE('',#902,#595,#904,.T.);
#902 = VERTEX_POINT('',#903);
#903 = CARTESIAN_POINT('',(2.459,0.,9.));
#904 = SURFACE_CURVE('',#905,(#910,#917),.PCURVE_S1.);
#905 = CIRCLE('',#906,2.459);
#906 = AXIS2_PLACEMENT_3D('',#907,#908,#909);
#907 = CARTESIAN_POINT('',(0.,0.,9.));
#908 = DIRECTION('',(0.,0.,1.));
#909 = DIRECTION('',(1.,0.,0.));
#910 = PCURVE('',#348,#911);
#911 = DEFINITIONAL_REPRESENTATION('',(#912),#916);
#912 = CIRCLE('',#913,2.459);
#913 = AXIS2_PLACEMENT_2D('',#914,#915);
#914 = CARTESIAN_POINT('',(3.155631075091E-16,3.944538843864E-16));
#915 = DIRECTION('',(1.,0.));
#916 = ( GEOMETRIC_REPRESENTATION_CONTEXT(2) 
PARAMETRIC_REPRESENTATION_CONTEXT() REPRESENTATION_CONTEXT('2D SPACE',''
  ) );
#917 = PCURVE('',#918,#923);
#918 = CYLINDRICAL_SURFACE('',#919,2.459);
#919 = AXIS2_PLACEMENT_3D('',#920,#921,#922);
#920 = CARTESIAN_POINT('',(0.,0.,0.));
#921 = DIRECTION('',(-0.,-0.,-1.));
#922 = DIRECTION('',(1.,0.,0.));
#923 = DEFINITIONAL_REPRESENTATION('',(#924),#928);
#924 = LINE('',#925,#926);
#925 = CARTESIAN_POINT('',(-0.,-9.));
#926 = VECTOR('',#927,1.);
#927 = DIRECTION('',(-1.,0.));
#928 = ( GEOMETRIC_REPRESENTATION_CONTEXT(2) 
PARAMETRIC_REPRESENTATION_CONTEXT() REPRESENTATION_CONTEXT('2D SPACE',''
  ) );
#929 = ORIENTED_EDGE('',*,*,#930,.F.);
#930 = EDGE_CURVE('',#597,#902,#931,.T.);
#931 = SURFACE_CURVE('',#932,(#936,#943),.PCURVE_S1.);
#932 = LINE('',#933,#934);
#933 = CARTESIAN_POINT('',(1.248300386849,5.143174766782E-08,9.));
#934 = VECTOR('',#935,1.);
#935 = DIRECTION('',(-1.,4.248103867597E-08,0.));
#936 = PCURVE('',#348,#937);
#937 = DEFINITIONAL_REPRESENTATION('',(#938),#942);
#938 = LINE('',#939,#940);
#939 = CARTESIAN_POINT('',(1.248300386849,5.143174806228E-08));
#940 = VECTOR('',#941,1.);
#941 = DIRECTION('',(-1.,4.248103867597E-08));
#942 = ( GEOMETRIC_REPRESENTATION_CONTEXT(2) 
PARAMETRIC_REPRESENTATION_CONTEXT() REPRESENTATION_CONTEXT('2D SPACE',''
  ) );
#943 = PCURVE('',#944,#949);
#944 = PLANE('',#945);
#945 = AXIS2_PLACEMENT_3D('',#946,#947,#948);
#946 = CARTESIAN_POINT('',(2.496600773698,-1.59734934515E-09,
    9.000000024679));
#947 = DIRECTION('',(-4.248103867597E-08,-1.,-5.013091834882E-13));
#948 = DIRECTION('',(-1.,4.248103867597E-08,3.009265538105E-36));
#949 = DEFINITIONAL_REPRESENTATION('',(#950),#953);
#950 = B_SPLINE_CURVE_WITH_KNOTS('',1,(#951,#952),.UNSPECIFIED.,.F.,.F.,
  (2,2),(-1.751699613151,-1.010699284974),.PIECEWISE_BEZIER_KNOTS.);
#951 = CARTESIAN_POINT('',(-0.503399226302,2.467939275164E-08));
#952 = CARTESIAN_POINT('',(0.237601101875,2.467939275164E-08));
#953 = ( GEOMETRIC_REPRESENTATION_CONTEXT(2) 
PARAMETRIC_REPRESENTATION_CONTEXT() REPRESENTATION_CONTEXT('2D SPACE',''
  ) );
#954 = ADVANCED_FACE('',(#955),#690,.F.);
#955 = FACE_BOUND('',#956,.F.);
#956 = EDGE_LOOP('',(#957,#1200,#1226,#1419,#1633,#1826,#2019,#2212,
    #2426,#2661,#2875,#2986,#2987,#3063,#3102,#3203,#3239,#3315,#3349,
    #3382,#3419,#3451,#3487,#3527,#3628,#3662,#3763,#3800,#3876,#3910,
    #4011,#4048,#4124,#4158,#4259,#4296,#4397,#4437,#4473,#4505,#4539,
    #4572,#4615,#4647,#4706,#4738,#4772));
#957 = ORIENTED_EDGE('',*,*,#958,.T.);
#958 = EDGE_CURVE('',#959,#961,#963,.T.);
#959 = VERTEX_POINT('',#960);
#960 = CARTESIAN_POINT('',(2.975659743821,0.381377882154,1.020287893987)
  );
#961 = VERTEX_POINT('',#962);
#962 = CARTESIAN_POINT('',(3.,-1.998401444325E-15,2.22044604925E-16));
#963 = SURFACE_CURVE('',#964,(#977,#1006),.PCURVE_S1.);
#964 = B_SPLINE_CURVE_WITH_KNOTS('',11,(#965,#966,#967,#968,#969,#970,
    #971,#972,#973,#974,#975,#976),.UNSPECIFIED.,.F.,.F.,(12,12),(
    5.759768704586,12.251109354104),.PIECEWISE_BEZIER_KNOTS.);
#965 = CARTESIAN_POINT('',(2.975659743821,0.381377882154,1.020287893987)
  );
#966 = CARTESIAN_POINT('',(3.197877002545,-1.352823033613,0.927534604085
    ));
#967 = CARTESIAN_POINT('',(2.308410395386,-3.229476454548,0.834780451938
    ));
#968 = CARTESIAN_POINT('',(0.20620901856,-4.456460390962,0.742026542445)
  );
#969 = CARTESIAN_POINT('',(-2.576615534547,-4.16136558049,0.649281859621
    ));
#970 = CARTESIAN_POINT('',(-4.803628506183,-1.97382938122,0.556501827363
    ));
#971 = CARTESIAN_POINT('',(-5.034873769376,1.345905931676,0.463794346074
    ));
#972 = CARTESIAN_POINT('',(-3.072317443736,3.800877652927,0.370986378983
    ));
#973 = CARTESIAN_POINT('',(-0.366746462537,4.446141921289,0.278279286296
    ));
#974 = CARTESIAN_POINT('',(1.879923841689,3.496842254521,0.185498506784)
  );
#975 = CARTESIAN_POINT('',(3.000000004817,1.748367376013,
    9.275585189659E-02));
#976 = CARTESIAN_POINT('',(3.,1.7763568394E-15,1.110223024625E-16));
#977 = PCURVE('',#690,#978);
#978 = DEFINITIONAL_REPRESENTATION('',(#979),#1005);
#979 = B_SPLINE_CURVE_WITH_KNOTS('',3,(#980,#981,#982,#983,#984,#985,
    #986,#987,#988,#989,#990,#991,#992,#993,#994,#995,#996,#997,#998,
    #999,#1000,#1001,#1002,#1003,#1004),.UNSPECIFIED.,.F.,.F.,(4,1,1,1,1
    ,1,1,1,1,1,1,1,1,1,1,1,1,1,1,1,1,1,4),(5.759768704586,6.0548296432,
    6.349890581815,6.644951520429,6.940012459044,7.235073397658,
    7.530134336273,7.825195274887,8.120256213501,8.415317152116,
    8.71037809073,9.005439029345,9.300499967959,9.595560906574,
    9.890621845188,10.185682783803,10.480743722417,10.775804661032,
    11.070865599646,11.36592653826,11.660987476875,11.956048415489,
    12.251109354104),.QUASI_UNIFORM_KNOTS.);
#980 = CARTESIAN_POINT('',(0.,6.491340662785));
#981 = CARTESIAN_POINT('',(-3.102588087576E-10,6.392987016493));
#982 = CARTESIAN_POINT('',(4.591829016083E-10,6.196279724209));
#983 = CARTESIAN_POINT('',(-1.157554891196E-09,5.901218785518));
#984 = CARTESIAN_POINT('',(2.289273322262E-09,5.606157845512));
#985 = CARTESIAN_POINT('',(-3.307922256654E-08,5.311096902719));
#986 = CARTESIAN_POINT('',(-6.101603271871E-09,5.01603595778));
#987 = CARTESIAN_POINT('',(-8.957437611576E-08,4.7209750218));
#988 = CARTESIAN_POINT('',(-5.554883469238E-08,4.425914105817));
#989 = CARTESIAN_POINT('',(-5.905395954729E-08,4.130853221543));
#990 = CARTESIAN_POINT('',(-5.747283403002E-08,3.835792365523));
#991 = CARTESIAN_POINT('',(-5.982172267956E-08,3.540731518985));
#992 = CARTESIAN_POINT('',(-7.252090751328E-08,3.2456706537));
#993 = CARTESIAN_POINT('',(-6.693785989361E-08,2.950609744708));
#994 = CARTESIAN_POINT('',(-4.583342531634E-08,2.655548782732));
#995 = CARTESIAN_POINT('',(1.032115493892E-07,2.360487777285));
#996 = CARTESIAN_POINT('',(1.754115638973E-07,2.065426753797));
#997 = CARTESIAN_POINT('',(1.642360489288E-07,1.770365737416));
#998 = CARTESIAN_POINT('',(1.080125665021E-07,1.475304743411));
#999 = CARTESIAN_POINT('',(4.747034874674E-08,1.180243774344));
#1000 = CARTESIAN_POINT('',(1.006565423492E-08,0.885182823645));
#1001 = CARTESIAN_POINT('',(1.203211334919E-09,0.590121881988));
#1002 = CARTESIAN_POINT('',(2.568262429287E-09,0.295060941627));
#1003 = CARTESIAN_POINT('',(2.522343618288E-09,9.83536476677E-02));
#1004 = CARTESIAN_POINT('',(0.,0.));
#1005 = ( GEOMETRIC_REPRESENTATION_CONTEXT(2) 
PARAMETRIC_REPRESENTATION_CONTEXT() REPRESENTATION_CONTEXT('2D SPACE',''
  ) );
#1006 = PCURVE('',#1007,#1172);
#1007 = B_SPLINE_SURFACE_WITH_KNOTS('',1,11,(
    (#1008,#1009,#1010,#1011,#1012,#1013,#1014,#1015,#1016,#1017,#1018
      ,#1019,#1020,#1021,#1022,#1023,#1024,#1025,#1026,#1027,#1028,#1029
      ,#1030,#1031,#1032,#1033,#1034,#1035,#1036,#1037,#1038,#1039,#1040
      ,#1041,#1042,#1043,#1044,#1045,#1046,#1047,#1048,#1049,#1050,#1051
      ,#1052,#1053,#1054,#1055,#1056,#1057,#1058,#1059,#1060,#1061,#1062
      ,#1063,#1064,#1065,#1066,#1067,#1068,#1069,#1070,#1071,#1072,#1073
      ,#1074,#1075,#1076,#1077,#1078,#1079,#1080,#1081,#1082,#1083,#1084
      ,#1085,#1086,#1087,#1088,#1089)
    ,(#1090,#1091,#1092,#1093,#1094,#1095,#1096,#1097,#1098,#1099,#1100
      ,#1101,#1102,#1103,#1104,#1105,#1106,#1107,#1108,#1109,#1110,#1111
      ,#1112,#1113,#1114,#1115,#1116,#1117,#1118,#1119,#1120,#1121,#1122
      ,#1123,#1124,#1125,#1126,#1127,#1128,#1129,#1130,#1131,#1132,#1133
      ,#1134,#1135,#1136,#1137,#1138,#1139,#1140,#1141,#1142,#1143,#1144
      ,#1145,#1146,#1147,#1148,#1149,#1150,#1151,#1152,#1153,#1154,#1155
      ,#1156,#1157,#1158,#1159,#1160,#1161,#1162,#1163,#1164,#1165,#1166
      ,#1167,#1168,#1169,#1170,#1171
    )),.UNSPECIFIED.,.F.,.F.,.F.,(2,2),(12,10,10,10,10,10,10,10,12),(0.,
    0.893913306759),(0.,7.157548273013,14.315096546026,21.47264481904,
    28.630193092053,35.787741365066,42.945289638079,50.102837911093,
    57.260386184106),.UNSPECIFIED.);
#1008 = CARTESIAN_POINT('',(2.259,2.22044604925E-16,-0.5));
#1009 = CARTESIAN_POINT('',(2.259002476455,1.451627452527,
    -0.397728261335));
#1010 = CARTESIAN_POINT('',(1.233563484855,2.903414773146,
    -0.295450597693));
#1011 = CARTESIAN_POINT('',(-0.823787953821,3.548234829077,
    -0.193192415196));
#1012 = CARTESIAN_POINT('',(-3.169539651086,2.584368679238,
    -9.088999002469E-02));
#1013 = CARTESIAN_POINT('',(-4.480466031238,-8.04936705904E-02,
    1.133801928786E-02));
#1014 = CARTESIAN_POINT('',(-3.225210957077,-3.111311513524,
    0.113661780306));
#1015 = CARTESIAN_POINT('',(-0.413691857661,-4.068572169933,
    0.215890037091));
#1016 = CARTESIAN_POINT('',(1.926431952456,-3.091520785097,
    0.318192065061));
#1017 = CARTESIAN_POINT('',(2.925300142126,-1.180749694336,
    0.420450657908));
#1018 = CARTESIAN_POINT('',(2.623808540252,0.570897323183,0.522728001547
    ));
#1019 = CARTESIAN_POINT('',(0.570900124712,2.623811348653,0.727271869157
    ));
#1020 = CARTESIAN_POINT('',(-1.180762797241,2.925285763384,
    0.829549190785));
#1021 = CARTESIAN_POINT('',(-3.09148745349,1.926474349277,0.931807866733
    ));
#1022 = CARTESIAN_POINT('',(-4.06862704888,-0.413777795905,
    1.034109697582));
#1023 = CARTESIAN_POINT('',(-3.11125080075,-3.225086056729,
    1.136338307637));
#1024 = CARTESIAN_POINT('',(-8.053868123626E-02,-4.480597608713,
    1.238661560043));
#1025 = CARTESIAN_POINT('',(2.584390412532,-3.16943953695,1.340890173847
    ));
#1026 = CARTESIAN_POINT('',(3.548228525223,-0.823842093895,
    1.443191998686));
#1027 = CARTESIAN_POINT('',(2.903415642903,1.233583410188,1.545450680832
    ));
#1028 = CARTESIAN_POINT('',(1.451627449647,2.258998187023,1.647727997636
    ));
#1029 = CARTESIAN_POINT('',(-1.45162745108,2.259002143187,1.852271871122
    ));
#1030 = CARTESIAN_POINT('',(-2.903414775493,1.233564025079,
    1.954549187596));
#1031 = CARTESIAN_POINT('',(-3.548234825945,-0.823788673878,
    2.05680787099));
#1032 = CARTESIAN_POINT('',(-2.584368682717,-3.169538853211,
    2.159109692858));
#1033 = CARTESIAN_POINT('',(8.049367381329E-02,-4.480466767712,
    2.261338312007));
#1034 = CARTESIAN_POINT('',(3.111311511051,-3.225210394499,
    2.363661556698));
#1035 = CARTESIAN_POINT('',(4.068572171477,-0.413692206954,
    2.465890175929));
#1036 = CARTESIAN_POINT('',(3.091520784344,1.926432121986,2.568191997674
    ));
#1037 = CARTESIAN_POINT('',(1.180749694598,2.925300083573,2.670450681183
    ));
#1038 = CARTESIAN_POINT('',(-0.570897323229,2.623808550242,
    2.772727997575));
#1039 = CARTESIAN_POINT('',(-2.623811348629,0.570900119692,
    2.977271871153));
#1040 = CARTESIAN_POINT('',(-2.925285763425,-1.180762789097,
    3.079549187545));
#1041 = CARTESIAN_POINT('',(-1.926474349219,-3.091487464357,
    3.181807871061));
#1042 = CARTESIAN_POINT('',(0.413777795836,-4.068627036829,
    3.284109692774));
#1043 = CARTESIAN_POINT('',(3.225086056802,-3.111250811879,
    3.386338312088));
#1044 = CARTESIAN_POINT('',(4.480597608647,-8.053867273648E-02,
    3.488661556632));
#1045 = CARTESIAN_POINT('',(3.169439537,2.584390407259,3.590890175971));
#1046 = CARTESIAN_POINT('',(0.823842093865,3.548228527779,3.693191997653
    ));
#1047 = CARTESIAN_POINT('',(-1.233583410176,2.903415642021,
    3.795450681189));
#1048 = CARTESIAN_POINT('',(-2.258998187025,1.451627449797,
    3.897727997575));
#1049 = CARTESIAN_POINT('',(-2.259002143188,-1.451627451156,
    4.102271871152));
#1050 = CARTESIAN_POINT('',(-1.233564025069,-2.903414775372,
    4.204549187553));
#1051 = CARTESIAN_POINT('',(0.823788673852,-3.548234826107,
    4.306807871039));
#1052 = CARTESIAN_POINT('',(3.169538853253,-2.584368682533,
    4.409109692814));
#1053 = CARTESIAN_POINT('',(4.480466767665,8.049367363152E-02,
    4.511338312035));
#1054 = CARTESIAN_POINT('',(3.225210394538,3.111311511205,4.613661556686
    ));
#1055 = CARTESIAN_POINT('',(0.413692206928,4.068572171368,4.715890175929
    ));
#1056 = CARTESIAN_POINT('',(-1.926432121973,3.091520784404,
    4.818191997677));
#1057 = CARTESIAN_POINT('',(-2.925300083578,1.180749694574,4.92045068118
    ));
#1058 = CARTESIAN_POINT('',(-2.623808550241,-0.570897323223,
    5.022727997577));
#1059 = CARTESIAN_POINT('',(-0.570900119694,-2.623811348634,
    5.227271871149));
#1060 = CARTESIAN_POINT('',(1.1807627891,-2.925285763411,5.329549187563)
  );
#1061 = CARTESIAN_POINT('',(3.091487464364,-1.926474349248,
    5.431807871011));
#1062 = CARTESIAN_POINT('',(4.068627036781,0.413777795886,5.53410969287)
  );
#1063 = CARTESIAN_POINT('',(3.111250811998,3.225086056729,5.636338311949
    ));
#1064 = CARTESIAN_POINT('',(8.053867254628E-02,4.480597608733,
    5.738661556792));
#1065 = CARTESIAN_POINT('',(-2.584390407042,3.169439536923,
    5.840890175824));
#1066 = CARTESIAN_POINT('',(-3.548228527969,0.823842093916,
    5.943191997764));
#1067 = CARTESIAN_POINT('',(-2.903415641889,-1.233583410199,
    6.045450681121));
#1068 = CARTESIAN_POINT('',(-1.451627449873,-2.258998187021,
    6.14772799761));
#1069 = CARTESIAN_POINT('',(1.451627451304,-2.259002143187,
    6.352271871088));
#1070 = CARTESIAN_POINT('',(2.903414774507,-1.23356402509,6.454549187919
    ));
#1071 = CARTESIAN_POINT('',(3.548234828609,0.823788673933,6.55680786999)
  );
#1072 = CARTESIAN_POINT('',(2.584368677365,3.169538853056,6.659109694959
    ));
#1073 = CARTESIAN_POINT('',(-8.049366528256E-02,4.480466768016,
    6.761338308603));
#1074 = CARTESIAN_POINT('',(-3.111311522161,3.225210394048,
    6.863661561153));
#1075 = CARTESIAN_POINT('',(-4.068572159485,0.413692207479,
    6.965890171114));
#1076 = CARTESIAN_POINT('',(-3.091520795129,-1.926432122478,
    7.068192002007));
#1077 = CARTESIAN_POINT('',(-1.180749686533,-2.925300083197,
    7.17045067794));
#1078 = CARTESIAN_POINT('',(0.570897318267,-2.623808550478,
    7.272727999572));
#1079 = CARTESIAN_POINT('',(2.623811358498,-0.57090011922,7.47727186718)
  );
#1080 = CARTESIAN_POINT('',(2.925285705593,1.180762786325,7.579549210826
    ));
#1081 = CARTESIAN_POINT('',(1.926474516658,3.091487472384,7.681807803658
    ));
#1082 = CARTESIAN_POINT('',(-0.413778140812,4.06862702029,7.784109831644
    ));
#1083 = CARTESIAN_POINT('',(-3.225085501184,3.111250838512,
    7.886338088432));
#1084 = CARTESIAN_POINT('',(-4.480598336006,8.053863787475E-02,
    7.988661849413));
#1085 = CARTESIAN_POINT('',(-3.169438748996,-2.584390369492,
    8.090889858789));
#1086 = CARTESIAN_POINT('',(-0.823842805023,-3.548228561865,
    8.193192283897));
#1087 = CARTESIAN_POINT('',(1.233583943732,-2.903415616446,
    8.295450466436));
#1088 = CARTESIAN_POINT('',(2.258997857867,-1.451627465576,
    8.397728130058));
#1089 = CARTESIAN_POINT('',(2.259000328177,8.496415552733E-09,
    8.499999868729));
#1090 = CARTESIAN_POINT('',(3.,1.7763568394E-15,1.110223024625E-16));
#1091 = CARTESIAN_POINT('',(2.999999999089,1.927802653744,0.102275401456
    ));
#1092 = CARTESIAN_POINT('',(1.638219055601,3.855736046103,0.204534775851
    ));
#1093 = CARTESIAN_POINT('',(-1.094082506115,4.712305552911,
    0.306846846742));
#1094 = CARTESIAN_POINT('',(-4.209046435047,3.431769230897,
    0.409039241188));
#1095 = CARTESIAN_POINT('',(-5.950414223605,-0.106468541385,
    0.511432930584));
#1096 = CARTESIAN_POINT('',(-4.282862853361,-4.13229357639,
    0.613567611498));
#1097 = CARTESIAN_POINT('',(-0.549618077769,-5.402872561423,
    0.715960631534));
#1098 = CARTESIAN_POINT('',(2.558470067507,-4.105736405489,
    0.818154100343));
#1099 = CARTESIAN_POINT('',(3.884812862021,-1.568021314993,
    0.920465061281));
#1100 = CARTESIAN_POINT('',(3.484482698465,0.758157975187,1.022725301269
    ));
#1101 = CARTESIAN_POINT('',(0.758158001102,3.484482692141,1.227275048476
    ));
#1102 = CARTESIAN_POINT('',(-1.568021281018,3.884812875576,
    1.329535348022));
#1103 = CARTESIAN_POINT('',(-4.105736397877,2.558470095379,
    1.431846084111));
#1104 = CARTESIAN_POINT('',(-5.402872541115,-0.549618029719,
    1.534040086233));
#1105 = CARTESIAN_POINT('',(-4.132293648538,-4.282862831855,
    1.636432150573));
#1106 = CARTESIAN_POINT('',(-0.106468535584,-5.950414209927,
    1.738568207333));
#1107 = CARTESIAN_POINT('',(3.431769143053,-4.209046474994,
    1.840960261593));
#1108 = CARTESIAN_POINT('',(4.712305594672,-1.094082530047,
    1.943154279894));
#1109 = CARTESIAN_POINT('',(3.855736021046,1.638219017008,2.045464999268
    ));
#1110 = CARTESIAN_POINT('',(1.927802699922,2.999999989879,2.147725311849
    ));
#1111 = CARTESIAN_POINT('',(-1.927802676939,3.00000000463,2.35227504316)
  );
#1112 = CARTESIAN_POINT('',(-3.85573600851,1.638219046623,2.454535356641
    ));
#1113 = CARTESIAN_POINT('',(-4.712305603011,-1.094082494157,
    2.556846072619));
#1114 = CARTESIAN_POINT('',(-3.431769175388,-4.209046448286,
    2.659040098971));
#1115 = CARTESIAN_POINT('',(0.10646849015,-5.950414211398,2.761432138811
    ));
#1116 = CARTESIAN_POINT('',(4.13229361553,-4.282862862677,2.863568216321
    ));
#1117 = CARTESIAN_POINT('',(5.402872537118,-0.54961807199,2.965960256009
    ));
#1118 = CARTESIAN_POINT('',(4.105736417289,2.558470064704,3.068154282606
    ));
#1119 = CARTESIAN_POINT('',(1.568021310917,3.884812862989,3.17046499833)
  );
#1120 = CARTESIAN_POINT('',(-0.758157974492,3.4844826983,3.272725312009)
  );
#1121 = CARTESIAN_POINT('',(-3.48448269249,0.758158001184,3.47727504308)
  );
#1122 = CARTESIAN_POINT('',(-3.884812875009,-1.56802128115,
    3.579535356771));
#1123 = CARTESIAN_POINT('',(-2.558470096135,-4.105736397705,
    3.681846072448));
#1124 = CARTESIAN_POINT('',(0.549618030559,-5.402872541296,
    3.784040099159));
#1125 = CARTESIAN_POINT('',(4.282862831078,-4.132293648382,
    3.886432138637));
#1126 = CARTESIAN_POINT('',(5.950414210523,-0.106468535694,
    3.988568216456));
#1127 = CARTESIAN_POINT('',(4.209046474624,3.431769143116,4.090960255924
    ));
#1128 = CARTESIAN_POINT('',(1.094082530227,4.712305594643,4.193154282648
    ));
#1129 = CARTESIAN_POINT('',(-1.63821901707,3.855736021056,4.295464998315
    ));
#1130 = CARTESIAN_POINT('',(-2.999999989868,1.927802699921,
    4.397725312011));
#1131 = CARTESIAN_POINT('',(-3.000000004636,-1.927802676939,
    4.60227504308));
#1132 = CARTESIAN_POINT('',(-1.638219046609,-3.855736008506,
    4.704535356768));
#1133 = CARTESIAN_POINT('',(1.094082494129,-4.712305603021,
    4.806846072455));
#1134 = CARTESIAN_POINT('',(4.209046448334,-3.431769175373,
    4.909040099147));
#1135 = CARTESIAN_POINT('',(5.950414211334,0.106468490135,5.011432138654
    ));
#1136 = CARTESIAN_POINT('',(4.282862862742,4.132293615538,5.113568216436
    ));
#1137 = CARTESIAN_POINT('',(0.54961807194,5.402872537117,5.215960255942)
  );
#1138 = CARTESIAN_POINT('',(-2.558470064676,4.105736417286,
    5.318154282635));
#1139 = CARTESIAN_POINT('',(-3.884812863,1.568021310919,5.420464998323)
  );
#1140 = CARTESIAN_POINT('',(-3.484482698298,-0.758157974492,
    5.522725312008));
#1141 = CARTESIAN_POINT('',(-0.758158001185,-3.48448269249,
    5.727275043084));
#1142 = CARTESIAN_POINT('',(1.568021281153,-3.88481287501,5.829535356746
    ));
#1143 = CARTESIAN_POINT('',(4.1057363977,-2.558470096136,5.931846072512)
  );
#1144 = CARTESIAN_POINT('',(5.402872541305,0.549618030562,6.034040099037
    ));
#1145 = CARTESIAN_POINT('',(4.13229364837,4.282862831071,6.136432138822)
  );
#1146 = CARTESIAN_POINT('',(0.106468535707,5.950414210535,6.238568216224
    ));
#1147 = CARTESIAN_POINT('',(-3.431769143126,4.209046474608,
    6.340960256166));
#1148 = CARTESIAN_POINT('',(-4.712305594637,1.094082530241,
    6.443154282438));
#1149 = CARTESIAN_POINT('',(-3.855736021058,-1.63821901708,
    6.545464998466));
#1150 = CARTESIAN_POINT('',(-1.927802699921,-2.999999989862,
    6.647725311924));
#1151 = CARTESIAN_POINT('',(1.92780267694,-3.000000004647,6.852275043246
    ));
#1152 = CARTESIAN_POINT('',(3.855736008495,-1.638219046549,
    6.954535355809));
#1153 = CARTESIAN_POINT('',(4.712305603058,1.094082493957,7.056846075216
    ));
#1154 = CARTESIAN_POINT('',(3.431769175292,4.209046448686,7.159040093475
    ));
#1155 = CARTESIAN_POINT('',(-0.106468489999,5.950414210767,
    7.261432147777));
#1156 = CARTESIAN_POINT('',(-4.132293615722,4.28286286349,7.3635682045)
  );
#1157 = CARTESIAN_POINT('',(-5.402872536915,0.549618071123,
    7.465960268871));
#1158 = CARTESIAN_POINT('',(-4.105736417468,-2.558470063932,
    7.568154270969));
#1159 = CARTESIAN_POINT('',(-1.568021310783,-3.884812863562,
    7.670465007072));
#1160 = CARTESIAN_POINT('',(0.758157974409,-3.484482697949,
    7.772725306614));
#1161 = CARTESIAN_POINT('',(3.484482692656,-0.75815800188,7.97727505382)
  );
#1162 = CARTESIAN_POINT('',(3.884812874038,1.568021285228,8.079535293816
    ));
#1163 = CARTESIAN_POINT('',(2.558470098947,4.105736385901,8.181846254728
    ));
#1164 = CARTESIAN_POINT('',(-0.549618036352,5.402872565613,
    8.284039723588));
#1165 = CARTESIAN_POINT('',(-4.282862821744,4.132293609222,8.38643274355
    ));
#1166 = CARTESIAN_POINT('',(-5.950414222748,0.106468586954,8.48856742455
    ));
#1167 = CARTESIAN_POINT('',(-4.209046461368,-3.431769198647,
    8.590961113862));
#1168 = CARTESIAN_POINT('',(-1.094082542199,-4.712305544529,
    8.693153508376));
#1169 = CARTESIAN_POINT('',(1.638219026058,-3.855736058654,
    8.795465579221));
#1170 = CARTESIAN_POINT('',(2.999999984321,-1.927802676726,
    8.897724953643));
#1171 = CARTESIAN_POINT('',(3.,-2.298227312365E-08,9.000000355087));
#1172 = DEFINITIONAL_REPRESENTATION('',(#1173),#1199);
#1173 = B_SPLINE_CURVE_WITH_KNOTS('',3,(#1174,#1175,#1176,#1177,#1178,
    #1179,#1180,#1181,#1182,#1183,#1184,#1185,#1186,#1187,#1188,#1189,
    #1190,#1191,#1192,#1193,#1194,#1195,#1196,#1197,#1198),
  .UNSPECIFIED.,.F.,.F.,(4,1,1,1,1,1,1,1,1,1,1,1,1,1,1,1,1,1,1,1,1,1,4),
  (5.759768704586,6.0548296432,6.349890581815,6.644951520429,
    6.940012459044,7.235073397658,7.530134336273,7.825195274887,
    8.120256213501,8.415317152116,8.71037809073,9.005439029345,
    9.300499967959,9.595560906574,9.890621845188,10.185682783803,
    10.480743722417,10.775804661032,11.070865599646,11.36592653826,
    11.660987476875,11.956048415489,12.251109354104),
  .QUASI_UNIFORM_KNOTS.);
#1174 = CARTESIAN_POINT('',(0.893913306759,6.491340662785));
#1175 = CARTESIAN_POINT('',(0.893913307013,6.392987016487));
#1176 = CARTESIAN_POINT('',(0.893913306401,6.196279724219));
#1177 = CARTESIAN_POINT('',(0.893913307632,5.901218785494));
#1178 = CARTESIAN_POINT('',(0.893913304911,5.606157845565));
#1179 = CARTESIAN_POINT('',(0.893913332784,5.311096902084));
#1180 = CARTESIAN_POINT('',(0.893913314752,5.016035957808));
#1181 = CARTESIAN_POINT('',(0.893913395819,4.720975019971));
#1182 = CARTESIAN_POINT('',(0.893913362472,4.425914104718));
#1183 = CARTESIAN_POINT('',(0.893913365669,4.130853220361));
#1184 = CARTESIAN_POINT('',(0.89391336464,3.835792364372));
#1185 = CARTESIAN_POINT('',(0.893913365088,3.540731517804));
#1186 = CARTESIAN_POINT('',(0.893913384839,3.245670652201));
#1187 = CARTESIAN_POINT('',(0.89391335295,2.950609743559));
#1188 = CARTESIAN_POINT('',(0.893913119778,2.655548784211));
#1189 = CARTESIAN_POINT('',(0.893913017395,2.360487781187));
#1190 = CARTESIAN_POINT('',(0.893912998045,2.065426758637));
#1191 = CARTESIAN_POINT('',(0.893913062923,1.77036574149));
#1192 = CARTESIAN_POINT('',(0.893913160997,1.475304745946));
#1193 = CARTESIAN_POINT('',(0.89391324701,1.180243775415));
#1194 = CARTESIAN_POINT('',(0.893913294828,0.885182823864));
#1195 = CARTESIAN_POINT('',(0.893913305201,0.590121882015));
#1196 = CARTESIAN_POINT('',(0.893913304057,0.295060941679));
#1197 = CARTESIAN_POINT('',(0.893913303937,9.835364772107E-02));
#1198 = CARTESIAN_POINT('',(0.893913306759,0.));
#1199 = ( GEOMETRIC_REPRESENTATION_CONTEXT(2) 
PARAMETRIC_REPRESENTATION_CONTEXT() REPRESENTATION_CONTEXT('2D SPACE',''
  ) );
#1200 = ORIENTED_EDGE('',*,*,#1201,.T.);
#1201 = EDGE_CURVE('',#961,#1202,#1204,.T.);
#1202 = VERTEX_POINT('',#1203);
#1203 = CARTESIAN_POINT('',(2.459,-1.120785875264E-15,0.365047233468));
#1204 = SURFACE_CURVE('',#1205,(#1208,#1215),.PCURVE_S1.);
#1205 = B_SPLINE_CURVE_WITH_KNOTS('',1,(#1206,#1207),.UNSPECIFIED.,.F.,
  .F.,(2,2),(0.,0.893913306759),.PIECEWISE_BEZIER_KNOTS.);
#1206 = CARTESIAN_POINT('',(3.,-1.998401444325E-15,2.22044604925E-16));
#1207 = CARTESIAN_POINT('',(2.259,-2.331468351713E-15,0.5));
#1208 = PCURVE('',#690,#1209);
#1209 = DEFINITIONAL_REPRESENTATION('',(#1210),#1214);
#1210 = LINE('',#1211,#1212);
#1211 = CARTESIAN_POINT('',(0.,0.));
#1212 = VECTOR('',#1213,1.);
#1213 = DIRECTION('',(1.,0.));
#1214 = ( GEOMETRIC_REPRESENTATION_CONTEXT(2) 
PARAMETRIC_REPRESENTATION_CONTEXT() REPRESENTATION_CONTEXT('2D SPACE',''
  ) );
#1215 = PCURVE('',#1216,#1221);
#1216 = PLANE('',#1217);
#1217 = AXIS2_PLACEMENT_3D('',#1218,#1219,#1220);
#1218 = CARTESIAN_POINT('',(2.496600773698,-6.923829847532E-16,
    5.575354747454E-16));
#1219 = DIRECTION('',(1.154870035382E-15,-1.,-2.729374706064E-15));
#1220 = DIRECTION('',(0.,2.729374706064E-15,-1.));
#1221 = DEFINITIONAL_REPRESENTATION('',(#1222),#1225);
#1222 = B_SPLINE_CURVE_WITH_KNOTS('',1,(#1223,#1224),.UNSPECIFIED.,.F.,
  .F.,(2,2),(0.,0.893913306759),.PIECEWISE_BEZIER_KNOTS.);
#1223 = CARTESIAN_POINT('',(3.354908698204E-16,0.503399226302));
#1224 = CARTESIAN_POINT('',(-0.5,-0.237600773698));
#1225 = ( GEOMETRIC_REPRESENTATION_CONTEXT(2) 
PARAMETRIC_REPRESENTATION_CONTEXT() REPRESENTATION_CONTEXT('2D SPACE',''
  ) );
#1226 = ORIENTED_EDGE('',*,*,#1227,.T.);
#1227 = EDGE_CURVE('',#1202,#1228,#1230,.T.);
#1228 = VERTEX_POINT('',#1229);
#1229 = CARTESIAN_POINT('',(2.459,0.,1.365042862543));
#1230 = SURFACE_CURVE('',#1231,(#1290,#1352),.PCURVE_S1.);
#1231 = B_SPLINE_CURVE_WITH_KNOTS('',8,(#1232,#1233,#1234,#1235,#1236,
    #1237,#1238,#1239,#1240,#1241,#1242,#1243,#1244,#1245,#1246,#1247,
    #1248,#1249,#1250,#1251,#1252,#1253,#1254,#1255,#1256,#1257,#1258,
    #1259,#1260,#1261,#1262,#1263,#1264,#1265,#1266,#1267,#1268,#1269,
    #1270,#1271,#1272,#1273,#1274,#1275,#1276,#1277,#1278,#1279,#1280,
    #1281,#1282,#1283,#1284,#1285,#1286,#1287,#1288,#1289),
  .UNSPECIFIED.,.F.,.F.,(9,7,7,7,7,7,7,7,9),(0.,0.122133474023,
    0.251257588331,0.332816043833,0.446765290109,0.572776988922,
    0.69725641559,0.828049784647,1.),.UNSPECIFIED.);
#1232 = CARTESIAN_POINT('',(2.459,1.33226762955E-15,0.365047233468));
#1233 = CARTESIAN_POINT('',(2.459,0.235827994303,0.380310651518));
#1234 = CARTESIAN_POINT('',(2.433151829461,0.47176119085,0.395592278087)
  );
#1235 = CARTESIAN_POINT('',(2.381417248365,0.704334099568,0.410864928983
    ));
#1236 = CARTESIAN_POINT('',(2.30435550363,0.930237487625,0.426126969234)
  );
#1237 = CARTESIAN_POINT('',(2.20298960854,1.146329966791,0.441385115968)
  );
#1238 = CARTESIAN_POINT('',(2.078763784052,1.349639966996,0.456646075996
    ));
#1239 = CARTESIAN_POINT('',(1.933573454583,1.537397665976,0.471911726755
    ));
#1240 = CARTESIAN_POINT('',(1.596753725309,1.88659068279,0.503306866292)
  );
#1241 = CARTESIAN_POINT('',(1.402772212603,2.046080028078,0.519451570578
    ));
#1242 = CARTESIAN_POINT('',(1.190723106686,2.182610865778,0.535594063143
    ));
#1243 = CARTESIAN_POINT('',(0.963826478332,2.293860762477,0.551734346999
    ));
#1244 = CARTESIAN_POINT('',(0.725560731945,2.378062757963,0.567874884071
    ));
#1245 = CARTESIAN_POINT('',(0.479623579779,2.433964457778,0.58401860658)
  );
#1246 = CARTESIAN_POINT('',(0.229934731527,2.460888830277,0.600166187822
    ));
#1247 = CARTESIAN_POINT('',(-0.176857920007,2.457682324031,
    0.626496573639));
#1248 = CARTESIAN_POINT('',(-0.334246726186,2.444915115897,
    0.636689416543));
#1249 = CARTESIAN_POINT('',(-0.490554773137,2.420628911856,
    0.646881701852));
#1250 = CARTESIAN_POINT('',(-0.644804088633,2.384934855916,
    0.657073808016));
#1251 = CARTESIAN_POINT('',(-0.796033258085,2.33804011925,0.667266415152
    ));
#1252 = CARTESIAN_POINT('',(-0.943300734185,2.280246583568,
    0.677459883485));
#1253 = CARTESIAN_POINT('',(-1.085690814492,2.211956400261,
    0.687653591118));
#1254 = CARTESIAN_POINT('',(-1.413216697693,2.024326879306,
    0.712084462299));
#1255 = CARTESIAN_POINT('',(-1.593003635,1.895408060149,0.726329593154)
  );
#1256 = CARTESIAN_POINT('',(-1.759236780246,1.748295569121,
    0.740572916226));
#1257 = CARTESIAN_POINT('',(-1.909788135206,1.584690414701,
    0.754814252005));
#1258 = CARTESIAN_POINT('',(-2.042812558141,1.406543754346,
    0.769055345913));
#1259 = CARTESIAN_POINT('',(-2.15673487878,1.21602866582,0.783298051295)
  );
#1260 = CARTESIAN_POINT('',(-2.250277552477,1.01554661516,0.797542483749
    ));
#1261 = CARTESIAN_POINT('',(-2.402466363107,0.577952822254,
    0.827527478034));
#1262 = CARTESIAN_POINT('',(-2.456441419858,0.339004749484,0.84328087072
    ));
#1263 = CARTESIAN_POINT('',(-2.483175330165,9.449312649678E-02,
    0.859029482593));
#1264 = CARTESIAN_POINT('',(-2.482075823073,-0.151940239756,
    0.874774282554));
#1265 = CARTESIAN_POINT('',(-2.453108953258,-0.396667794405,
    0.890519356871));
#1266 = CARTESIAN_POINT('',(-2.396750797275,-0.636093151362,
    0.906268732688));
#1267 = CARTESIAN_POINT('',(-2.314033420869,-0.866673815901,
    0.922023231043));
#1268 = CARTESIAN_POINT('',(-2.100635220775,-1.300682531536,
    0.953326636497));
#1269 = CARTESIAN_POINT('',(-1.970444685758,-1.504620595163,
    0.968891152009));
#1270 = CARTESIAN_POINT('',(-1.817692733918,-1.693501035585,
    0.984452605223));
#1271 = CARTESIAN_POINT('',(-1.644469089007,-1.864445293426,
    1.00001115725));
#1272 = CARTESIAN_POINT('',(-1.45322973143,-2.014962498275,
    1.015569544324));
#1273 = CARTESIAN_POINT('',(-1.246752617509,-2.142928479657,
    1.031130611907));
#1274 = CARTESIAN_POINT('',(-1.028152220098,-2.246630511047,
    1.046694812162));
#1275 = CARTESIAN_POINT('',(-0.56215214786,-2.407164137854,1.07859601616
    ));
#1276 = CARTESIAN_POINT('',(-0.313594798053,-2.46144076879,
    1.094949935186));
#1277 = CARTESIAN_POINT('',(-5.927421561751E-02,-2.486292341501,
    1.11129814332));
#1278 = CARTESIAN_POINT('',(0.196725648386,-2.481098999092,
    1.127641983435));
#1279 = CARTESIAN_POINT('',(0.450349102147,-2.445885770757,
    1.143986303494));
#1280 = CARTESIAN_POINT('',(0.697583518098,-2.381263674536,
    1.160335620559));
#1281 = CARTESIAN_POINT('',(0.934485447505,-2.288490154212,
    1.176690391896));
#1282 = CARTESIAN_POINT('',(1.450217875742,-2.013396448399,
    1.214522764968));
#1283 = CARTESIAN_POINT('',(1.719561582236,-1.811670642103,
    1.236049852701));
#1284 = CARTESIAN_POINT('',(1.956187301993,-1.568977498441,
    1.257553768879));
#1285 = CARTESIAN_POINT('',(2.153181168612,-1.29181478427,1.27904289173)
  );
#1286 = CARTESIAN_POINT('',(2.305010717996,-0.987559542358,
    1.300528206385));
#1287 = CARTESIAN_POINT('',(2.407773172336,-0.66456753928,1.322026526415
    ));
#1288 = CARTESIAN_POINT('',(2.458999999705,-0.331993963249,1.34355167562
    ));
#1289 = CARTESIAN_POINT('',(2.459,-8.881784197001E-16,1.365042862543));
#1290 = PCURVE('',#690,#1291);
#1291 = DEFINITIONAL_REPRESENTATION('',(#1292),#1351);
#1292 = B_SPLINE_CURVE_WITH_KNOTS('',8,(#1293,#1294,#1295,#1296,#1297,
    #1298,#1299,#1300,#1301,#1302,#1303,#1304,#1305,#1306,#1307,#1308,
    #1309,#1310,#1311,#1312,#1313,#1314,#1315,#1316,#1317,#1318,#1319,
    #1320,#1321,#1322,#1323,#1324,#1325,#1326,#1327,#1328,#1329,#1330,
    #1331,#1332,#1333,#1334,#1335,#1336,#1337,#1338,#1339,#1340,#1341,
    #1342,#1343,#1344,#1345,#1346,#1347,#1348,#1349,#1350),
  .UNSPECIFIED.,.F.,.F.,(9,7,7,7,7,7,7,7,9),(0.,0.122133474023,
    0.251257588331,0.332816043833,0.446765290109,0.572776988922,
    0.69725641559,0.828049784647,1.),.UNSPECIFIED.);
#1293 = CARTESIAN_POINT('',(0.652641159185,0.));
#1294 = CARTESIAN_POINT('',(0.652640833705,9.711107072087E-02));
#1295 = CARTESIAN_POINT('',(0.652661294068,0.194264019183));
#1296 = CARTESIAN_POINT('',(0.652671226787,0.291397326392));
#1297 = CARTESIAN_POINT('',(0.652667684891,0.388511077241));
#1298 = CARTESIAN_POINT('',(0.652657572983,0.485623436913));
#1299 = CARTESIAN_POINT('',(0.65264720569,0.582754604486));
#1300 = CARTESIAN_POINT('',(0.652638926884,0.679908183441));
#1301 = CARTESIAN_POINT('',(0.652628332513,0.879690086756));
#1302 = CARTESIAN_POINT('',(0.652626318027,0.98241414476));
#1303 = CARTESIAN_POINT('',(0.6526288226,1.085108049416));
#1304 = CARTESIAN_POINT('',(0.652633876203,1.187778830563));
#1305 = CARTESIAN_POINT('',(0.652638736842,1.290451909437));
#1306 = CARTESIAN_POINT('',(0.652641809639,1.39315161722));
#1307 = CARTESIAN_POINT('',(0.652643286527,1.49588155458));
#1308 = CARTESIAN_POINT('',(0.652643790029,1.663400658369));
#1309 = CARTESIAN_POINT('',(0.652643525912,1.72825116727));
#1310 = CARTESIAN_POINT('',(0.652642928194,1.79309931578));
#1311 = CARTESIAN_POINT('',(0.652642224467,1.857946701762));
#1312 = CARTESIAN_POINT('',(0.652641645048,1.922796832698));
#1313 = CARTESIAN_POINT('',(0.65264135702,1.987651405836));
#1314 = CARTESIAN_POINT('',(0.652641431748,2.052506210538));
#1315 = CARTESIAN_POINT('',(0.652642424472,2.207938357622));
#1316 = CARTESIAN_POINT('',(0.652643666752,2.298565236108));
#1317 = CARTESIAN_POINT('',(0.652645521803,2.389178432356));
#1318 = CARTESIAN_POINT('',(0.652647593627,2.479778213501));
#1319 = CARTESIAN_POINT('',(0.652649230993,2.570378001879));
#1320 = CARTESIAN_POINT('',(0.652649881713,2.66099155402));
#1321 = CARTESIAN_POINT('',(0.652649383648,2.751620182386));
#1322 = CARTESIAN_POINT('',(0.652646185052,2.942404048704));
#1323 = CARTESIAN_POINT('',(0.652643256787,3.042641730387));
#1324 = CARTESIAN_POINT('',(0.6526392538,3.142852819835));
#1325 = CARTESIAN_POINT('',(0.652634817604,3.243041198528));
#1326 = CARTESIAN_POINT('',(0.652630974328,3.343229212748));
#1327 = CARTESIAN_POINT('',(0.652628594565,3.443439386113));
#1328 = CARTESIAN_POINT('',(0.652627936681,3.543676022848));
#1329 = CARTESIAN_POINT('',(0.652629681008,3.742830380408));
#1330 = CARTESIAN_POINT('',(0.652632045972,3.841847538648));
#1331 = CARTESIAN_POINT('',(0.652635729346,3.940840521962));
#1332 = CARTESIAN_POINT('',(0.652640105437,4.039812582006));
#1333 = CARTESIAN_POINT('',(0.65264418944,4.138784632022));
#1334 = CARTESIAN_POINT('',(0.65264714887,4.237777738122));
#1335 = CARTESIAN_POINT('',(0.652648729581,4.336795681497));
#1336 = CARTESIAN_POINT('',(0.652649461249,4.539756995593));
#1337 = CARTESIAN_POINT('',(0.652648486137,4.643808434467));
#1338 = CARTESIAN_POINT('',(0.652646339942,4.74782770662));
#1339 = CARTESIAN_POINT('',(0.652643720762,4.851820871457));
#1340 = CARTESIAN_POINT('',(0.652641725262,4.95581487037));
#1341 = CARTESIAN_POINT('',(0.652641038265,5.059836005039));
#1342 = CARTESIAN_POINT('',(0.652641370226,5.163888215117));
#1343 = CARTESIAN_POINT('',(0.652643013527,5.404581955211));
#1344 = CARTESIAN_POINT('',(0.652644548222,5.541537268846));
#1345 = CARTESIAN_POINT('',(0.652645554233,5.678348592106));
#1346 = CARTESIAN_POINT('',(0.652642419022,5.815076411112));
#1347 = CARTESIAN_POINT('',(0.652634515428,5.951803390993));
#1348 = CARTESIAN_POINT('',(0.65262585457,6.088609543634));
#1349 = CARTESIAN_POINT('',(0.652626337679,6.225557551375));
#1350 = CARTESIAN_POINT('',(0.652632840193,6.362267040357));
#1351 = ( GEOMETRIC_REPRESENTATION_CONTEXT(2) 
PARAMETRIC_REPRESENTATION_CONTEXT() REPRESENTATION_CONTEXT('2D SPACE',''
  ) );
#1352 = PCURVE('',#1353,#1358);
#1353 = CYLINDRICAL_SURFACE('',#1354,2.459);
#1354 = AXIS2_PLACEMENT_3D('',#1355,#1356,#1357);
#1355 = CARTESIAN_POINT('',(0.,0.,0.));
#1356 = DIRECTION('',(-0.,-0.,-1.));
#1357 = DIRECTION('',(1.,0.,0.));
#1358 = DEFINITIONAL_REPRESENTATION('',(#1359),#1418);
#1359 = B_SPLINE_CURVE_WITH_KNOTS('',8,(#1360,#1361,#1362,#1363,#1364,
    #1365,#1366,#1367,#1368,#1369,#1370,#1371,#1372,#1373,#1374,#1375,
    #1376,#1377,#1378,#1379,#1380,#1381,#1382,#1383,#1384,#1385,#1386,
    #1387,#1388,#1389,#1390,#1391,#1392,#1393,#1394,#1395,#1396,#1397,
    #1398,#1399,#1400,#1401,#1402,#1403,#1404,#1405,#1406,#1407,#1408,
    #1409,#1410,#1411,#1412,#1413,#1414,#1415,#1416,#1417),
  .UNSPECIFIED.,.F.,.F.,(9,7,7,7,7,7,7,7,9),(0.,0.122133474023,
    0.251257588331,0.332816043833,0.446765290109,0.572776988922,
    0.69725641559,0.828049784647,1.),.UNSPECIFIED.);
#1360 = CARTESIAN_POINT('',(0.,-0.365047233468));
#1361 = CARTESIAN_POINT('',(-9.590402371004E-02,-0.380310651518));
#1362 = CARTESIAN_POINT('',(-0.191850847399,-0.395592278087));
#1363 = CARTESIAN_POINT('',(-0.287775239222,-0.410864928983));
#1364 = CARTESIAN_POINT('',(-0.383680448514,-0.426126969234));
#1365 = CARTESIAN_POINT('',(-0.479585803505,-0.441385115968));
#1366 = CARTESIAN_POINT('',(-0.575510510987,-0.456646075996));
#1367 = CARTESIAN_POINT('',(-0.671457805013,-0.471911726755));
#1368 = CARTESIAN_POINT('',(-0.868758805922,-0.503306866292));
#1369 = CARTESIAN_POINT('',(-0.970207057805,-0.519451570578));
#1370 = CARTESIAN_POINT('',(-1.071624752906,-0.535594063143));
#1371 = CARTESIAN_POINT('',(-1.173018353079,-0.551734346999));
#1372 = CARTESIAN_POINT('',(-1.27441332302,-0.567874884071));
#1373 = CARTESIAN_POINT('',(-1.375834462723,-0.58401860658));
#1374 = CARTESIAN_POINT('',(-1.477285844472,-0.600166187822));
#1375 = CARTESIAN_POINT('',(-1.642721098167,-0.626496573639));
#1376 = CARTESIAN_POINT('',(-1.706765158662,-0.636689416543));
#1377 = CARTESIAN_POINT('',(-1.770807211924,-0.646881701852));
#1378 = CARTESIAN_POINT('',(-1.834848851474,-0.657073808016));
#1379 = CARTESIAN_POINT('',(-1.898893504742,-0.667266415152));
#1380 = CARTESIAN_POINT('',(-1.962942768916,-0.677459883485));
#1381 = CARTESIAN_POINT('',(-2.026992384841,-0.687653591118));
#1382 = CARTESIAN_POINT('',(-2.180494880016,-0.712084462299));
#1383 = CARTESIAN_POINT('',(-2.269996709912,-0.726329593154));
#1384 = CARTESIAN_POINT('',(-2.359484839079,-0.740572916226));
#1385 = CARTESIAN_POINT('',(-2.448959286625,-0.754814252005));
#1386 = CARTESIAN_POINT('',(-2.538433212516,-0.769055345913));
#1387 = CARTESIAN_POINT('',(-2.627920271106,-0.783298051295));
#1388 = CARTESIAN_POINT('',(-2.717421925571,-0.797542483749));
#1389 = CARTESIAN_POINT('',(-2.905833108628,-0.827527478034));
#1390 = CARTESIAN_POINT('',(-3.004824028093,-0.84328087072));
#1391 = CARTESIAN_POINT('',(-3.103788748936,-0.859029482593));
#1392 = CARTESIAN_POINT('',(-3.202731350315,-0.874774282554));
#1393 = CARTESIAN_POINT('',(-3.301673984477,-0.890519356871));
#1394 = CARTESIAN_POINT('',(-3.400638789141,-0.906268732688));
#1395 = CARTESIAN_POINT('',(-3.499629806356,-0.922023231043));
#1396 = CARTESIAN_POINT('',(-3.696309159096,-0.953326636497));
#1397 = CARTESIAN_POINT('',(-3.794095696773,-0.968891152009));
#1398 = CARTESIAN_POINT('',(-3.891858131343,-0.984452605223));
#1399 = CARTESIAN_POINT('',(-3.989599540574,-1.00001115725));
#1400 = CARTESIAN_POINT('',(-4.087340613182,-1.015569544324));
#1401 = CARTESIAN_POINT('',(-4.185102361013,-1.031130611907));
#1402 = CARTESIAN_POINT('',(-4.282888795,-1.046694812162));
#1403 = CARTESIAN_POINT('',(-4.483326520298,-1.07859601616));
#1404 = CARTESIAN_POINT('',(-4.586084573179,-1.094949935186));
#1405 = CARTESIAN_POINT('',(-4.688811436664,-1.11129814332));
#1406 = CARTESIAN_POINT('',(-4.791513233598,-1.127641983435));
#1407 = CARTESIAN_POINT('',(-4.894216395867,-1.143986303494));
#1408 = CARTESIAN_POINT('',(-4.996946451213,-1.160335620559));
#1409 = CARTESIAN_POINT('',(-5.09970679446,-1.176690391896));
#1410 = CARTESIAN_POINT('',(-5.337410693344,-1.214522764968));
#1411 = CARTESIAN_POINT('',(-5.47266365543,-1.236049852702));
#1412 = CARTESIAN_POINT('',(-5.607772757475,-1.257553768879));
#1413 = CARTESIAN_POINT('',(-5.742797645092,-1.279042891731));
#1414 = CARTESIAN_POINT('',(-5.877821734886,-1.300528206385));
#1415 = CARTESIAN_POINT('',(-6.012926636731,-1.322026526415));
#1416 = CARTESIAN_POINT('',(-6.148173528713,-1.34355167562));
#1417 = CARTESIAN_POINT('',(-6.28318530718,-1.365042862543));
#1418 = ( GEOMETRIC_REPRESENTATION_CONTEXT(2) 
PARAMETRIC_REPRESENTATION_CONTEXT() REPRESENTATION_CONTEXT('2D SPACE',''
  ) );
#1419 = ORIENTED_EDGE('',*,*,#1420,.T.);
#1420 = EDGE_CURVE('',#1228,#1421,#1423,.T.);
#1421 = VERTEX_POINT('',#1422);
#1422 = CARTESIAN_POINT('',(2.459,0.,2.365047993036));
#1423 = SURFACE_CURVE('',#1424,(#1490,#1559),.PCURVE_S1.);
#1424 = B_SPLINE_CURVE_WITH_KNOTS('',8,(#1425,#1426,#1427,#1428,#1429,
    #1430,#1431,#1432,#1433,#1434,#1435,#1436,#1437,#1438,#1439,#1440,
    #1441,#1442,#1443,#1444,#1445,#1446,#1447,#1448,#1449,#1450,#1451,
    #1452,#1453,#1454,#1455,#1456,#1457,#1458,#1459,#1460,#1461,#1462,
    #1463,#1464,#1465,#1466,#1467,#1468,#1469,#1470,#1471,#1472,#1473,
    #1474,#1475,#1476,#1477,#1478,#1479,#1480,#1481,#1482,#1483,#1484,
    #1485,#1486,#1487,#1488,#1489),.UNSPECIFIED.,.F.,.F.,(9,7,7,7,7,7,7,
    7,7,9),(0.,0.107958133749,0.170282035476,0.232572826421,
    0.348845546394,0.452133897228,0.559659084384,0.689392126848,
    0.832619267076,1.),.UNSPECIFIED.);
#1425 = CARTESIAN_POINT('',(2.459,4.440892098501E-16,1.365042862543));
#1426 = CARTESIAN_POINT('',(2.459,0.208451302509,1.378536679637));
#1427 = CARTESIAN_POINT('',(2.438804775516,0.416966971485,1.392035969953
    ));
#1428 = CARTESIAN_POINT('',(2.398394179543,0.623170958638,1.405534807616
    ));
#1429 = CARTESIAN_POINT('',(2.33810217052,0.824777123285,1.419032044364)
  );
#1430 = CARTESIAN_POINT('',(2.258555233827,1.019586879253,1.432527619351
    ));
#1431 = CARTESIAN_POINT('',(2.160647075038,1.205498649321,1.446020830925
    ));
#1432 = CARTESIAN_POINT('',(2.045549584931,1.380529127185,1.459510570377
    ));
#1433 = CARTESIAN_POINT('',(1.839255691346,1.636551583465,1.480783491262
    ));
#1434 = CARTESIAN_POINT('',(1.758507580978,1.726036562496,1.488570807818
    ));
#1435 = CARTESIAN_POINT('',(1.6727963345,1.81095446545,1.496359757273));
#1436 = CARTESIAN_POINT('',(1.582424566402,1.890984855087,1.504150290334
    ));
#1437 = CARTESIAN_POINT('',(1.487716916325,1.965833675548,1.511942018482
    ));
#1438 = CARTESIAN_POINT('',(1.389020049062,2.035233252352,1.519734213975
    ));
#1439 = CARTESIAN_POINT('',(1.286702654552,2.098942292394,1.527525809843
    ));
#1440 = CARTESIAN_POINT('',(1.075664315225,2.214518766222,1.543100851577
    ));
#1441 = CARTESIAN_POINT('',(0.96694113408,2.266395845806,1.550885146977)
  );
#1442 = CARTESIAN_POINT('',(0.855375701289,2.312164267914,1.558668546594
    ));
#1443 = CARTESIAN_POINT('',(0.741368645314,2.351643761075,1.566451297839
    ));
#1444 = CARTESIAN_POINT('',(0.625331426249,2.384686637127,1.574233635039
    ));
#1445 = CARTESIAN_POINT('',(0.507686335819,2.411177791223,1.582015779437
    ));
#1446 = CARTESIAN_POINT('',(0.388866497378,2.431034701827,1.589797939193
    ));
#1447 = CARTESIAN_POINT('',(4.616125694833E-02,2.46879580075,
    1.612106972719));
#1448 = CARTESIAN_POINT('',(-0.179639664029,2.470108401234,
    1.626639888239));
#1449 = CARTESIAN_POINT('',(-0.405132184042,2.447791283496,
    1.641172142092));
#1450 = CARTESIAN_POINT('',(-0.627428070037,2.401984415278,
    1.655704050078));
#1451 = CARTESIAN_POINT('',(-0.843727929581,2.333224504364,
    1.670237099982));
#1452 = CARTESIAN_POINT('',(-1.051327735419,2.24241273087,1.684772671243
    ));
#1453 = CARTESIAN_POINT('',(-1.247640161231,2.130839500673,
    1.699310598358));
#1454 = CARTESIAN_POINT('',(-1.592488974077,1.884259381724,
    1.726751872609));
#1455 = CARTESIAN_POINT('',(-1.743992663202,1.753203399518,
    1.739662780912));
#1456 = CARTESIAN_POINT('',(-1.883090789792,1.608280448595,
    1.752571580721));
#1457 = CARTESIAN_POINT('',(-2.008322882507,1.450875189423,
    1.765478395337));
#1458 = CARTESIAN_POINT('',(-2.118422941085,1.282532610497,
    1.778385246501));
#1459 = CARTESIAN_POINT('',(-2.212316933356,1.104940428681,
    1.791294013684));
#1460 = CARTESIAN_POINT('',(-2.289144500352,0.919928159558,
    1.804204366127));
#1461 = CARTESIAN_POINT('',(-2.409891967331,0.53122558532,1.830548420202
    ));
#1462 = CARTESIAN_POINT('',(-2.45236960381,0.326961680833,1.843989743163
    ));
#1463 = CARTESIAN_POINT('',(-2.475021574825,0.118925684927,
    1.857430204571));
#1464 = CARTESIAN_POINT('',(-2.477490037468,-9.062845250067E-02,
    1.870869066129));
#1465 = CARTESIAN_POINT('',(-2.459717402985,-0.299442130329,
    1.884307932551));
#1466 = CARTESIAN_POINT('',(-2.42192624132,-0.505267812509,
    1.897748418143));
#1467 = CARTESIAN_POINT('',(-2.364637197252,-0.705885702545,
    1.911189830621));
#1468 = CARTESIAN_POINT('',(-2.197133997063,-1.132267232667,
    1.940839150666));
#1469 = CARTESIAN_POINT('',(-2.078344859152,-1.354889845834,
    1.957060450882));
#1470 = CARTESIAN_POINT('',(-1.933833086577,-1.563074730338,
    1.973276311651));
#1471 = CARTESIAN_POINT('',(-1.765720382142,-1.753389528032,
    1.989487596455));
#1472 = CARTESIAN_POINT('',(-1.576589048294,-1.922830360675,
    2.005698801042));
#1473 = CARTESIAN_POINT('',(-1.369424533557,-2.068796774553,
    2.021914569905));
#1474 = CARTESIAN_POINT('',(-1.14763916475,-2.189145228919,
    2.038136160102));
#1475 = CARTESIAN_POINT('',(-0.658436931972,-2.38529375747,
    2.072249451059));
#1476 = CARTESIAN_POINT('',(-0.388299642367,-2.455307451736,
    2.090165425896));
#1477 = CARTESIAN_POINT('',(-0.109961226502,-2.490205331967,
    2.108074378328));
#1478 = CARTESIAN_POINT('',(0.171217977771,-2.489015873876,
    2.125977828445));
#1479 = CARTESIAN_POINT('',(0.449911814967,-2.451692123597,
    2.143881090736));
#1480 = CARTESIAN_POINT('',(0.720850717804,-2.37900965155,2.161789615536
    ));
#1481 = CARTESIAN_POINT('',(0.978857561543,-2.272664398365,
    2.179705216011));
#1482 = CARTESIAN_POINT('',(1.499725586432,-1.975338040015,
    2.218523075261));
#1483 = CARTESIAN_POINT('',(1.756789493406,-1.772698035228,2.23947316122
    ));
#1484 = CARTESIAN_POINT('',(1.982001848761,-1.532031735674,
    2.260403380373));
#1485 = CARTESIAN_POINT('',(2.169093086883,-1.259441039786,
    2.281321873212));
#1486 = CARTESIAN_POINT('',(2.313079231068,-0.961824325535,
    2.302242347773));
#1487 = CARTESIAN_POINT('',(2.410451846837,-0.646928280679,2.32317584593
    ));
#1488 = CARTESIAN_POINT('',(2.459,-0.323197064482,2.344129624792));
#1489 = CARTESIAN_POINT('',(2.459,-4.440892098501E-16,2.365047993036));
#1490 = PCURVE('',#690,#1491);
#1491 = DEFINITIONAL_REPRESENTATION('',(#1492),#1558);
#1492 = B_SPLINE_CURVE_WITH_KNOTS('',8,(#1493,#1494,#1495,#1496,#1497,
    #1498,#1499,#1500,#1501,#1502,#1503,#1504,#1505,#1506,#1507,#1508,
    #1509,#1510,#1511,#1512,#1513,#1514,#1515,#1516,#1517,#1518,#1519,
    #1520,#1521,#1522,#1523,#1524,#1525,#1526,#1527,#1528,#1529,#1530,
    #1531,#1532,#1533,#1534,#1535,#1536,#1537,#1538,#1539,#1540,#1541,
    #1542,#1543,#1544,#1545,#1546,#1547,#1548,#1549,#1550,#1551,#1552,
    #1553,#1554,#1555,#1556,#1557),.UNSPECIFIED.,.F.,.F.,(9,7,7,7,7,7,7,
    7,7,9),(0.,0.107958133749,0.170282035476,0.232572826421,
    0.348845546394,0.452133897228,0.559659084384,0.689392126848,
    0.832619267076,1.),.UNSPECIFIED.);
#1493 = CARTESIAN_POINT('',(0.65263280784,6.362267042155));
#1494 = CARTESIAN_POINT('',(0.652636890395,6.448103755733));
#1495 = CARTESIAN_POINT('',(0.652643526071,6.533966205715));
#1496 = CARTESIAN_POINT('',(0.652652083687,6.619818936289));
#1497 = CARTESIAN_POINT('',(0.652661412201,6.705658738035));
#1498 = CARTESIAN_POINT('',(0.65266791037,6.79149803941));
#1499 = CARTESIAN_POINT('',(0.652666853444,6.87734919012));
#1500 = CARTESIAN_POINT('',(0.652656976884,6.963209636389));
#1501 = CARTESIAN_POINT('',(0.652643317842,7.098602207065));
#1502 = CARTESIAN_POINT('',(0.652640687878,7.148156538801));
#1503 = CARTESIAN_POINT('',(0.652640949006,7.197710971069));
#1504 = CARTESIAN_POINT('',(0.652644019389,7.247265481484));
#1505 = CARTESIAN_POINT('',(0.652649213561,7.296820037529));
#1506 = CARTESIAN_POINT('',(0.652655242426,7.346374596556));
#1507 = CARTESIAN_POINT('',(0.65266021326,7.395929105785));
#1508 = CARTESIAN_POINT('',(0.652663045404,7.495011572088));
#1509 = CARTESIAN_POINT('',(0.65266245437,7.544539426569));
#1510 = CARTESIAN_POINT('',(0.652660235646,7.594067374222));
#1511 = CARTESIAN_POINT('',(0.652656794498,7.643595546949));
#1512 = CARTESIAN_POINT('',(0.652652562418,7.693123900077));
#1513 = CARTESIAN_POINT('',(0.652647997121,7.742652212362));
#1514 = CARTESIAN_POINT('',(0.652643582545,7.792180085986));
#1515 = CARTESIAN_POINT('',(0.652632822172,7.934154364592));
#1516 = CARTESIAN_POINT('',(0.652627653213,8.026635020823));
#1517 = CARTESIAN_POINT('',(0.652626211391,8.119098203743));
#1518 = CARTESIAN_POINT('',(0.65262835736,8.211546418441));
#1519 = CARTESIAN_POINT('',(0.652632316995,8.303995444115));
#1520 = CARTESIAN_POINT('',(0.652636234457,8.396460661414));
#1521 = CARTESIAN_POINT('',(0.652639369773,8.488943650672));
#1522 = CARTESIAN_POINT('',(0.652643253255,8.663518493026));
#1523 = CARTESIAN_POINT('',(0.65264424504,8.745657585311));
#1524 = CARTESIAN_POINT('',(0.652644192071,8.827786980728));
#1525 = CARTESIAN_POINT('',(0.652643393359,8.909906399661));
#1526 = CARTESIAN_POINT('',(0.652642359768,8.992026886976));
#1527 = CARTESIAN_POINT('',(0.652641579966,9.074158661363));
#1528 = CARTESIAN_POINT('',(0.6526413491,9.156298568121));
#1529 = CARTESIAN_POINT('',(0.652641984097,9.32390416505));
#1530 = CARTESIAN_POINT('',(0.652642896228,9.409418179484));
#1531 = CARTESIAN_POINT('',(0.65264445299,9.49492441847));
#1532 = CARTESIAN_POINT('',(0.65264635618,9.580419245964));
#1533 = CARTESIAN_POINT('',(0.652648130213,9.665914564034));
#1534 = CARTESIAN_POINT('',(0.652649293884,9.751422355767));
#1535 = CARTESIAN_POINT('',(0.652649526711,9.836939357143));
#1536 = CARTESIAN_POINT('',(0.652647989067,10.025581664186));
#1537 = CARTESIAN_POINT('',(0.652645784486,10.128793722291));
#1538 = CARTESIAN_POINT('',(0.652642164846,10.231976208892));
#1539 = CARTESIAN_POINT('',(0.652637592955,10.335132970731));
#1540 = CARTESIAN_POINT('',(0.652633145352,10.43828877991));
#1541 = CARTESIAN_POINT('',(0.65262991255,10.541469305162));
#1542 = CARTESIAN_POINT('',(0.652628388697,10.644680785722));
#1543 = CARTESIAN_POINT('',(0.652628705902,10.861717458477));
#1544 = CARTESIAN_POINT('',(0.652630912676,10.975695787332));
#1545 = CARTESIAN_POINT('',(0.652635120824,11.089622315574));
#1546 = CARTESIAN_POINT('',(0.652640482244,11.203509732532));
#1547 = CARTESIAN_POINT('',(0.652645346355,11.317397724241));
#1548 = CARTESIAN_POINT('',(0.652648378464,11.431325716896));
#1549 = CARTESIAN_POINT('',(0.652649466559,11.545305644954));
#1550 = CARTESIAN_POINT('',(0.652648656931,11.792278038539));
#1551 = CARTESIAN_POINT('',(0.652646222019,11.925576704949));
#1552 = CARTESIAN_POINT('',(0.652642601172,12.058753193821));
#1553 = CARTESIAN_POINT('',(0.652639664177,12.191852643169));
#1554 = CARTESIAN_POINT('',(0.65264014379,12.324952542229));
#1555 = CARTESIAN_POINT('',(0.652642562905,12.458128398829));
#1556 = CARTESIAN_POINT('',(0.652644034641,12.591436658057));
#1557 = CARTESIAN_POINT('',(0.652643539477,12.724526625066));
#1558 = ( GEOMETRIC_REPRESENTATION_CONTEXT(2) 
PARAMETRIC_REPRESENTATION_CONTEXT() REPRESENTATION_CONTEXT('2D SPACE',''
  ) );
#1559 = PCURVE('',#1560,#1565);
#1560 = CYLINDRICAL_SURFACE('',#1561,2.459);
#1561 = AXIS2_PLACEMENT_3D('',#1562,#1563,#1564);
#1562 = CARTESIAN_POINT('',(0.,0.,0.));
#1563 = DIRECTION('',(-0.,-0.,-1.));
#1564 = DIRECTION('',(1.,0.,0.));
#1565 = DEFINITIONAL_REPRESENTATION('',(#1566),#1632);
#1566 = B_SPLINE_CURVE_WITH_KNOTS('',8,(#1567,#1568,#1569,#1570,#1571,
    #1572,#1573,#1574,#1575,#1576,#1577,#1578,#1579,#1580,#1581,#1582,
    #1583,#1584,#1585,#1586,#1587,#1588,#1589,#1590,#1591,#1592,#1593,
    #1594,#1595,#1596,#1597,#1598,#1599,#1600,#1601,#1602,#1603,#1604,
    #1605,#1606,#1607,#1608,#1609,#1610,#1611,#1612,#1613,#1614,#1615,
    #1616,#1617,#1618,#1619,#1620,#1621,#1622,#1623,#1624,#1625,#1626,
    #1627,#1628,#1629,#1630,#1631),.UNSPECIFIED.,.F.,.F.,(9,7,7,7,7,7,7,
    7,7,9),(0.,0.107958133749,0.170282035476,0.232572826421,
    0.348845546394,0.452133897228,0.559659084384,0.689392126848,
    0.832619267076,1.),.UNSPECIFIED.);
#1567 = CARTESIAN_POINT('',(0.,-1.365042862543));
#1568 = CARTESIAN_POINT('',(-8.477076149214E-02,-1.378536679637));
#1569 = CARTESIAN_POINT('',(-0.169567068881,-1.392035969953));
#1570 = CARTESIAN_POINT('',(-0.254353799152,-1.405534807616));
#1571 = CARTESIAN_POINT('',(-0.339126987402,-1.419032044364));
#1572 = CARTESIAN_POINT('',(-0.423898678,-1.432527619351));
#1573 = CARTESIAN_POINT('',(-0.508681739896,-1.446020830925));
#1574 = CARTESIAN_POINT('',(-0.593474646062,-1.459510570377));
#1575 = CARTESIAN_POINT('',(-0.727184586776,-1.480783491262));
#1576 = CARTESIAN_POINT('',(-0.776123169841,-1.488570807818));
#1577 = CARTESIAN_POINT('',(-0.825061860474,-1.496359757273));
#1578 = CARTESIAN_POINT('',(-0.874000568109,-1.504150290334));
#1579 = CARTESIAN_POINT('',(-0.922939217412,-1.511942018482));
#1580 = CARTESIAN_POINT('',(-0.971877748279,-1.519734213975));
#1581 = CARTESIAN_POINT('',(-1.020816115839,-1.527525809843));
#1582 = CARTESIAN_POINT('',(-1.11866646571,-1.543100851577));
#1583 = CARTESIAN_POINT('',(-1.167578415044,-1.550885146977));
#1584 = CARTESIAN_POINT('',(-1.21649055607,-1.558668546594));
#1585 = CARTESIAN_POINT('',(-1.26540309084,-1.566451297839));
#1586 = CARTESIAN_POINT('',(-1.314316005843,-1.574233635039));
#1587 = CARTESIAN_POINT('',(-1.363229072006,-1.582015779437));
#1588 = CARTESIAN_POINT('',(-1.412141844692,-1.589797939193));
#1589 = CARTESIAN_POINT('',(-1.552353037949,-1.612106972719));
#1590 = CARTESIAN_POINT('',(-1.643685436437,-1.626639888239));
#1591 = CARTESIAN_POINT('',(-1.735000349563,-1.641172142092));
#1592 = CARTESIAN_POINT('',(-1.826299659125,-1.655704050078));
#1593 = CARTESIAN_POINT('',(-1.917598820593,-1.670237099982));
#1594 = CARTESIAN_POINT('',(-2.008913329004,-1.684772671243));
#1595 = CARTESIAN_POINT('',(-2.100245173872,-1.699310598358));
#1596 = CARTESIAN_POINT('',(-2.272647311761,-1.726751872609));
#1597 = CARTESIAN_POINT('',(-2.35376422797,-1.739662780912));
#1598 = CARTESIAN_POINT('',(-2.434871919606,-1.752571580721));
#1599 = CARTESIAN_POINT('',(-2.515970303919,-1.765478395337));
#1600 = CARTESIAN_POINT('',(-2.597070342269,-1.778385246501));
#1601 = CARTESIAN_POINT('',(-2.678182025832,-1.791294013684));
#1602 = CARTESIAN_POINT('',(-2.75930203763,-1.804204366127));
#1603 = CARTESIAN_POINT('',(-2.924826786689,-1.830548420202));
#1604 = CARTESIAN_POINT('',(-3.009279256042,-1.843989743163));
#1605 = CARTESIAN_POINT('',(-3.093723956865,-1.857430204571));
#1606 = CARTESIAN_POINT('',(-3.178157076991,-1.870869066129));
#1607 = CARTESIAN_POINT('',(-3.262590241196,-1.884307932551));
#1608 = CARTESIAN_POINT('',(-3.347035283979,-1.897748418143));
#1609 = CARTESIAN_POINT('',(-3.431489088117,-1.911189830621));
#1610 = CARTESIAN_POINT('',(-3.617785626746,-1.940839150666));
#1611 = CARTESIAN_POINT('',(-3.719713942378,-1.957060450882));
#1612 = CARTESIAN_POINT('',(-3.821612975465,-1.973276311651));
#1613 = CARTESIAN_POINT('',(-3.923486836671,-1.989487596455));
#1614 = CARTESIAN_POINT('',(-4.025360168877,-2.005698801042));
#1615 = CARTESIAN_POINT('',(-4.127258281181,-2.021914569905));
#1616 = CARTESIAN_POINT('',(-4.229187128673,-2.038136160102));
#1617 = CARTESIAN_POINT('',(-4.443526609676,-2.072249451059));
#1618 = CARTESIAN_POINT('',(-4.556088470715,-2.090165425896));
#1619 = CARTESIAN_POINT('',(-4.668598922816,-2.108074378328));
#1620 = CARTESIAN_POINT('',(-4.781070223481,-2.125977828445));
#1621 = CARTESIAN_POINT('',(-4.893541611763,-2.143881090735));
#1622 = CARTESIAN_POINT('',(-5.00605239377,-2.161789615536));
#1623 = CARTESIAN_POINT('',(-5.118614815957,-2.179705216011));
#1624 = CARTESIAN_POINT('',(-5.362516945162,-2.218523075261));
#1625 = CARTESIAN_POINT('',(-5.494159251903,-2.23947316122));
#1626 = CARTESIAN_POINT('',(-5.625682000782,-2.260403380373));
#1627 = CARTESIAN_POINT('',(-5.757129747079,-2.281321873212));
#1628 = CARTESIAN_POINT('',(-5.888578083335,-2.302242347773));
#1629 = CARTESIAN_POINT('',(-6.020099963264,-2.32317584593));
#1630 = CARTESIAN_POINT('',(-6.151750958061,-2.344129624792));
#1631 = CARTESIAN_POINT('',(-6.28318530718,-2.365047993036));
#1632 = ( GEOMETRIC_REPRESENTATION_CONTEXT(2) 
PARAMETRIC_REPRESENTATION_CONTEXT() REPRESENTATION_CONTEXT('2D SPACE',''
  ) );
#1633 = ORIENTED_EDGE('',*,*,#1634,.T.);
#1634 = EDGE_CURVE('',#1421,#1635,#1637,.T.);
#1635 = VERTEX_POINT('',#1636);
#1636 = CARTESIAN_POINT('',(2.459,0.,3.365050096279));
#1637 = SURFACE_CURVE('',#1638,(#1697,#1759),.PCURVE_S1.);
#1638 = B_SPLINE_CURVE_WITH_KNOTS('',8,(#1639,#1640,#1641,#1642,#1643,
    #1644,#1645,#1646,#1647,#1648,#1649,#1650,#1651,#1652,#1653,#1654,
    #1655,#1656,#1657,#1658,#1659,#1660,#1661,#1662,#1663,#1664,#1665,
    #1666,#1667,#1668,#1669,#1670,#1671,#1672,#1673,#1674,#1675,#1676,
    #1677,#1678,#1679,#1680,#1681,#1682,#1683,#1684,#1685,#1686,#1687,
    #1688,#1689,#1690,#1691,#1692,#1693,#1694,#1695,#1696),
  .UNSPECIFIED.,.F.,.F.,(9,7,7,7,7,7,7,7,9),(0.,0.103557556748,
    0.200263786482,0.253296173439,0.433439528096,0.609038130006,
    0.730065275226,0.848797886827,1.),.UNSPECIFIED.);
#1639 = CARTESIAN_POINT('',(2.459,-4.440892098501E-16,2.365047993036));
#1640 = CARTESIAN_POINT('',(2.459,0.199881701466,2.377984988746));
#1641 = CARTESIAN_POINT('',(2.440431199979,0.399823246088,2.390925429436
    ));
#1642 = CARTESIAN_POINT('',(2.403275287307,0.597734059643,2.403864435533
    ));
#1643 = CARTESIAN_POINT('',(2.347811992865,0.791596171137,2.416801325373
    ));
#1644 = CARTESIAN_POINT('',(2.274570065499,0.979463239628,2.429737822647
    ));
#1645 = CARTESIAN_POINT('',(2.184307291771,1.159468359401,2.442676059206
    ));
#1646 = CARTESIAN_POINT('',(2.078019560995,1.32984064352,2.455616373228)
  );
#1647 = CARTESIAN_POINT('',(1.843946387434,1.637495200282,2.480637424251
    ));
#1648 = CARTESIAN_POINT('',(1.717997063991,1.77628869859,2.492723802643)
  );
#1649 = CARTESIAN_POINT('',(1.580146750924,1.903954520584,2.504810831626
    ));
#1650 = CARTESIAN_POINT('',(1.431558773021,2.019311534666,2.516898217772
    ));
#1651 = CARTESIAN_POINT('',(1.273517439907,2.121334796601,2.528986463574
    ));
#1652 = CARTESIAN_POINT('',(1.107413843134,2.209152356813,2.54107537619)
  );
#1653 = CARTESIAN_POINT('',(0.934744044618,2.282058116086,2.553163201846
    ));
#1654 = CARTESIAN_POINT('',(0.659712847039,2.371063416647,2.57187264044)
  );
#1655 = CARTESIAN_POINT('',(0.560805866587,2.397951375652,2.578498139719
    ));
#1656 = CARTESIAN_POINT('',(0.460657437901,2.420120873049,2.585122782855
    ));
#1657 = CARTESIAN_POINT('',(0.359529608212,2.437505926788,2.591746703877
    ));
#1658 = CARTESIAN_POINT('',(0.257687749158,2.450058306407,2.59837027173)
  );
#1659 = CARTESIAN_POINT('',(0.155400556791,2.457747533041,2.604994090274
    ));
#1660 = CARTESIAN_POINT('',(5.294005156804E-02,2.460560879418,
    2.611618998288));
#1661 = CARTESIAN_POINT('',(-0.397115363069,2.451514307217,2.64075727257
    ));
#1662 = CARTESIAN_POINT('',(-0.744423427728,2.388311341182,
    2.663335702786));
#1663 = CARTESIAN_POINT('',(-1.079529822071,2.268719761389,
    2.685856134679));
#1664 = CARTESIAN_POINT('',(-1.391999158103,2.095985617887,
    2.708350003841));
#1665 = CARTESIAN_POINT('',(-1.672403634741,1.874975427983,
    2.730854595774));
#1666 = CARTESIAN_POINT('',(-1.912609523336,1.612490952716,
    2.753379805974));
#1667 = CARTESIAN_POINT('',(-2.105575859577,1.316881846425,
    2.775938638978));
#1668 = CARTESIAN_POINT('',(-2.384616546409,0.689351723507,
    2.820394759342));
#1669 = CARTESIAN_POINT('',(-2.473806790429,0.357316537676,2.84238048504
    ));
#1670 = CARTESIAN_POINT('',(-2.509738902403,1.275133583359E-02,
    2.864341533888));
#1671 = CARTESIAN_POINT('',(-2.490890407777,-0.334332044724,
    2.886284965647));
#1672 = CARTESIAN_POINT('',(-2.417540417792,-0.67407502971,
    2.908226638637));
#1673 = CARTESIAN_POINT('',(-2.292047779376,-0.996925253511,
    2.930181587537));
#1674 = CARTESIAN_POINT('',(-2.118496922351,-1.29367322933,
    2.952161708825));
#1675 = CARTESIAN_POINT('',(-1.756070252423,-1.737094664633,
    2.989229914825));
#1676 = CARTESIAN_POINT('',(-1.588480570524,-1.90203853669,
    3.004361305754));
#1677 = CARTESIAN_POINT('',(-1.403281654389,-2.048368268819,
    3.019489291947));
#1678 = CARTESIAN_POINT('',(-1.202930579286,-2.173930578023,
    3.034613790201));
#1679 = CARTESIAN_POINT('',(-0.990127943564,-2.276982741597,
    3.049737382744));
#1680 = CARTESIAN_POINT('',(-0.767784214935,-2.356166445568,
    3.064862989277));
#1681 = CARTESIAN_POINT('',(-0.539022861148,-2.41054708429,
    3.079991469124));
#1682 = CARTESIAN_POINT('',(-7.97382057623E-02,-2.468374760548,
    3.109949176574));
#1683 = CARTESIAN_POINT('',(0.150851989969,-2.472790900534,
    3.124790553216));
#1684 = CARTESIAN_POINT('',(0.381439611601,-2.45255561417,3.139628930878
    ));
#1685 = CARTESIAN_POINT('',(0.608943455295,-2.407781821028,
    3.154464939284));
#1686 = CARTESIAN_POINT('',(0.830376278937,-2.339015554592,
    3.169301556654));
#1687 = CARTESIAN_POINT('',(1.042852751278,-2.247198719693,
    3.184141609036));
#1688 = CARTESIAN_POINT('',(1.243613066214,-2.133695853222,
    3.198985408457));
#1689 = CARTESIAN_POINT('',(1.667578108692,-1.830597261436,
    3.232720500613));
#1690 = CARTESIAN_POINT('',(1.882283866024,-1.628411727854,
    3.251638514619));
#1691 = CARTESIAN_POINT('',(2.068628621382,-1.397627642339,
    3.270546138548));
#1692 = CARTESIAN_POINT('',(2.222330567858,-1.143032007483,
    3.289445194812));
#1693 = CARTESIAN_POINT('',(2.340035260336,-0.869936330802,
    3.308342031048));
#1694 = CARTESIAN_POINT('',(2.419391244371,-0.584153398165,
    3.327244374081));
#1695 = CARTESIAN_POINT('',(2.459,-0.291929635072,3.346156796159));
#1696 = CARTESIAN_POINT('',(2.459,4.440892098501E-16,3.365050096279));
#1697 = PCURVE('',#690,#1698);
#1698 = DEFINITIONAL_REPRESENTATION('',(#1699),#1758);
#1699 = B_SPLINE_CURVE_WITH_KNOTS('',8,(#1700,#1701,#1702,#1703,#1704,
    #1705,#1706,#1707,#1708,#1709,#1710,#1711,#1712,#1713,#1714,#1715,
    #1716,#1717,#1718,#1719,#1720,#1721,#1722,#1723,#1724,#1725,#1726,
    #1727,#1728,#1729,#1730,#1731,#1732,#1733,#1734,#1735,#1736,#1737,
    #1738,#1739,#1740,#1741,#1742,#1743,#1744,#1745,#1746,#1747,#1748,
    #1749,#1750,#1751,#1752,#1753,#1754,#1755,#1756,#1757),
  .UNSPECIFIED.,.F.,.F.,(9,7,7,7,7,7,7,7,9),(0.,0.103557556748,
    0.200263786482,0.253296173439,0.433439528096,0.609038130006,
    0.730065275226,0.848797886827,1.),.UNSPECIFIED.);
#1700 = CARTESIAN_POINT('',(0.652643539477,12.724526625066));
#1701 = CARTESIAN_POINT('',(0.652643233242,12.806836311561));
#1702 = CARTESIAN_POINT('',(0.652642169311,12.889170612316));
#1703 = CARTESIAN_POINT('',(0.652640110027,12.971499327932));
#1704 = CARTESIAN_POINT('',(0.652637000761,13.053818315883));
#1705 = CARTESIAN_POINT('',(0.652633334753,13.136136787479));
#1706 = CARTESIAN_POINT('',(0.652630136403,13.218464660634));
#1707 = CARTESIAN_POINT('',(0.652628563034,13.300799968409));
#1708 = CARTESIAN_POINT('',(0.652629649984,13.459986660802));
#1709 = CARTESIAN_POINT('',(0.652632067533,13.536874801379));
#1710 = CARTESIAN_POINT('',(0.652636664535,13.613759325275));
#1711 = CARTESIAN_POINT('',(0.652643657389,13.690637595519));
#1712 = CARTESIAN_POINT('',(0.652652008276,13.76751650235));
#1713 = CARTESIAN_POINT('',(0.652659357779,13.844403215195));
#1714 = CARTESIAN_POINT('',(0.652663073956,13.921295942256));
#1715 = CARTESIAN_POINT('',(0.652662058078,14.040333966203));
#1716 = CARTESIAN_POINT('',(0.652660484541,14.082492748918));
#1717 = CARTESIAN_POINT('',(0.652657366071,14.124651582526));
#1718 = CARTESIAN_POINT('',(0.652652861758,14.166810753592));
#1719 = CARTESIAN_POINT('',(0.652647620974,14.208970298548));
#1720 = CARTESIAN_POINT('',(0.652642783368,14.2511300037));
#1721 = CARTESIAN_POINT('',(0.652639978868,14.293289405219));
#1722 = CARTESIAN_POINT('',(0.652645909402,14.478653726947));
#1723 = CARTESIAN_POINT('',(0.652685740412,14.622161941475));
#1724 = CARTESIAN_POINT('',(0.652671046831,14.765495189261));
#1725 = CARTESIAN_POINT('',(0.652639893878,14.908718011346));
#1726 = CARTESIAN_POINT('',(0.652627844253,15.051941072578));
#1727 = CARTESIAN_POINT('',(0.652624836535,15.195263135342));
#1728 = CARTESIAN_POINT('',(0.652628496376,15.338775387874));
#1729 = CARTESIAN_POINT('',(0.652638021926,15.621583114179));
#1730 = CARTESIAN_POINT('',(0.652643962672,15.761440989095));
#1731 = CARTESIAN_POINT('',(0.652647093057,15.901151864475));
#1732 = CARTESIAN_POINT('',(0.652644227022,16.040771994451));
#1733 = CARTESIAN_POINT('',(0.652640903687,16.180382562059));
#1734 = CARTESIAN_POINT('',(0.652640145079,16.320068467534));
#1735 = CARTESIAN_POINT('',(0.652641556651,16.459906803489));
#1736 = CARTESIAN_POINT('',(0.652645348057,16.695731065696));
#1737 = CARTESIAN_POINT('',(0.652647288891,16.791994079834));
#1738 = CARTESIAN_POINT('',(0.652649188227,16.888235579817));
#1739 = CARTESIAN_POINT('',(0.652650318995,16.984457623674));
#1740 = CARTESIAN_POINT('',(0.652650077803,17.080678787498));
#1741 = CARTESIAN_POINT('',(0.652648335166,17.176918107985));
#1742 = CARTESIAN_POINT('',(0.652645514446,17.273179545779));
#1743 = CARTESIAN_POINT('',(0.652638935239,17.463801836453));
#1744 = CARTESIAN_POINT('',(0.652635195816,17.558239916894));
#1745 = CARTESIAN_POINT('',(0.652631523501,17.65265867821));
#1746 = CARTESIAN_POINT('',(0.652628673307,17.747059440051));
#1747 = CARTESIAN_POINT('',(0.652627289829,17.841458856739));
#1748 = CARTESIAN_POINT('',(0.652627600895,17.935874097577));
#1749 = CARTESIAN_POINT('',(0.652629319793,18.030308168091));
#1750 = CARTESIAN_POINT('',(0.652635308501,18.244918456865));
#1751 = CARTESIAN_POINT('',(0.652640151634,18.365262642679));
#1752 = CARTESIAN_POINT('',(0.652645448794,18.485539108354));
#1753 = CARTESIAN_POINT('',(0.652649575685,18.605765228841));
#1754 = CARTESIAN_POINT('',(0.652650946119,18.725987034227));
#1755 = CARTESIAN_POINT('',(0.652649917515,18.846252412658));
#1756 = CARTESIAN_POINT('',(0.652647780905,18.966585859658));
#1757 = CARTESIAN_POINT('',(0.65264561811,19.08679774088));
#1758 = ( GEOMETRIC_REPRESENTATION_CONTEXT(2) 
PARAMETRIC_REPRESENTATION_CONTEXT() REPRESENTATION_CONTEXT('2D SPACE',''
  ) );
#1759 = PCURVE('',#1760,#1765);
#1760 = CYLINDRICAL_SURFACE('',#1761,2.459);
#1761 = AXIS2_PLACEMENT_3D('',#1762,#1763,#1764);
#1762 = CARTESIAN_POINT('',(0.,0.,0.));
#1763 = DIRECTION('',(-0.,-0.,-1.));
#1764 = DIRECTION('',(1.,0.,0.));
#1765 = DEFINITIONAL_REPRESENTATION('',(#1766),#1825);
#1766 = B_SPLINE_CURVE_WITH_KNOTS('',8,(#1767,#1768,#1769,#1770,#1771,
    #1772,#1773,#1774,#1775,#1776,#1777,#1778,#1779,#1780,#1781,#1782,
    #1783,#1784,#1785,#1786,#1787,#1788,#1789,#1790,#1791,#1792,#1793,
    #1794,#1795,#1796,#1797,#1798,#1799,#1800,#1801,#1802,#1803,#1804,
    #1805,#1806,#1807,#1808,#1809,#1810,#1811,#1812,#1813,#1814,#1815,
    #1816,#1817,#1818,#1819,#1820,#1821,#1822,#1823,#1824),
  .UNSPECIFIED.,.F.,.F.,(9,7,7,7,7,7,7,7,9),(0.,0.103557556748,
    0.200263786482,0.253296173439,0.433439528096,0.609038130006,
    0.730065275226,0.848797886827,1.),.UNSPECIFIED.);
#1767 = CARTESIAN_POINT('',(0.,-2.365047993036));
#1768 = CARTESIAN_POINT('',(-8.128576716798E-02,-2.377984988746));
#1769 = CARTESIAN_POINT('',(-0.162595438336,-2.390925429436));
#1770 = CARTESIAN_POINT('',(-0.243899306234,-2.403864435533));
#1771 = CARTESIAN_POINT('',(-0.325193564934,-2.416801325373));
#1772 = CARTESIAN_POINT('',(-0.406487633547,-2.429737822647));
#1773 = CARTESIAN_POINT('',(-0.487791552303,-2.442676059206));
#1774 = CARTESIAN_POINT('',(-0.569103451019,-2.455616373228));
#1775 = CARTESIAN_POINT('',(-0.726312373855,-2.480637424251));
#1776 = CARTESIAN_POINT('',(-0.802245633961,-2.492723802643));
#1777 = CARTESIAN_POINT('',(-0.878175634539,-2.504810831626));
#1778 = CARTESIAN_POINT('',(-0.954099439613,-2.516898217772));
#1779 = CARTESIAN_POINT('',(-1.030023497716,-2.528986463574));
#1780 = CARTESIAN_POINT('',(-1.105954685438,-2.54107537619));
#1781 = CARTESIAN_POINT('',(-1.181891309777,-2.553163201846));
#1782 = CARTESIAN_POINT('',(-1.299449082586,-2.57187264044));
#1783 = CARTESIAN_POINT('',(-1.341083591102,-2.578498139719));
#1784 = CARTESIAN_POINT('',(-1.382718210974,-2.585122782855));
#1785 = CARTESIAN_POINT('',(-1.424353273957,-2.591746703877));
#1786 = CARTESIAN_POINT('',(-1.465988827421,-2.59837027173));
#1787 = CARTESIAN_POINT('',(-1.507624634353,-2.604994090274));
#1788 = CARTESIAN_POINT('',(-1.549260173354,-2.611618998288));
#1789 = CARTESIAN_POINT('',(-1.732320900524,-2.64075727257));
#1790 = CARTESIAN_POINT('',(-1.874047433633,-2.663335702785));
#1791 = CARTESIAN_POINT('',(-2.015591531665,-2.685856134679));
#1792 = CARTESIAN_POINT('',(-2.15703788657,-2.708350003841));
#1793 = CARTESIAN_POINT('',(-2.298484040868,-2.730854595774));
#1794 = CARTESIAN_POINT('',(-2.44002694227,-2.753379805974));
#1795 = CARTESIAN_POINT('',(-2.581755271728,-2.775938638978));
#1796 = CARTESIAN_POINT('',(-2.861044999907,-2.820394759342));
#1797 = CARTESIAN_POINT('',(-2.999161844813,-2.84238048504));
#1798 = CARTESIAN_POINT('',(-3.137132991331,-2.864341533888));
#1799 = CARTESIAN_POINT('',(-3.275016031706,-2.886284965647));
#1800 = CARTESIAN_POINT('',(-3.412892402094,-2.908226638637));
#1801 = CARTESIAN_POINT('',(-3.550844385723,-2.930181587537));
#1802 = CARTESIAN_POINT('',(-3.688947006218,-2.952161708825));
#1803 = CARTESIAN_POINT('',(-3.921843139894,-2.989229914825));
#1804 = CARTESIAN_POINT('',(-4.016910615581,-3.004361305754));
#1805 = CARTESIAN_POINT('',(-4.111956345065,-3.019489291947));
#1806 = CARTESIAN_POINT('',(-4.2069822614,-3.034613790201));
#1807 = CARTESIAN_POINT('',(-4.302006839436,-3.049737382744));
#1808 = CARTESIAN_POINT('',(-4.397049136889,-3.064862989277));
#1809 = CARTESIAN_POINT('',(-4.492113292047,-3.079991469124));
#1810 = CARTESIAN_POINT('',(-4.680364950504,-3.109949176574));
#1811 = CARTESIAN_POINT('',(-4.773628715773,-3.124790553216));
#1812 = CARTESIAN_POINT('',(-4.866873670092,-3.139628930878));
#1813 = CARTESIAN_POINT('',(-4.96010116413,-3.154464939284));
#1814 = CARTESIAN_POINT('',(-5.053327537278,-3.169301556654));
#1815 = CARTESIAN_POINT('',(-5.146569553386,-3.184141609036));
#1816 = CARTESIAN_POINT('',(-5.239830021362,-3.198985408457));
#1817 = CARTESIAN_POINT('',(-5.451772708953,-3.232720500613));
#1818 = CARTESIAN_POINT('',(-5.570620676453,-3.251638514619));
#1819 = CARTESIAN_POINT('',(-5.689401283,-3.270546138549));
#1820 = CARTESIAN_POINT('',(-5.808131764433,-3.289445194812));
#1821 = CARTESIAN_POINT('',(-5.926858092827,-3.308342031048));
#1822 = CARTESIAN_POINT('',(-6.045628220156,-3.327244374081));
#1823 = CARTESIAN_POINT('',(-6.164466464125,-3.346156796159));
#1824 = CARTESIAN_POINT('',(-6.28318530718,-3.365050096279));
#1825 = ( GEOMETRIC_REPRESENTATION_CONTEXT(2) 
PARAMETRIC_REPRESENTATION_CONTEXT() REPRESENTATION_CONTEXT('2D SPACE',''
  ) );
#1826 = ORIENTED_EDGE('',*,*,#1827,.T.);
#1827 = EDGE_CURVE('',#1635,#1828,#1830,.T.);
#1828 = VERTEX_POINT('',#1829);
#1829 = CARTESIAN_POINT('',(2.459,0.,4.365045219695));
#1830 = SURFACE_CURVE('',#1831,(#1890,#1952),.PCURVE_S1.);
#1831 = B_SPLINE_CURVE_WITH_KNOTS('',8,(#1832,#1833,#1834,#1835,#1836,
    #1837,#1838,#1839,#1840,#1841,#1842,#1843,#1844,#1845,#1846,#1847,
    #1848,#1849,#1850,#1851,#1852,#1853,#1854,#1855,#1856,#1857,#1858,
    #1859,#1860,#1861,#1862,#1863,#1864,#1865,#1866,#1867,#1868,#1869,
    #1870,#1871,#1872,#1873,#1874,#1875,#1876,#1877,#1878,#1879,#1880,
    #1881,#1882,#1883,#1884,#1885,#1886,#1887,#1888,#1889),
  .UNSPECIFIED.,.F.,.F.,(9,7,7,7,7,7,7,7,9),(0.,0.139376071512,
    0.243052860471,0.362687791335,0.445152869485,0.561789484553,
    0.687450702775,0.816284459467,1.),.UNSPECIFIED.);
#1832 = CARTESIAN_POINT('',(2.459,4.440892098501E-16,3.365050096279));
#1833 = CARTESIAN_POINT('',(2.459,0.269126320002,3.382467595988));
#1834 = CARTESIAN_POINT('',(2.425336553726,0.538450085123,3.399897790391
    ));
#1835 = CARTESIAN_POINT('',(2.3579292292,0.80275055119,3.417321141227));
#1836 = CARTESIAN_POINT('',(2.257751620886,1.05711052795,3.434739816132)
  );
#1837 = CARTESIAN_POINT('',(2.126542297805,1.296939338867,3.452159265814
    ));
#1838 = CARTESIAN_POINT('',(1.966715314947,1.517962983657,3.469584296191
    ));
#1839 = CARTESIAN_POINT('',(1.781423388956,1.716285831728,3.487015692007
    ));
#1840 = CARTESIAN_POINT('',(1.420972795459,2.016827373651,3.517389883761
    ));
#1841 = CARTESIAN_POINT('',(1.255252428624,2.130753122557,3.530349028714
    ));
#1842 = CARTESIAN_POINT('',(1.079164691947,2.229052679414,3.543306475904
    ));
#1843 = CARTESIAN_POINT('',(0.894443340279,2.31064687488,3.556261954532)
  );
#1844 = CARTESIAN_POINT('',(0.702928612547,2.374692441779,3.569217472269
    ));
#1845 = CARTESIAN_POINT('',(0.506549643638,2.420573072814,3.582175224447
    ));
#1846 = CARTESIAN_POINT('',(0.307317605577,2.44791920649,3.595135270566)
  );
#1847 = CARTESIAN_POINT('',(-0.123441012951,2.466738744331,
    3.623045162325));
#1848 = CARTESIAN_POINT('',(-0.355396352399,2.452050411919,
    3.638005698291));
#1849 = CARTESIAN_POINT('',(-0.585285587523,2.412412879733,3.65296489937
    ));
#1850 = CARTESIAN_POINT('',(-0.809974430875,2.348202734705,
    3.667922224268));
#1851 = CARTESIAN_POINT('',(-1.026464017219,2.260234101031,
    3.682877923305));
#1852 = CARTESIAN_POINT('',(-1.231895662512,2.149717303719,
    3.697830851545));
#1853 = CARTESIAN_POINT('',(-1.423576651268,2.018283994984,
    3.712779820643));
#1854 = CARTESIAN_POINT('',(-1.720025409096,1.764524610309,
    3.738028257092));
#1855 = CARTESIAN_POINT('',(-1.833324018957,1.652030346244,
    3.748330807479));
#1856 = CARTESIAN_POINT('',(-1.93818024669,1.531252912806,3.758645007423
    ));
#1857 = CARTESIAN_POINT('',(-2.033898254453,1.402930814897,
    3.768955229731));
#1858 = CARTESIAN_POINT('',(-2.119859080346,1.267867919906,
    3.779261446262));
#1859 = CARTESIAN_POINT('',(-2.195522526707,1.126930510219,
    3.789569812032));
#1860 = CARTESIAN_POINT('',(-2.260436145453,0.981047870597,
    3.799874830637));
#1861 = CARTESIAN_POINT('',(-2.390366593229,0.619298933392,
    3.824747703571));
#1862 = CARTESIAN_POINT('',(-2.444335281953,0.399327911881,
    3.839322416635));
#1863 = CARTESIAN_POINT('',(-2.475109305099,0.174125643213,
    3.853894165615));
#1864 = CARTESIAN_POINT('',(-2.482146979917,-5.343510197905E-02,
    3.868465325234));
#1865 = CARTESIAN_POINT('',(-2.465321157364,-0.280477535479,
    3.883038762387));
#1866 = CARTESIAN_POINT('',(-2.424886700777,-0.504136405771,
    3.89761617184));
#1867 = CARTESIAN_POINT('',(-2.361507448658,-0.721573516464,
    3.912197238758));
#1868 = CARTESIAN_POINT('',(-2.184588319294,-1.154603666558,
    3.942477462988));
#1869 = CARTESIAN_POINT('',(-2.067466084766,-1.368949389412,3.9581896362
    ));
#1870 = CARTESIAN_POINT('',(-1.926364795936,-1.569542734489,
    3.973897145474));
#1871 = CARTESIAN_POINT('',(-1.763229960128,-1.753286142002,
    3.98959995719));
#1872 = CARTESIAN_POINT('',(-1.580412130745,-1.917457440242,
    4.005301743311));
#1873 = CARTESIAN_POINT('',(-1.380620117938,-2.059690878246,
    4.021006631775));
#1874 = CARTESIAN_POINT('',(-1.166940100645,-2.178023716685,
    4.03671573603));
#1875 = CARTESIAN_POINT('',(-0.713166607806,-2.366419074161,
    4.068515508221));
#1876 = CARTESIAN_POINT('',(-0.472301008616,-2.435287701181,
    4.084622725698));
#1877 = CARTESIAN_POINT('',(-0.224037150903,-2.47603903643,
    4.100725933712));
#1878 = CARTESIAN_POINT('',(2.777235067155E-02,-2.487829017542,
    4.116825978737));
#1879 = CARTESIAN_POINT('',(0.279258550198,-2.470421619475,
    4.132926280063));
#1880 = CARTESIAN_POINT('',(0.526556760878,-2.424136506466,
    4.149030078905));
#1881 = CARTESIAN_POINT('',(0.765829262622,-2.349904330247,
    4.165137726143));
#1882 = CARTESIAN_POINT('',(1.317805974086,-2.106149352976,
    4.204190488811));
#1883 = CARTESIAN_POINT('',(1.619443015655,-1.909031329395,
    4.227200918667));
#1884 = CARTESIAN_POINT('',(1.88650060084,-1.662723721998,4.250177838174
    ));
#1885 = CARTESIAN_POINT('',(2.110110932346,-1.37478641685,4.273136203535
    ));
#1886 = CARTESIAN_POINT('',(2.283127490413,-1.053926726477,
    4.296095533952));
#1887 = CARTESIAN_POINT('',(2.400530373859,-0.7101922874,4.319073381696)
  );
#1888 = CARTESIAN_POINT('',(2.459,-0.354686651211,4.342085574483));
#1889 = CARTESIAN_POINT('',(2.459,-4.440892098501E-16,4.365045219695));
#1890 = PCURVE('',#690,#1891);
#1891 = DEFINITIONAL_REPRESENTATION('',(#1892),#1951);
#1892 = B_SPLINE_CURVE_WITH_KNOTS('',8,(#1893,#1894,#1895,#1896,#1897,
    #1898,#1899,#1900,#1901,#1902,#1903,#1904,#1905,#1906,#1907,#1908,
    #1909,#1910,#1911,#1912,#1913,#1914,#1915,#1916,#1917,#1918,#1919,
    #1920,#1921,#1922,#1923,#1924,#1925,#1926,#1927,#1928,#1929,#1930,
    #1931,#1932,#1933,#1934,#1935,#1936,#1937,#1938,#1939,#1940,#1941,
    #1942,#1943,#1944,#1945,#1946,#1947,#1948,#1949,#1950),
  .UNSPECIFIED.,.F.,.F.,(9,7,7,7,7,7,7,7,9),(0.,0.139376071512,
    0.243052860471,0.362687791335,0.445152869485,0.561789484553,
    0.687450702775,0.816284459467,1.),.UNSPECIFIED.);
#1893 = CARTESIAN_POINT('',(0.65264561811,19.08679774088));
#1894 = CARTESIAN_POINT('',(0.652643624256,19.197619587404));
#1895 = CARTESIAN_POINT('',(0.652641615918,19.308522252474));
#1896 = CARTESIAN_POINT('',(0.65264038125,19.419378623732));
#1897 = CARTESIAN_POINT('',(0.652640802925,19.530199351124));
#1898 = CARTESIAN_POINT('',(0.652642540808,19.641020323917));
#1899 = CARTESIAN_POINT('',(0.652644175762,19.751877168853));
#1900 = CARTESIAN_POINT('',(0.652644265007,19.862780013055));
#1901 = CARTESIAN_POINT('',(0.652641639462,20.05603801757));
#1902 = CARTESIAN_POINT('',(0.652639634472,20.138494668715));
#1903 = CARTESIAN_POINT('',(0.652636682053,20.220943889809));
#1904 = CARTESIAN_POINT('',(0.652633089715,20.303382863648));
#1905 = CARTESIAN_POINT('',(0.652629704911,20.385821347762));
#1906 = CARTESIAN_POINT('',(0.652627730067,20.468269030421));
#1907 = CARTESIAN_POINT('',(0.652628182571,20.550722669633));
#1908 = CARTESIAN_POINT('',(0.652634250576,20.728271206849));
#1909 = CARTESIAN_POINT('',(0.652640684242,20.82343120797));
#1910 = CARTESIAN_POINT('',(0.652650173965,20.918571840732));
#1911 = CARTESIAN_POINT('',(0.652661333606,21.01369459406));
#1912 = CARTESIAN_POINT('',(0.652669587088,21.108817345206));
#1913 = CARTESIAN_POINT('',(0.652668012822,21.203957441375));
#1914 = CARTESIAN_POINT('',(0.652654080373,21.299116327085));
#1915 = CARTESIAN_POINT('',(0.652639410826,21.459805777856));
#1916 = CARTESIAN_POINT('',(0.652633913223,21.525372899012));
#1917 = CARTESIAN_POINT('',(0.652650611002,21.59093515202));
#1918 = CARTESIAN_POINT('',(0.652660191333,21.656497426846));
#1919 = CARTESIAN_POINT('',(0.652661443815,21.72206385178));
#1920 = CARTESIAN_POINT('',(0.652665121933,21.787635318683));
#1921 = CARTESIAN_POINT('',(0.652662507101,21.853207884517));
#1922 = CARTESIAN_POINT('',(0.652653167765,22.011488932177));
#1923 = CARTESIAN_POINT('',(0.652643923598,22.104250017722));
#1924 = CARTESIAN_POINT('',(0.652634254994,22.196993755428));
#1925 = CARTESIAN_POINT('',(0.652628236112,22.289720755347));
#1926 = CARTESIAN_POINT('',(0.652626633579,22.38244652925));
#1927 = CARTESIAN_POINT('',(0.652627952816,22.475187178402));
#1928 = CARTESIAN_POINT('',(0.65263083087,22.56794555003));
#1929 = CARTESIAN_POINT('',(0.652637503353,22.760572619742));
#1930 = CARTESIAN_POINT('',(0.652641365178,22.8605238886));
#1931 = CARTESIAN_POINT('',(0.652644167031,22.960449256326));
#1932 = CARTESIAN_POINT('',(0.652644906734,23.06035207542));
#1933 = CARTESIAN_POINT('',(0.652644054851,23.160254033322));
#1934 = CARTESIAN_POINT('',(0.6526427834,23.260177222248));
#1935 = CARTESIAN_POINT('',(0.65264185365,23.360126017164));
#1936 = CARTESIAN_POINT('',(0.652641354003,23.562446377039));
#1937 = CARTESIAN_POINT('',(0.652641816532,23.664923119171));
#1938 = CARTESIAN_POINT('',(0.652643351923,23.767370534097));
#1939 = CARTESIAN_POINT('',(0.652645799513,23.869794579045));
#1940 = CARTESIAN_POINT('',(0.652648246332,23.972220257385));
#1941 = CARTESIAN_POINT('',(0.652649684201,24.074671778362));
#1942 = CARTESIAN_POINT('',(0.652649705874,24.17715282361));
#1943 = CARTESIAN_POINT('',(0.652646508489,24.425628232221));
#1944 = CARTESIAN_POINT('',(0.652641895831,24.572043102628));
#1945 = CARTESIAN_POINT('',(0.652634809289,24.718253575011));
#1946 = CARTESIAN_POINT('',(0.652627445114,24.864346988989));
#1947 = CARTESIAN_POINT('',(0.65262471663,25.010430046095));
#1948 = CARTESIAN_POINT('',(0.652627106341,25.156612701434));
#1949 = CARTESIAN_POINT('',(0.652632155039,25.303004406614));
#1950 = CARTESIAN_POINT('',(0.65263752694,25.449060640028));
#1951 = ( GEOMETRIC_REPRESENTATION_CONTEXT(2) 
PARAMETRIC_REPRESENTATION_CONTEXT() REPRESENTATION_CONTEXT('2D SPACE',''
  ) );
#1952 = PCURVE('',#1953,#1958);
#1953 = CYLINDRICAL_SURFACE('',#1954,2.459);
#1954 = AXIS2_PLACEMENT_3D('',#1955,#1956,#1957);
#1955 = CARTESIAN_POINT('',(0.,0.,0.));
#1956 = DIRECTION('',(-0.,-0.,-1.));
#1957 = DIRECTION('',(1.,0.,0.));
#1958 = DEFINITIONAL_REPRESENTATION('',(#1959),#2018);
#1959 = B_SPLINE_CURVE_WITH_KNOTS('',8,(#1960,#1961,#1962,#1963,#1964,
    #1965,#1966,#1967,#1968,#1969,#1970,#1971,#1972,#1973,#1974,#1975,
    #1976,#1977,#1978,#1979,#1980,#1981,#1982,#1983,#1984,#1985,#1986,
    #1987,#1988,#1989,#1990,#1991,#1992,#1993,#1994,#1995,#1996,#1997,
    #1998,#1999,#2000,#2001,#2002,#2003,#2004,#2005,#2006,#2007,#2008,
    #2009,#2010,#2011,#2012,#2013,#2014,#2015,#2016,#2017),
  .UNSPECIFIED.,.F.,.F.,(9,7,7,7,7,7,7,7,9),(0.,0.139376071512,
    0.243052860471,0.362687791335,0.445152869485,0.561789484553,
    0.687450702775,0.816284459467,1.),.UNSPECIFIED.);
#1960 = CARTESIAN_POINT('',(0.,-3.365050096279));
#1961 = CARTESIAN_POINT('',(-0.109445433104,-3.382467595988));
#1962 = CARTESIAN_POINT('',(-0.218971237831,-3.399897790391));
#1963 = CARTESIAN_POINT('',(-0.328451690279,-3.417321141227));
#1964 = CARTESIAN_POINT('',(-0.437896857425,-3.434739816132));
#1965 = CARTESIAN_POINT('',(-0.547341473823,-3.452159265814));
#1966 = CARTESIAN_POINT('',(-0.656820291175,-3.469584296191));
#1967 = CARTESIAN_POINT('',(-0.76634355264,-3.487015692007));
#1968 = CARTESIAN_POINT('',(-0.957196679965,-3.517389883761));
#1969 = CARTESIAN_POINT('',(-1.038626992943,-3.530349028714));
#1970 = CARTESIAN_POINT('',(-1.120049892841,-3.543306475904));
#1971 = CARTESIAN_POINT('',(-1.201462933222,-3.556261954532));
#1972 = CARTESIAN_POINT('',(-1.282876040005,-3.569217472269));
#1973 = CARTESIAN_POINT('',(-1.364298900846,-3.582175224447));
#1974 = CARTESIAN_POINT('',(-1.44572821494,-3.595135270566));
#1975 = CARTESIAN_POINT('',(-1.621071658882,-3.623045162325));
#1976 = CARTESIAN_POINT('',(-1.715050197175,-3.638005698291));
#1977 = CARTESIAN_POINT('',(-1.809009500464,-3.65296489937));
#1978 = CARTESIAN_POINT('',(-1.902950637815,-3.667922224268));
#1979 = CARTESIAN_POINT('',(-1.996890342317,-3.682877923305));
#1980 = CARTESIAN_POINT('',(-2.090846312375,-3.697830851545));
#1981 = CARTESIAN_POINT('',(-2.184822398759,-3.712779820643));
#1982 = CARTESIAN_POINT('',(-2.343515030026,-3.738028257092));
#1983 = CARTESIAN_POINT('',(-2.40826707194,-3.748330807479));
#1984 = CARTESIAN_POINT('',(-2.473015135879,-3.758645007423));
#1985 = CARTESIAN_POINT('',(-2.537762643344,-3.768955229731));
#1986 = CARTESIAN_POINT('',(-2.602513472158,-3.779261446262));
#1987 = CARTESIAN_POINT('',(-2.667269293453,-3.789569812032));
#1988 = CARTESIAN_POINT('',(-2.732026538172,-3.799874830637));
#1989 = CARTESIAN_POINT('',(-2.888340119516,-3.824747703571));
#1990 = CARTESIAN_POINT('',(-2.979948726668,-3.839322416634));
#1991 = CARTESIAN_POINT('',(-3.071541002542,-3.853894165615));
#1992 = CARTESIAN_POINT('',(-3.163117036265,-3.868465325234));
#1993 = CARTESIAN_POINT('',(-3.254691396935,-3.883038762387));
#1994 = CARTESIAN_POINT('',(-3.346279561115,-3.89761617184));
#1995 = CARTESIAN_POINT('',(-3.43788447591,-3.912197238758));
#1996 = CARTESIAN_POINT('',(-3.628115130255,-3.942477462988));
#1997 = CARTESIAN_POINT('',(-3.72682233717,-3.9581896362));
#1998 = CARTESIAN_POINT('',(-3.8255036729,-3.973897145474));
#1999 = CARTESIAN_POINT('',(-3.924163074093,-3.98959995719));
#2000 = CARTESIAN_POINT('',(-4.022822451127,-4.005301743311));
#2001 = CARTESIAN_POINT('',(-4.121503740329,-4.021006631775));
#2002 = CARTESIAN_POINT('',(-4.220211019133,-4.03671573603));
#2003 = CARTESIAN_POINT('',(-4.420019067023,-4.068515508221));
#2004 = CARTESIAN_POINT('',(-4.521223724558,-4.084622725698));
#2005 = CARTESIAN_POINT('',(-4.622399513369,-4.100725933712));
#2006 = CARTESIAN_POINT('',(-4.723551849879,-4.116825978737));
#2007 = CARTESIAN_POINT('',(-4.824705130082,-4.132926280063));
#2008 = CARTESIAN_POINT('',(-4.92588325432,-4.149030078905));
#2009 = CARTESIAN_POINT('',(-5.02709008005,-4.165137726143));
#2010 = CARTESIAN_POINT('',(-5.272475467335,-4.204190488811));
#2011 = CARTESIAN_POINT('',(-5.417069076181,-4.227200918667));
#2012 = CARTESIAN_POINT('',(-5.561461036083,-4.250177838174));
#2013 = CARTESIAN_POINT('',(-5.705738491863,-4.273136203535));
#2014 = CARTESIAN_POINT('',(-5.850006749292,-4.296095533952));
#2015 = CARTESIAN_POINT('',(-5.994373053216,-4.319073381697));
#2016 = CARTESIAN_POINT('',(-6.138945107419,-4.342085574483));
#2017 = CARTESIAN_POINT('',(-6.28318530718,-4.365045219695));
#2018 = ( GEOMETRIC_REPRESENTATION_CONTEXT(2) 
PARAMETRIC_REPRESENTATION_CONTEXT() REPRESENTATION_CONTEXT('2D SPACE',''
  ) );
#2019 = ORIENTED_EDGE('',*,*,#2020,.T.);
#2020 = EDGE_CURVE('',#1828,#2021,#2023,.T.);
#2021 = VERTEX_POINT('',#2022);
#2022 = CARTESIAN_POINT('',(2.459,0.,5.36504521991));
#2023 = SURFACE_CURVE('',#2024,(#2083,#2145),.PCURVE_S1.);
#2024 = B_SPLINE_CURVE_WITH_KNOTS('',8,(#2025,#2026,#2027,#2028,#2029,
    #2030,#2031,#2032,#2033,#2034,#2035,#2036,#2037,#2038,#2039,#2040,
    #2041,#2042,#2043,#2044,#2045,#2046,#2047,#2048,#2049,#2050,#2051,
    #2052,#2053,#2054,#2055,#2056,#2057,#2058,#2059,#2060,#2061,#2062,
    #2063,#2064,#2065,#2066,#2067,#2068,#2069,#2070,#2071,#2072,#2073,
    #2074,#2075,#2076,#2077,#2078,#2079,#2080,#2081,#2082),
  .UNSPECIFIED.,.F.,.F.,(9,7,7,7,7,7,7,7,9),(0.,0.12069133079,
    0.245826439641,0.363667979156,0.485631246486,0.537873968955,
    0.708501543307,0.844595732497,1.),.UNSPECIFIED.);
#2025 = CARTESIAN_POINT('',(2.459,-4.440892098501E-16,4.365045219695));
#2026 = CARTESIAN_POINT('',(2.459,0.233024768903,4.380129424307));
#2027 = CARTESIAN_POINT('',(2.433762690602,0.466156677488,4.395220684609
    ));
#2028 = CARTESIAN_POINT('',(2.383249424227,0.696050767939,4.410308504888
    ));
#2029 = CARTESIAN_POINT('',(2.307992370762,0.919509539826,4.425392689056
    ));
#2030 = CARTESIAN_POINT('',(2.208968911896,1.133496577156,4.440475815975
    ));
#2031 = CARTESIAN_POINT('',(2.08755909441,1.335138734055,4.455560886447)
  );
#2032 = CARTESIAN_POINT('',(1.945571704928,1.521754440594,4.470648822803
    ));
#2033 = CARTESIAN_POINT('',(1.619177153175,1.866366454215,4.501367479055
    ));
#2034 = CARTESIAN_POINT('',(1.433248832585,2.023216177063,4.517012020173
    ));
#2035 = CARTESIAN_POINT('',(1.230076548835,2.158751824445,4.532652712892
    ));
#2036 = CARTESIAN_POINT('',(1.012557822963,2.270814457666,4.548290546538
    ));
#2037 = CARTESIAN_POINT('',(0.783828660576,2.357733727151,4.563929054312
    ));
#2038 = CARTESIAN_POINT('',(0.547227235432,2.418294026301,4.579571365463
    ));
#2039 = CARTESIAN_POINT('',(0.306294603963,2.45178348684,4.595217566672)
  );
#2040 = CARTESIAN_POINT('',(-0.162689356359,2.464139605903,
    4.625582495389));
#2041 = CARTESIAN_POINT('',(-0.390863470418,2.44608133123,4.64031446249)
  );
#2042 = CARTESIAN_POINT('',(-0.616659695463,2.403859836599,
    4.655042850762));
#2043 = CARTESIAN_POINT('',(-0.837095196282,2.337877617332,
    4.669767928727));
#2044 = CARTESIAN_POINT('',(-1.049315404654,2.248944888488,
    4.684492664236));
#2045 = CARTESIAN_POINT('',(-1.250597178677,2.138246192678,
    4.699220452926));
#2046 = CARTESIAN_POINT('',(-1.438375076103,2.007367499563,
    4.713952401917));
#2047 = CARTESIAN_POINT('',(-1.788284910792,1.704162192989,
    4.743921917561));
#2048 = CARTESIAN_POINT('',(-1.949453901205,1.530403948312,
    4.759173198946));
#2049 = CARTESIAN_POINT('',(-2.091193144672,1.339327030708,
    4.774423044264));
#2050 = CARTESIAN_POINT('',(-2.21137325684,1.133511675192,4.789671230054
    ));
#2051 = CARTESIAN_POINT('',(-2.308296413624,0.915777599127,
    4.804918421019));
#2052 = CARTESIAN_POINT('',(-2.380667904443,0.689148343136,
    4.820163456064));
#2053 = CARTESIAN_POINT('',(-2.427636919933,0.456853057685,
    4.835404424637));
#2054 = CARTESIAN_POINT('',(-2.458048674333,0.121871491548,
    4.857167192913));
#2055 = CARTESIAN_POINT('',(-2.462458912594,2.099099815651E-02,
    4.863694250548));
#2056 = CARTESIAN_POINT('',(-2.462136682971,-8.00548439901E-02,
    4.870222381872));
#2057 = CARTESIAN_POINT('',(-2.457076037503,-0.181009318709,
    4.876751750761));
#2058 = CARTESIAN_POINT('',(-2.44728758999,-0.281616346827,
    4.883282221317));
#2059 = CARTESIAN_POINT('',(-2.432798515995,-0.381620486178,
    4.889813357871));
#2060 = CARTESIAN_POINT('',(-2.413652552842,-0.480766931608,
    4.896344424982));
#2061 = CARTESIAN_POINT('',(-2.312365528842,-0.898987798744,
    4.924201600128));
#2062 = CARTESIAN_POINT('',(-2.185668351423,-1.207827220912,
    4.945556804645));
#2063 = CARTESIAN_POINT('',(-2.01186823466,-1.495640918423,
    4.966879014857));
#2064 = CARTESIAN_POINT('',(-1.79537825529,-1.75429024872,4.988194891861
    ));
#2065 = CARTESIAN_POINT('',(-1.541809315793,-1.976710977396,
    5.009518860498));
#2066 = CARTESIAN_POINT('',(-1.258090086544,-2.157130307734,
    5.030858563899));
#2067 = CARTESIAN_POINT('',(-0.952259806931,-2.290940371633,
    5.05222008206));
#2068 = CARTESIAN_POINT('',(-0.380088684899,-2.443615246987,
    5.090553584191));
#2069 = CARTESIAN_POINT('',(-0.117778986743,-2.480396698697,
    5.107572676499));
#2070 = CARTESIAN_POINT('',(0.148308807404,-2.484905693936,
    5.124584161234));
#2071 = CARTESIAN_POINT('',(0.41352981499,-2.456811964513,5.141589544428
    ));
#2072 = CARTESIAN_POINT('',(0.673336645171,-2.396534194351,
    5.158594717605));
#2073 = CARTESIAN_POINT('',(0.92329324494,-2.305163336839,5.175605539742
    ));
#2074 = CARTESIAN_POINT('',(1.159112816167,-2.184531222888,
    5.192623381101));
#2075 = CARTESIAN_POINT('',(1.625409376877,-1.869423641134,
    5.229049606835));
#2076 = CARTESIAN_POINT('',(1.85086629121,-1.666572144424,5.248492426043
    ));
#2077 = CARTESIAN_POINT('',(2.046991670402,-1.432843117949,
    5.267922528111));
#2078 = CARTESIAN_POINT('',(2.209054470298,-1.173345317993,5.28734367304
    ));
#2079 = CARTESIAN_POINT('',(2.33332089634,-0.893772201567,5.306763248071
    ));
#2080 = CARTESIAN_POINT('',(2.417163456305,-0.600404392394,
    5.326190003651));
#2081 = CARTESIAN_POINT('',(2.459,-0.300027019598,5.34562889512));
#2082 = CARTESIAN_POINT('',(2.459,1.7763568394E-15,5.36504521991));
#2083 = PCURVE('',#690,#2084);
#2084 = DEFINITIONAL_REPRESENTATION('',(#2085),#2144);
#2085 = B_SPLINE_CURVE_WITH_KNOTS('',8,(#2086,#2087,#2088,#2089,#2090,
    #2091,#2092,#2093,#2094,#2095,#2096,#2097,#2098,#2099,#2100,#2101,
    #2102,#2103,#2104,#2105,#2106,#2107,#2108,#2109,#2110,#2111,#2112,
    #2113,#2114,#2115,#2116,#2117,#2118,#2119,#2120,#2121,#2122,#2123,
    #2124,#2125,#2126,#2127,#2128,#2129,#2130,#2131,#2132,#2133,#2134,
    #2135,#2136,#2137,#2138,#2139,#2140,#2141,#2142,#2143),
  .UNSPECIFIED.,.F.,.F.,(9,7,7,7,7,7,7,7,9),(0.,0.12069133079,
    0.245826439641,0.363667979156,0.485631246486,0.537873968955,
    0.708501543307,0.844595732497,1.),.UNSPECIFIED.);
#2086 = CARTESIAN_POINT('',(0.65263752694,25.449060640028));
#2087 = CARTESIAN_POINT('',(0.652641056214,25.545017789591));
#2088 = CARTESIAN_POINT('',(0.652644728707,25.641019319656));
#2089 = CARTESIAN_POINT('',(0.652647889317,25.737000784998));
#2090 = CARTESIAN_POINT('',(0.65264984149,25.832963416857));
#2091 = CARTESIAN_POINT('',(0.652650267392,25.928924753693));
#2092 = CARTESIAN_POINT('',(0.652649386462,26.024903106493));
#2093 = CARTESIAN_POINT('',(0.652647817637,26.120902140786));
#2094 = CARTESIAN_POINT('',(0.652644340576,26.316354750015));
#2095 = CARTESIAN_POINT('',(0.652642425909,26.415896282113));
#2096 = CARTESIAN_POINT('',(0.652640970032,26.515411696999));
#2097 = CARTESIAN_POINT('',(0.652640626117,26.614904964611));
#2098 = CARTESIAN_POINT('',(0.652641471631,26.714398288438));
#2099 = CARTESIAN_POINT('',(0.652642850385,26.81391391274));
#2100 = CARTESIAN_POINT('',(0.652643727783,26.91345607077));
#2101 = CARTESIAN_POINT('',(0.652643489434,27.106646646171));
#2102 = CARTESIAN_POINT('',(0.652642477211,27.200378928935));
#2103 = CARTESIAN_POINT('',(0.652640162542,27.294093077196));
#2104 = CARTESIAN_POINT('',(0.652636353119,27.387791483728));
#2105 = CARTESIAN_POINT('',(0.652631852196,27.481490172272));
#2106 = CARTESIAN_POINT('',(0.652628392147,27.57520458184));
#2107 = CARTESIAN_POINT('',(0.652627760643,27.668935394528));
#2108 = CARTESIAN_POINT('',(0.652632644449,27.859592019132));
#2109 = CARTESIAN_POINT('',(0.652638404862,27.956604215563));
#2110 = CARTESIAN_POINT('',(0.652647621797,28.053594974787));
#2111 = CARTESIAN_POINT('',(0.652659238331,28.150566636319));
#2112 = CARTESIAN_POINT('',(0.652668873303,28.247539020152));
#2113 = CARTESIAN_POINT('',(0.652669084523,28.344531223315));
#2114 = CARTESIAN_POINT('',(0.652656039099,28.44154473048));
#2115 = CARTESIAN_POINT('',(0.652642624526,28.580052970147));
#2116 = CARTESIAN_POINT('',(0.652640410656,28.621587719758));
#2117 = CARTESIAN_POINT('',(0.652640494948,28.663121122088));
#2118 = CARTESIAN_POINT('',(0.652642895788,28.704654154335));
#2119 = CARTESIAN_POINT('',(0.652647160815,28.746187561686));
#2120 = CARTESIAN_POINT('',(0.652652366924,28.787721857311));
#2121 = CARTESIAN_POINT('',(0.652657120264,28.829257322365));
#2122 = CARTESIAN_POINT('',(0.652667512261,29.006455074914));
#2123 = CARTESIAN_POINT('',(0.652662827699,29.142339218679));
#2124 = CARTESIAN_POINT('',(0.652637392551,29.278087288158));
#2125 = CARTESIAN_POINT('',(0.652623769498,29.413753029113));
#2126 = CARTESIAN_POINT('',(0.652623647539,29.549422205116));
#2127 = CARTESIAN_POINT('',(0.652628712058,29.685173033141));
#2128 = CARTESIAN_POINT('',(0.652634530225,29.821059970421));
#2129 = CARTESIAN_POINT('',(0.652642183449,30.0649206392));
#2130 = CARTESIAN_POINT('',(0.652644617602,30.173191954448));
#2131 = CARTESIAN_POINT('',(0.652644967915,30.281422283971));
#2132 = CARTESIAN_POINT('',(0.652643457891,30.389620414172));
#2133 = CARTESIAN_POINT('',(0.652641630865,30.49781833629));
#2134 = CARTESIAN_POINT('',(0.65264087875,30.60604837335));
#2135 = CARTESIAN_POINT('',(0.652641282037,30.714318956886));
#2136 = CARTESIAN_POINT('',(0.652643928634,30.946062844409));
#2137 = CARTESIAN_POINT('',(0.652646417759,31.069754357178));
#2138 = CARTESIAN_POINT('',(0.652649433062,31.193363087634));
#2139 = CARTESIAN_POINT('',(0.65265143281,31.316918444419));
#2140 = CARTESIAN_POINT('',(0.652650481241,31.440474315809));
#2141 = CARTESIAN_POINT('',(0.652646907755,31.564085202273));
#2142 = CARTESIAN_POINT('',(0.652642136342,31.687777563487));
#2143 = CARTESIAN_POINT('',(0.6526375912,31.81132554428));
#2144 = ( GEOMETRIC_REPRESENTATION_CONTEXT(2) 
PARAMETRIC_REPRESENTATION_CONTEXT() REPRESENTATION_CONTEXT('2D SPACE',''
  ) );
#2145 = PCURVE('',#2146,#2151);
#2146 = CYLINDRICAL_SURFACE('',#2147,2.459);
#2147 = AXIS2_PLACEMENT_3D('',#2148,#2149,#2150);
#2148 = CARTESIAN_POINT('',(0.,0.,0.));
#2149 = DIRECTION('',(-0.,-0.,-1.));
#2150 = DIRECTION('',(1.,0.,0.));
#2151 = DEFINITIONAL_REPRESENTATION('',(#2152),#2211);
#2152 = B_SPLINE_CURVE_WITH_KNOTS('',8,(#2153,#2154,#2155,#2156,#2157,
    #2158,#2159,#2160,#2161,#2162,#2163,#2164,#2165,#2166,#2167,#2168,
    #2169,#2170,#2171,#2172,#2173,#2174,#2175,#2176,#2177,#2178,#2179,
    #2180,#2181,#2182,#2183,#2184,#2185,#2186,#2187,#2188,#2189,#2190,
    #2191,#2192,#2193,#2194,#2195,#2196,#2197,#2198,#2199,#2200,#2201,
    #2202,#2203,#2204,#2205,#2206,#2207,#2208,#2209,#2210),
  .UNSPECIFIED.,.F.,.F.,(9,7,7,7,7,7,7,7,9),(0.,0.12069133079,
    0.245826439641,0.363667979156,0.485631246486,0.537873968955,
    0.708501543307,0.844595732497,1.),.UNSPECIFIED.);
#2153 = CARTESIAN_POINT('',(0.,-4.365045219695));
#2154 = CARTESIAN_POINT('',(-9.476403778091E-02,-4.380129424307));
#2155 = CARTESIAN_POINT('',(-0.18957166588,-4.395220684609));
#2156 = CARTESIAN_POINT('',(-0.28435928609,-4.410308504888));
#2157 = CARTESIAN_POINT('',(-0.379128269189,-4.425392689056));
#2158 = CARTESIAN_POINT('',(-0.47389620624,-4.440475815975));
#2159 = CARTESIAN_POINT('',(-0.568681419651,-4.455560886447));
#2160 = CARTESIAN_POINT('',(-0.663487592803,-4.470648822803));
#2161 = CARTESIAN_POINT('',(-0.856512450803,-4.501367479055));
#2162 = CARTESIAN_POINT('',(-0.954818033908,-4.517012020173));
#2163 = CARTESIAN_POINT('',(-1.05309819046,-4.532652712892));
#2164 = CARTESIAN_POINT('',(-1.151356564132,-4.548290546538));
#2165 = CARTESIAN_POINT('',(-1.249614611588,-4.563929054312));
#2166 = CARTESIAN_POINT('',(-1.347893904979,-4.579571365463));
#2167 = CARTESIAN_POINT('',(-1.446198560455,-4.595217566672));
#2168 = CARTESIAN_POINT('',(-1.636986158164,-4.625582495389));
#2169 = CARTESIAN_POINT('',(-1.729551993932,-4.64031446249));
#2170 = CARTESIAN_POINT('',(-1.822099522589,-4.655042850762));
#2171 = CARTESIAN_POINT('',(-1.914631460516,-4.669767928727));
#2172 = CARTESIAN_POINT('',(-2.007164187955,-4.684492664237));
#2173 = CARTESIAN_POINT('',(-2.099713336813,-4.699220452926));
#2174 = CARTESIAN_POINT('',(-2.192279487352,-4.713952401917));
#2175 = CARTESIAN_POINT('',(-2.380568002299,-4.743921917561));
#2176 = CARTESIAN_POINT('',(-2.476375727262,-4.759173198946));
#2177 = CARTESIAN_POINT('',(-2.572162293015,-4.774423044264));
#2178 = CARTESIAN_POINT('',(-2.667929601627,-4.789671230054));
#2179 = CARTESIAN_POINT('',(-2.763696131902,-4.804918421019));
#2180 = CARTESIAN_POINT('',(-2.859481151594,-4.820163456064));
#2181 = CARTESIAN_POINT('',(-2.955288627072,-4.835404424637));
#2182 = CARTESIAN_POINT('',(-3.092075621531,-4.857167192913));
#2183 = CARTESIAN_POINT('',(-3.133094233739,-4.863694250548));
#2184 = CARTESIAN_POINT('',(-3.174111520295,-4.870222381872));
#2185 = CARTESIAN_POINT('',(-3.215128429874,-4.876751750761));
#2186 = CARTESIAN_POINT('',(-3.25614567667,-4.883282221317));
#2187 = CARTESIAN_POINT('',(-3.2971637404,-4.889813357871));
#2188 = CARTESIAN_POINT('',(-3.338182866299,-4.896344424982));
#2189 = CARTESIAN_POINT('',(-3.513177266592,-4.924201600128));
#2190 = CARTESIAN_POINT('',(-3.647371106273,-4.945556804646));
#2191 = CARTESIAN_POINT('',(-3.781432048965,-4.966879014856));
#2192 = CARTESIAN_POINT('',(-3.91541620814,-4.988194891862));
#2193 = CARTESIAN_POINT('',(-4.049400826312,-5.009518860497));
#2194 = CARTESIAN_POINT('',(-4.183464084892,-5.0308585639));
#2195 = CARTESIAN_POINT('',(-4.317660141854,-5.05222008206));
#2196 = CARTESIAN_POINT('',(-4.558485822963,-5.090553584191));
#2197 = CARTESIAN_POINT('',(-4.665409430126,-5.107572676499));
#2198 = CARTESIAN_POINT('',(-4.772292914969,-5.124584161234));
#2199 = CARTESIAN_POINT('',(-4.879145652361,-5.141589544428));
#2200 = CARTESIAN_POINT('',(-4.98599937376,-5.158594717605));
#2201 = CARTESIAN_POINT('',(-5.092885614012,-5.175605539742));
#2202 = CARTESIAN_POINT('',(-5.199812158415,-5.192623381101));
#2203 = CARTESIAN_POINT('',(-5.428678975183,-5.229049606835));
#2204 = CARTESIAN_POINT('',(-5.550834706084,-5.248492426043));
#2205 = CARTESIAN_POINT('',(-5.672907928443,-5.267922528111));
#2206 = CARTESIAN_POINT('',(-5.794927271055,-5.28734367304));
#2207 = CARTESIAN_POINT('',(-5.916946277495,-5.306763248071));
#2208 = CARTESIAN_POINT('',(-6.03901951455,-5.326190003651));
#2209 = CARTESIAN_POINT('',(-6.161173505798,-5.34562889512));
#2210 = CARTESIAN_POINT('',(-6.28318530718,-5.36504521991));
#2211 = ( GEOMETRIC_REPRESENTATION_CONTEXT(2) 
PARAMETRIC_REPRESENTATION_CONTEXT() REPRESENTATION_CONTEXT('2D SPACE',''
  ) );
#2212 = ORIENTED_EDGE('',*,*,#2213,.T.);
#2213 = EDGE_CURVE('',#2021,#2214,#2216,.T.);
#2214 = VERTEX_POINT('',#2215);
#2215 = CARTESIAN_POINT('',(2.459,0.,6.365049327924));
#2216 = SURFACE_CURVE('',#2217,(#2283,#2352),.PCURVE_S1.);
#2217 = B_SPLINE_CURVE_WITH_KNOTS('',8,(#2218,#2219,#2220,#2221,#2222,
    #2223,#2224,#2225,#2226,#2227,#2228,#2229,#2230,#2231,#2232,#2233,
    #2234,#2235,#2236,#2237,#2238,#2239,#2240,#2241,#2242,#2243,#2244,
    #2245,#2246,#2247,#2248,#2249,#2250,#2251,#2252,#2253,#2254,#2255,
    #2256,#2257,#2258,#2259,#2260,#2261,#2262,#2263,#2264,#2265,#2266,
    #2267,#2268,#2269,#2270,#2271,#2272,#2273,#2274,#2275,#2276,#2277,
    #2278,#2279,#2280,#2281,#2282),.UNSPECIFIED.,.F.,.F.,(9,7,7,7,7,7,7,
    7,7,9),(0.,8.681941334847E-02,0.218523955688,0.342558210846,
    0.474983176743,0.584632393358,0.633261977492,0.689723527808,
    0.846652117342,1.),.UNSPECIFIED.);
#2218 = CARTESIAN_POINT('',(2.459,1.7763568394E-15,5.36504521991));
#2219 = CARTESIAN_POINT('',(2.459,0.167636736406,5.375893873891));
#2220 = CARTESIAN_POINT('',(2.445939086406,0.335301459384,5.38674433421)
  );
#2221 = CARTESIAN_POINT('',(2.419809938848,0.501773088072,5.397594650099
    ));
#2222 = CARTESIAN_POINT('',(2.380748375112,0.665859701474,5.408444587579
    ));
#2223 = CARTESIAN_POINT('',(2.329016002723,0.826399721309,5.419294762697
    ));
#2224 = CARTESIAN_POINT('',(2.264993088004,0.982265765674,5.430145786931
    ));
#2225 = CARTESIAN_POINT('',(2.189181642623,1.132371173526,5.440997424766
    ));
#2226 = CARTESIAN_POINT('',(1.970296494105,1.493076638052,5.468307663775
    ));
#2227 = CARTESIAN_POINT('',(1.812600127825,1.695014354552,5.484778408214
    ));
#2228 = CARTESIAN_POINT('',(1.631349900991,1.877717711731,5.501244529175
    ));
#2229 = CARTESIAN_POINT('',(1.429353960291,2.038036774499,5.517706453795
    ));
#2230 = CARTESIAN_POINT('',(1.209821468778,2.17335205506,5.534167783226)
  );
#2231 = CARTESIAN_POINT('',(0.976308423959,2.281537873086,5.550632360554
    ));
#2232 = CARTESIAN_POINT('',(0.732733866517,2.361026551814,5.567101188276
    ));
#2233 = CARTESIAN_POINT('',(0.248595130875,2.458095434913,5.599058829479
    ));
#2234 = CARTESIAN_POINT('',(8.43206083642E-03,2.479061727772,
    5.614565356637));
#2235 = CARTESIAN_POINT('',(-0.233528799766,2.473158801603,
    5.630067781366));
#2236 = CARTESIAN_POINT('',(-0.473770157455,2.440289438098,
    5.645567014364));
#2237 = CARTESIAN_POINT('',(-0.708856843865,2.38087576756,5.661066734908
    ));
#2238 = CARTESIAN_POINT('',(-0.935446440602,2.295812679226,5.67657035944
    ));
#2239 = CARTESIAN_POINT('',(-1.150315870797,2.18650566655,5.692078199569
    ));
#2240 = CARTESIAN_POINT('',(-1.564128041875,1.914565011657,5.7241280562)
  );
#2241 = CARTESIAN_POINT('',(-1.76124368042,1.748670389982,5.74068717285)
  );
#2242 = CARTESIAN_POINT('',(-1.938049167797,1.559693601544,
    5.757240444212));
#2243 = CARTESIAN_POINT('',(-2.091452422225,1.350605017679,
    5.773788396337));
#2244 = CARTESIAN_POINT('',(-2.218917073008,1.12476297593,5.790335214721
    ));
#2245 = CARTESIAN_POINT('',(-2.318422611861,0.88586105469,5.806886002091
    ));
#2246 = CARTESIAN_POINT('',(-2.388531404851,0.637943619656,5.82344324679
    ));
#2247 = CARTESIAN_POINT('',(-2.461789666652,0.176331075804,
    5.853694262167));
#2248 = CARTESIAN_POINT('',(-2.474408447524,-3.608492297811E-02,
    5.867401744811));
#2249 = CARTESIAN_POINT('',(-2.4660549925,-0.249375799027,5.881108992472
    ));
#2250 = CARTESIAN_POINT('',(-2.436704735063,-0.461126145653,
    5.894816114225));
#2251 = CARTESIAN_POINT('',(-2.386652656076,-0.668961056942,
    5.90852444622));
#2252 = CARTESIAN_POINT('',(-2.316490457108,-0.870559996826,
    5.922233812422));
#2253 = CARTESIAN_POINT('',(-2.22712496109,-1.063679077946,
    5.935941233897));
#2254 = CARTESIAN_POINT('',(-2.072255704678,-1.327121946106,
    5.955716990917));
#2255 = CARTESIAN_POINT('',(-2.021137838093,-1.40599157434,
    5.961792435883));
#2256 = CARTESIAN_POINT('',(-1.966592191075,-1.482606593873,
    5.967867582893));
#2257 = CARTESIAN_POINT('',(-1.908736404875,-1.556791719007,
    5.973942674413));
#2258 = CARTESIAN_POINT('',(-1.847697711451,-1.628380419491,
    5.980018034035));
#2259 = CARTESIAN_POINT('',(-1.783612933475,-1.697214920527,
    5.986094066477));
#2260 = CARTESIAN_POINT('',(-1.716628484328,-1.763146202762,
    5.992171257586));
#2261 = CARTESIAN_POINT('',(-1.565942292628,-1.899050103932,
    6.005308122085));
#2262 = CARTESIAN_POINT('',(-1.481280588057,-1.967967610358,
    6.012367328043));
#2263 = CARTESIAN_POINT('',(-1.393160863546,-2.032564410313,
    6.019426833127));
#2264 = CARTESIAN_POINT('',(-1.301841571184,-2.092638147461,
    6.026485918498));
#2265 = CARTESIAN_POINT('',(-1.207594006,-2.148006220398,6.033544105562)
  );
#2266 = CARTESIAN_POINT('',(-1.11070230596,-2.198505782648,6.04060115597
    ));
#2267 = CARTESIAN_POINT('',(-1.011463451966,-2.243993742665,
    6.047657071617));
#2268 = CARTESIAN_POINT('',(-0.628701395858,-2.396503491012,
    6.074320745243));
#2269 = CARTESIAN_POINT('',(-0.331070946329,-2.469158559885,6.0939488613
    ));
#2270 = CARTESIAN_POINT('',(-2.429016501902E-02,-2.499327213215,
    6.113562463801));
#2271 = CARTESIAN_POINT('',(0.284534078574,-2.48595817288,6.13317375439)
  );
#2272 = CARTESIAN_POINT('',(0.588388677214,-2.429200394618,
    6.152789244784));
#2273 = CARTESIAN_POINT('',(0.880411750902,-2.330498142365,
    6.172414793626));
#2274 = CARTESIAN_POINT('',(1.153927153761,-2.192476098893,
    6.192053638673));
#2275 = CARTESIAN_POINT('',(1.645990658647,-1.850694939735,
    6.230834452711));
#2276 = CARTESIAN_POINT('',(1.866205239698,-1.64812240604,6.25002116222)
  );
#2277 = CARTESIAN_POINT('',(2.057554373447,-1.415795547118,6.26919422251
    ));
#2278 = CARTESIAN_POINT('',(2.215534727987,-1.158661464379,
    6.288358268595));
#2279 = CARTESIAN_POINT('',(2.336599145279,-0.882221035958,
    6.307523083785));
#2280 = CARTESIAN_POINT('',(2.418252476077,-0.592524251231,
    6.326697171883));
#2281 = CARTESIAN_POINT('',(2.459,-0.296096417111,6.345883905898));
#2282 = CARTESIAN_POINT('',(2.459,-1.7763568394E-15,6.365049327924));
#2283 = PCURVE('',#690,#2284);
#2284 = DEFINITIONAL_REPRESENTATION('',(#2285),#2351);
#2285 = B_SPLINE_CURVE_WITH_KNOTS('',8,(#2286,#2287,#2288,#2289,#2290,
    #2291,#2292,#2293,#2294,#2295,#2296,#2297,#2298,#2299,#2300,#2301,
    #2302,#2303,#2304,#2305,#2306,#2307,#2308,#2309,#2310,#2311,#2312,
    #2313,#2314,#2315,#2316,#2317,#2318,#2319,#2320,#2321,#2322,#2323,
    #2324,#2325,#2326,#2327,#2328,#2329,#2330,#2331,#2332,#2333,#2334,
    #2335,#2336,#2337,#2338,#2339,#2340,#2341,#2342,#2343,#2344,#2345,
    #2346,#2347,#2348,#2349,#2350),.UNSPECIFIED.,.F.,.F.,(9,7,7,7,7,7,7,
    7,7,9),(0.,8.681941334847E-02,0.218523955688,0.342558210846,
    0.474983176743,0.584632393358,0.633261977492,0.689723527808,
    0.846652117342,1.),.UNSPECIFIED.);
#2286 = CARTESIAN_POINT('',(0.6526375912,31.81132554428));
#2287 = CARTESIAN_POINT('',(0.652635051652,31.880356594609));
#2288 = CARTESIAN_POINT('',(0.652632581346,31.94939889093));
#2289 = CARTESIAN_POINT('',(0.652630424633,32.018439152379));
#2290 = CARTESIAN_POINT('',(0.652628835034,32.087474988126));
#2291 = CARTESIAN_POINT('',(0.652627996264,32.156509663847));
#2292 = CARTESIAN_POINT('',(0.652627978932,32.22554681865));
#2293 = CARTESIAN_POINT('',(0.652628732928,32.294585132456));
#2294 = CARTESIAN_POINT('',(0.652632212831,32.468327730059));
#2295 = CARTESIAN_POINT('',(0.652635757633,32.573106358357));
#2296 = CARTESIAN_POINT('',(0.652640268817,32.677852131842));
#2297 = CARTESIAN_POINT('',(0.652644758906,32.782571282164));
#2298 = CARTESIAN_POINT('',(0.652648089327,32.887290772592));
#2299 = CARTESIAN_POINT('',(0.652649634359,32.992037280593));
#2300 = CARTESIAN_POINT('',(0.652649636922,33.096816319846));
#2301 = CARTESIAN_POINT('',(0.65264769995,33.300146199183));
#2302 = CARTESIAN_POINT('',(0.652645875959,33.398809327188));
#2303 = CARTESIAN_POINT('',(0.652643620876,33.497447888564));
#2304 = CARTESIAN_POINT('',(0.652641699128,33.596064957073));
#2305 = CARTESIAN_POINT('',(0.652640825213,33.694681398605));
#2306 = CARTESIAN_POINT('',(0.652641135049,33.793318465773));
#2307 = CARTESIAN_POINT('',(0.652642011876,33.891980335968));
#2308 = CARTESIAN_POINT('',(0.652643618708,34.09588430312));
#2309 = CARTESIAN_POINT('',(0.652644326394,34.201235275177));
#2310 = CARTESIAN_POINT('',(0.652644121619,34.306552305104));
#2311 = CARTESIAN_POINT('',(0.652641940675,34.411842525141));
#2312 = CARTESIAN_POINT('',(0.652637469043,34.517133683794));
#2313 = CARTESIAN_POINT('',(0.652632175246,34.622453019984));
#2314 = CARTESIAN_POINT('',(0.652628961927,34.727806035698));
#2315 = CARTESIAN_POINT('',(0.652629104578,34.920270508381));
#2316 = CARTESIAN_POINT('',(0.652631509269,35.007472589771));
#2317 = CARTESIAN_POINT('',(0.652636638238,35.094663481379));
#2318 = CARTESIAN_POINT('',(0.652645174953,35.181841444931));
#2319 = CARTESIAN_POINT('',(0.65265546197,35.269020879635));
#2320 = CARTESIAN_POINT('',(0.652663398354,35.356215259307));
#2321 = CARTESIAN_POINT('',(0.652664874719,35.443420255095));
#2322 = CARTESIAN_POINT('',(0.652658914712,35.569260074051));
#2323 = CARTESIAN_POINT('',(0.652655600248,35.607925460768));
#2324 = CARTESIAN_POINT('',(0.652651415407,35.646592049186));
#2325 = CARTESIAN_POINT('',(0.652647031895,35.68525899156));
#2326 = CARTESIAN_POINT('',(0.65264318019,35.723925747145));
#2327 = CARTESIAN_POINT('',(0.652640649541,35.762592082206));
#2328 = CARTESIAN_POINT('',(0.65264028797,35.801258070007));
#2329 = CARTESIAN_POINT('',(0.652646153715,35.884817410777));
#2330 = CARTESIAN_POINT('',(0.65265117585,35.929712078658));
#2331 = CARTESIAN_POINT('',(0.652656375652,35.974608017402));
#2332 = CARTESIAN_POINT('',(0.652660555191,36.019504916582));
#2333 = CARTESIAN_POINT('',(0.652663011631,36.064402232401));
#2334 = CARTESIAN_POINT('',(0.652663537233,36.1092991877));
#2335 = CARTESIAN_POINT('',(0.652662419348,36.154194771949));
#2336 = CARTESIAN_POINT('',(0.65265494022,36.32386274856));
#2337 = CARTESIAN_POINT('',(0.652641008837,36.44879160395));
#2338 = CARTESIAN_POINT('',(0.652625879011,36.573632385166));
#2339 = CARTESIAN_POINT('',(0.652623046475,36.698414695467));
#2340 = CARTESIAN_POINT('',(0.652627275897,36.823198594958));
#2341 = CARTESIAN_POINT('',(0.652633287947,36.948040145224));
#2342 = CARTESIAN_POINT('',(0.652638146059,37.072970395939));
#2343 = CARTESIAN_POINT('',(0.652644002723,37.319683375006));
#2344 = CARTESIAN_POINT('',(0.652645094134,37.441750423948));
#2345 = CARTESIAN_POINT('',(0.652643676005,37.563739563529));
#2346 = CARTESIAN_POINT('',(0.652641011521,37.6856757877));
#2347 = CARTESIAN_POINT('',(0.652640069342,37.807610776036));
#2348 = CARTESIAN_POINT('',(0.652641156207,37.929597540387));
#2349 = CARTESIAN_POINT('',(0.652643367451,38.051660760136));
#2350 = CARTESIAN_POINT('',(0.652645562184,38.173588446121));
#2351 = ( GEOMETRIC_REPRESENTATION_CONTEXT(2) 
PARAMETRIC_REPRESENTATION_CONTEXT() REPRESENTATION_CONTEXT('2D SPACE',''
  ) );
#2352 = PCURVE('',#2353,#2358);
#2353 = CYLINDRICAL_SURFACE('',#2354,2.459);
#2354 = AXIS2_PLACEMENT_3D('',#2355,#2356,#2357);
#2355 = CARTESIAN_POINT('',(0.,0.,0.));
#2356 = DIRECTION('',(-0.,-0.,-1.));
#2357 = DIRECTION('',(1.,0.,0.));
#2358 = DEFINITIONAL_REPRESENTATION('',(#2359),#2425);
#2359 = B_SPLINE_CURVE_WITH_KNOTS('',8,(#2360,#2361,#2362,#2363,#2364,
    #2365,#2366,#2367,#2368,#2369,#2370,#2371,#2372,#2373,#2374,#2375,
    #2376,#2377,#2378,#2379,#2380,#2381,#2382,#2383,#2384,#2385,#2386,
    #2387,#2388,#2389,#2390,#2391,#2392,#2393,#2394,#2395,#2396,#2397,
    #2398,#2399,#2400,#2401,#2402,#2403,#2404,#2405,#2406,#2407,#2408,
    #2409,#2410,#2411,#2412,#2413,#2414,#2415,#2416,#2417,#2418,#2419,
    #2420,#2421,#2422,#2423,#2424),.UNSPECIFIED.,.F.,.F.,(9,7,7,7,7,7,7,
    7,7,9),(0.,8.681941334847E-02,0.218523955688,0.342558210846,
    0.474983176743,0.584632393358,0.633261977492,0.689723527808,
    0.846652117342,1.),.UNSPECIFIED.);
#2360 = CARTESIAN_POINT('',(0.,-5.36504521991));
#2361 = CARTESIAN_POINT('',(-6.817272729005E-02,-5.375893873891));
#2362 = CARTESIAN_POINT('',(-0.136356683589,-5.38674433421));
#2363 = CARTESIAN_POINT('',(-0.20453877215,-5.397594650099));
#2364 = CARTESIAN_POINT('',(-0.272716616375,-5.408444587579));
#2365 = CARTESIAN_POINT('',(-0.340893396753,-5.419294762697));
#2366 = CARTESIAN_POINT('',(-0.409072644776,-5.430145786931));
#2367 = CARTESIAN_POINT('',(-0.477252993852,-5.440997424766));
#2368 = CARTESIAN_POINT('',(-0.648836216752,-5.468307663775));
#2369 = CARTESIAN_POINT('',(-0.752312400289,-5.484778408214));
#2370 = CARTESIAN_POINT('',(-0.855755802612,-5.501244529175));
#2371 = CARTESIAN_POINT('',(-0.959172510417,-5.517706453795));
#2372 = CARTESIAN_POINT('',(-1.062589343414,-5.534167783226));
#2373 = CARTESIAN_POINT('',(-1.166033000186,-5.550632360554));
#2374 = CARTESIAN_POINT('',(-1.269509226956,-5.567101188276));
#2375 = CARTESIAN_POINT('',(-1.470311959504,-5.599058829479));
#2376 = CARTESIAN_POINT('',(-1.567749298879,-5.614565356637));
#2377 = CARTESIAN_POINT('',(-1.665162929587,-5.630067781366));
#2378 = CARTESIAN_POINT('',(-1.762555837357,-5.645567014364));
#2379 = CARTESIAN_POINT('',(-1.859948313395,-5.661066734908));
#2380 = CARTESIAN_POINT('',(-1.95736090024,-5.67657035944));
#2381 = CARTESIAN_POINT('',(-2.054797379029,-5.692078199569));
#2382 = CARTESIAN_POINT('',(-2.256167404699,-5.7241280562));
#2383 = CARTESIAN_POINT('',(-2.360208372292,-5.74068717285));
#2384 = CARTESIAN_POINT('',(-2.464214928564,-5.757240444213));
#2385 = CARTESIAN_POINT('',(-2.568194243977,-5.773788396337));
#2386 = CARTESIAN_POINT('',(-2.672174439713,-5.790335214721));
#2387 = CARTESIAN_POINT('',(-2.776183239247,-5.806886002091));
#2388 = CARTESIAN_POINT('',(-2.880226378078,-5.82344324679));
#2389 = CARTESIAN_POINT('',(-3.070299361681,-5.853694262167));
#2390 = CARTESIAN_POINT('',(-3.156418427102,-5.867401744811));
#2391 = CARTESIAN_POINT('',(-3.242526942974,-5.881108992472));
#2392 = CARTESIAN_POINT('',(-3.328622629736,-5.894816114225));
#2393 = CARTESIAN_POINT('',(-3.414719147637,-5.90852444622));
#2394 = CARTESIAN_POINT('',(-3.500829593938,-5.922233812422));
#2395 = CARTESIAN_POINT('',(-3.58694998788,-5.935941233897));
#2396 = CARTESIAN_POINT('',(-3.711225003441,-5.955716990917));
#2397 = CARTESIAN_POINT('',(-3.74940967963,-5.961792435883));
#2398 = CARTESIAN_POINT('',(-3.787595616362,-5.967867582893));
#2399 = CARTESIAN_POINT('',(-3.825781962206,-5.973942674413));
#2400 = CARTESIAN_POINT('',(-3.863968169927,-5.980018034035));
#2401 = CARTESIAN_POINT('',(-3.902153996489,-5.986094066477));
#2402 = CARTESIAN_POINT('',(-3.940339503056,-5.992171257586));
#2403 = CARTESIAN_POINT('',(-4.02286052485,-6.005308122085));
#2404 = CARTESIAN_POINT('',(-4.067197267909,-6.012367328043));
#2405 = CARTESIAN_POINT('',(-4.111535152452,-6.019426833127));
#2406 = CARTESIAN_POINT('',(-4.155873853606,-6.026485918498));
#2407 = CARTESIAN_POINT('',(-4.200212853339,-6.033544105562));
#2408 = CARTESIAN_POINT('',(-4.244551440459,-6.04060115597));
#2409 = CARTESIAN_POINT('',(-4.288888710617,-6.047657071617));
#2410 = CARTESIAN_POINT('',(-4.456447358966,-6.074320745243));
#2411 = CARTESIAN_POINT('',(-4.579823968671,-6.093948861301));
#2412 = CARTESIAN_POINT('',(-4.703115382349,-6.113562463801));
#2413 = CARTESIAN_POINT('',(-4.826349448836,-6.13317375439));
#2414 = CARTESIAN_POINT('',(-4.949582481721,-6.152789244783));
#2415 = CARTESIAN_POINT('',(-5.072870859694,-6.172414793626));
#2416 = CARTESIAN_POINT('',(-5.196246073482,-6.192053638673));
#2417 = CARTESIAN_POINT('',(-5.439888500426,-6.230834452711));
#2418 = CARTESIAN_POINT('',(-5.560436481095,-6.25002116222));
#2419 = CARTESIAN_POINT('',(-5.680908485512,-6.26919422251));
#2420 = CARTESIAN_POINT('',(-5.801329884443,-6.288358268595));
#2421 = CARTESIAN_POINT('',(-5.921751314072,-6.307523083785));
#2422 = CARTESIAN_POINT('',(-6.042224091945,-6.326697171883));
#2423 = CARTESIAN_POINT('',(-6.162771961466,-6.345883905898));
#2424 = CARTESIAN_POINT('',(-6.28318530718,-6.365049327924));
#2425 = ( GEOMETRIC_REPRESENTATION_CONTEXT(2) 
PARAMETRIC_REPRESENTATION_CONTEXT() REPRESENTATION_CONTEXT('2D SPACE',''
  ) );
#2426 = ORIENTED_EDGE('',*,*,#2427,.T.);
#2427 = EDGE_CURVE('',#2214,#2428,#2430,.T.);
#2428 = VERTEX_POINT('',#2429);
#2429 = CARTESIAN_POINT('',(2.459,0.,7.365049150745));
#2430 = SURFACE_CURVE('',#2431,(#2504,#2580),.PCURVE_S1.);
#2431 = B_SPLINE_CURVE_WITH_KNOTS('',8,(#2432,#2433,#2434,#2435,#2436,
    #2437,#2438,#2439,#2440,#2441,#2442,#2443,#2444,#2445,#2446,#2447,
    #2448,#2449,#2450,#2451,#2452,#2453,#2454,#2455,#2456,#2457,#2458,
    #2459,#2460,#2461,#2462,#2463,#2464,#2465,#2466,#2467,#2468,#2469,
    #2470,#2471,#2472,#2473,#2474,#2475,#2476,#2477,#2478,#2479,#2480,
    #2481,#2482,#2483,#2484,#2485,#2486,#2487,#2488,#2489,#2490,#2491,
    #2492,#2493,#2494,#2495,#2496,#2497,#2498,#2499,#2500,#2501,#2502,
    #2503),.UNSPECIFIED.,.F.,.F.,(9,7,7,7,7,7,7,7,7,7,9),(0.,
    0.100180286234,0.216464070877,0.336770139354,0.46056693424,
    0.577806494764,0.675586254835,0.70851262638,0.751201141687,
    0.813680602745,1.),.UNSPECIFIED.);
#2432 = CARTESIAN_POINT('',(2.459,-1.7763568394E-15,6.365049327924));
#2433 = CARTESIAN_POINT('',(2.459,0.193428397275,6.377569360762));
#2434 = CARTESIAN_POINT('',(2.441610848249,0.38690519937,6.390092509168)
  );
#2435 = CARTESIAN_POINT('',(2.406818357344,0.57853851309,6.402614476077)
  );
#2436 = CARTESIAN_POINT('',(2.35486843162,0.766499720653,6.415134524395)
  );
#2437 = CARTESIAN_POINT('',(2.286225841319,0.949022936379,6.427653839575
    ));
#2438 = CARTESIAN_POINT('',(2.201556689301,1.124411397704,6.440173886958
    ));
#2439 = CARTESIAN_POINT('',(2.101734570297,1.291050790492,6.452694763912
    ));
#2440 = CARTESIAN_POINT('',(1.855703161883,1.628945352478,6.479744663585
    ));
#2441 = CARTESIAN_POINT('',(1.704544829683,1.796735288203,6.49428077757)
  );
#2442 = CARTESIAN_POINT('',(1.53612480137,1.948375482641,6.508814060771)
  );
#2443 = CARTESIAN_POINT('',(1.352493039704,2.081824337725,6.523345175418
    ));
#2444 = CARTESIAN_POINT('',(1.155933220443,2.195373423729,6.537876943856
    ));
#2445 = CARTESIAN_POINT('',(0.948934479398,2.287630574483,6.552412014541
    ));
#2446 = CARTESIAN_POINT('',(0.734195355952,2.357552505119,6.566950609516
    ));
#2447 = CARTESIAN_POINT('',(0.287476963266,2.453161578431,6.596520996752
    ));
#2448 = CARTESIAN_POINT('',(5.497815180264E-02,2.477273456704,
    6.611564381105));
#2449 = CARTESIAN_POINT('',(-0.179638151061,2.476154883317,
    6.626604906954));
#2450 = CARTESIAN_POINT('',(-0.413170095362,2.44965688527,6.641642659688
    ));
#2451 = CARTESIAN_POINT('',(-0.642475338655,2.398091149535,6.6566800208)
  );
#2452 = CARTESIAN_POINT('',(-0.86448149252,2.322192813581,6.671719472008
    ));
#2453 = CARTESIAN_POINT('',(-1.076209274024,2.223154345236,
    6.686761309669));
#2454 = CARTESIAN_POINT('',(-1.479248686428,1.97879806304,6.717266727622
    ));
#2455 = CARTESIAN_POINT('',(-1.669989284433,1.832099750331,
    6.732744998996));
#2456 = CARTESIAN_POINT('',(-1.843949048086,1.664465960999,
    6.748219323273));
#2457 = CARTESIAN_POINT('',(-1.998482236589,1.478192377232,
    6.763690380007));
#2458 = CARTESIAN_POINT('',(-2.131354471474,1.275899380528,
    6.779161776111));
#2459 = CARTESIAN_POINT('',(-2.240717561344,1.060489664159,
    6.794637003785));
#2460 = CARTESIAN_POINT('',(-2.325152790448,0.835158582292,
    6.810116515723));
#2461 = CARTESIAN_POINT('',(-2.439367016755,0.383953935,6.840241810529)
  );
#2462 = CARTESIAN_POINT('',(-2.471846798086,0.158573203579,
    6.854899554895));
#2463 = CARTESIAN_POINT('',(-2.480481377126,-6.977876364688E-02,
    6.86955411636));
#2464 = CARTESIAN_POINT('',(-2.465009680993,-0.298153900154,
    6.884205733283));
#2465 = CARTESIAN_POINT('',(-2.425586838655,-0.5236368514,6.898856735476
    ));
#2466 = CARTESIAN_POINT('',(-2.362753569863,-0.743355704719,
    6.913509785378));
#2467 = CARTESIAN_POINT('',(-2.277467260253,-0.954500655074,
    6.928165760077));
#2468 = CARTESIAN_POINT('',(-2.082558232878,-1.321090167842,
    6.955035421994));
#2469 = CARTESIAN_POINT('',(-1.979288095019,-1.480031801378,
    6.967255723735));
#2470 = CARTESIAN_POINT('',(-1.862192926009,-1.629676117261,
    6.979475495177));
#2471 = CARTESIAN_POINT('',(-1.732259341763,-1.768637296468,6.9916955711
    ));
#2472 = CARTESIAN_POINT('',(-1.59062429227,-1.895662336664,
    7.003917619404));
#2473 = CARTESIAN_POINT('',(-1.438563531016,-2.009632565437,
    7.016142456015));
#2474 = CARTESIAN_POINT('',(-1.277494359016,-2.109580871846,
    7.028368564102));
#2475 = CARTESIAN_POINT('',(-1.052251349652,-2.223395987405,
    7.044706541159));
#2476 = CARTESIAN_POINT('',(-0.994663919711,-2.250390274381,
    7.048822066983));
#2477 = CARTESIAN_POINT('',(-0.936286700904,-2.275679195476,
    7.052937459082));
#2478 = CARTESIAN_POINT('',(-0.877178020968,-2.299236089702,
    7.057052718002));
#2479 = CARTESIAN_POINT('',(-0.817398223831,-2.321036255458,
    7.061167781355));
#2480 = CARTESIAN_POINT('',(-0.757009705352,-2.341057249192,
    7.065282524324));
#2481 = CARTESIAN_POINT('',(-0.69607694906,-2.359279184068,
    7.069396760169));
#2482 = CARTESIAN_POINT('',(-0.555048974846,-2.3969549443,7.078843302656
    ));
#2483 = CARTESIAN_POINT('',(-0.474614984126,-2.415176080632,
    7.084176006649));
#2484 = CARTESIAN_POINT('',(-0.393500590992,-2.430311491596,
    7.089508380756));
#2485 = CARTESIAN_POINT('',(-0.311843576173,-2.442331787361,
    7.09484054752));
#2486 = CARTESIAN_POINT('',(-0.229783499865,-2.451215134287,
    7.100172723984));
#2487 = CARTESIAN_POINT('',(-0.147461701731,-2.456947254929,
    7.105505221695));
#2488 = CARTESIAN_POINT('',(-6.502130090083E-02,-2.45952142803,
    7.110838446699));
#2489 = CARTESIAN_POINT('',(0.138015149932,-2.458085290763,7.12398047347
    ));
#2490 = CARTESIAN_POINT('',(0.258593532071,-2.450469294614,
    7.131790584953));
#2491 = CARTESIAN_POINT('',(0.378679165792,-2.436094273117,
    7.139601578937));
#2492 = CARTESIAN_POINT('',(0.4978300032,-2.414998109066,7.147412245612)
  );
#2493 = CARTESIAN_POINT('',(0.615610733156,-2.387252795012,7.15522182042
    ));
#2494 = CARTESIAN_POINT('',(0.73159278128,-2.352964433267,7.163029984053
    ));
#2495 = CARTESIAN_POINT('',(0.845354309946,-2.312273235899,
    7.170836862455));
#2496 = CARTESIAN_POINT('',(1.28786771605,-2.125434707324,7.201921714166
    ));
#2497 = CARTESIAN_POINT('',(1.596662433203,-1.929774914802,
    7.225249298023));
#2498 = CARTESIAN_POINT('',(1.870542997356,-1.683035926468,
    7.248540940375));
#2499 = CARTESIAN_POINT('',(2.100205964124,-1.39297731517,7.271829050536
    ));
#2500 = CARTESIAN_POINT('',(2.278087518697,-1.068576262213,
    7.295119777676));
#2501 = CARTESIAN_POINT('',(2.398861792223,-0.720291065174,
    7.318426953395));
#2502 = CARTESIAN_POINT('',(2.459,-0.35971193528,7.341766798108));
#2503 = CARTESIAN_POINT('',(2.459,-2.22044604925E-15,7.365049150745));
#2504 = PCURVE('',#690,#2505);
#2505 = DEFINITIONAL_REPRESENTATION('',(#2506),#2579);
#2506 = B_SPLINE_CURVE_WITH_KNOTS('',8,(#2507,#2508,#2509,#2510,#2511,
    #2512,#2513,#2514,#2515,#2516,#2517,#2518,#2519,#2520,#2521,#2522,
    #2523,#2524,#2525,#2526,#2527,#2528,#2529,#2530,#2531,#2532,#2533,
    #2534,#2535,#2536,#2537,#2538,#2539,#2540,#2541,#2542,#2543,#2544,
    #2545,#2546,#2547,#2548,#2549,#2550,#2551,#2552,#2553,#2554,#2555,
    #2556,#2557,#2558,#2559,#2560,#2561,#2562,#2563,#2564,#2565,#2566,
    #2567,#2568,#2569,#2570,#2571,#2572,#2573,#2574,#2575,#2576,#2577,
    #2578),.UNSPECIFIED.,.F.,.F.,(9,7,7,7,7,7,7,7,7,7,9),(0.,
    0.100180286234,0.216464070877,0.336770139354,0.46056693424,
    0.577806494764,0.675586254835,0.70851262638,0.751201141687,
    0.813680602745,1.),.UNSPECIFIED.);
#2507 = CARTESIAN_POINT('',(0.652645562184,38.173588446121));
#2508 = CARTESIAN_POINT('',(0.652646995919,38.253239112325));
#2509 = CARTESIAN_POINT('',(0.65264842292,38.332909624559));
#2510 = CARTESIAN_POINT('',(0.652649535202,38.412573739767));
#2511 = CARTESIAN_POINT('',(0.652649965281,38.492228076129));
#2512 = CARTESIAN_POINT('',(0.652649473579,38.571881028365));
#2513 = CARTESIAN_POINT('',(0.652648040061,38.651541990681));
#2514 = CARTESIAN_POINT('',(0.652645860071,38.731210887374));
#2515 = CARTESIAN_POINT('',(0.652640208277,38.903329633674));
#2516 = CARTESIAN_POINT('',(0.652636583513,38.99582514412));
#2517 = CARTESIAN_POINT('',(0.652632847536,39.088303040137));
#2518 = CARTESIAN_POINT('',(0.652629699289,39.18076504771));
#2519 = CARTESIAN_POINT('',(0.652627803234,39.273226758756));
#2520 = CARTESIAN_POINT('',(0.652627486533,39.365703859189));
#2521 = CARTESIAN_POINT('',(0.652628600242,39.458198291756));
#2522 = CARTESIAN_POINT('',(0.652632984917,39.646317331836));
#2523 = CARTESIAN_POINT('',(0.652636329203,39.742015430399));
#2524 = CARTESIAN_POINT('',(0.65264035796,39.837692906603));
#2525 = CARTESIAN_POINT('',(0.652644325004,39.933352959128));
#2526 = CARTESIAN_POINT('',(0.65264740964,40.029013660237));
#2527 = CARTESIAN_POINT('',(0.65264912133,40.124692544939));
#2528 = CARTESIAN_POINT('',(0.652649528386,40.220391255634));
#2529 = CARTESIAN_POINT('',(0.652648398506,40.414478833455));
#2530 = CARTESIAN_POINT('',(0.652646806254,40.512961365997));
#2531 = CARTESIAN_POINT('',(0.652644565018,40.61142109557));
#2532 = CARTESIAN_POINT('',(0.652642398577,40.709859769998));
#2533 = CARTESIAN_POINT('',(0.652641110542,40.808297477643));
#2534 = CARTESIAN_POINT('',(0.652641016299,40.906755314452));
#2535 = CARTESIAN_POINT('',(0.652641665032,41.00523776489));
#2536 = CARTESIAN_POINT('',(0.65264316665,41.19689753387));
#2537 = CARTESIAN_POINT('',(0.652644005273,41.290151005382));
#2538 = CARTESIAN_POINT('',(0.652644419692,41.383385736033));
#2539 = CARTESIAN_POINT('',(0.652643694055,41.4766057898));
#2540 = CARTESIAN_POINT('',(0.652641275999,41.569827955226));
#2541 = CARTESIAN_POINT('',(0.652637476205,41.663068065857));
#2542 = CARTESIAN_POINT('',(0.652633667468,41.756326816639));
#2543 = CARTESIAN_POINT('',(0.652629014056,41.927295289649));
#2544 = CARTESIAN_POINT('',(0.65262781407,42.005048359646));
#2545 = CARTESIAN_POINT('',(0.652628145107,42.082792607358));
#2546 = CARTESIAN_POINT('',(0.652630956662,42.160529964948));
#2547 = CARTESIAN_POINT('',(0.65263652253,42.2382700697));
#2548 = CARTESIAN_POINT('',(0.652643994369,42.316021131703));
#2549 = CARTESIAN_POINT('',(0.652651519124,42.393780094854));
#2550 = CARTESIAN_POINT('',(0.652658739125,42.497700943081));
#2551 = CARTESIAN_POINT('',(0.652660320271,42.52387938277));
#2552 = CARTESIAN_POINT('',(0.652661589406,42.550058081998));
#2553 = CARTESIAN_POINT('',(0.652662469181,42.576237319509));
#2554 = CARTESIAN_POINT('',(0.652662890452,42.602416944431));
#2555 = CARTESIAN_POINT('',(0.652662803483,42.628596339637));
#2556 = CARTESIAN_POINT('',(0.652662189146,42.654774385112));
#2557 = CARTESIAN_POINT('',(0.652659619327,42.714884938092));
#2558 = CARTESIAN_POINT('',(0.652657379106,42.748820986944));
#2559 = CARTESIAN_POINT('',(0.652654279176,42.782757996389));
#2560 = CARTESIAN_POINT('',(0.65265050096,42.816696100451));
#2561 = CARTESIAN_POINT('',(0.652646477587,42.85063513866));
#2562 = CARTESIAN_POINT('',(0.652642893891,42.884574656059));
#2563 = CARTESIAN_POINT('',(0.652640686416,42.918513903196));
#2564 = CARTESIAN_POINT('',(0.652641565905,43.002123832077));
#2565 = CARTESIAN_POINT('',(0.652646615968,43.051795860614));
#2566 = CARTESIAN_POINT('',(0.652653137752,43.101468266503));
#2567 = CARTESIAN_POINT('',(0.652658930573,43.151141184089));
#2568 = CARTESIAN_POINT('',(0.65266264891,43.200814537298));
#2569 = CARTESIAN_POINT('',(0.652663802399,43.250488039644));
#2570 = CARTESIAN_POINT('',(0.65266275584,43.30016119422));
#2571 = CARTESIAN_POINT('',(0.652654685548,43.497959981747));
#2572 = CARTESIAN_POINT('',(0.652636334571,43.646441559936));
#2573 = CARTESIAN_POINT('',(0.652617416701,43.79469648625));
#2574 = CARTESIAN_POINT('',(0.652623511364,43.942839928587));
#2575 = CARTESIAN_POINT('',(0.652632905845,44.090988278052));
#2576 = CARTESIAN_POINT('',(0.652640005501,44.239249444207));
#2577 = CARTESIAN_POINT('',(0.652643008216,44.387733038763));
#2578 = CARTESIAN_POINT('',(0.652643568055,44.535859546852));
#2579 = ( GEOMETRIC_REPRESENTATION_CONTEXT(2) 
PARAMETRIC_REPRESENTATION_CONTEXT() REPRESENTATION_CONTEXT('2D SPACE',''
  ) );
#2580 = PCURVE('',#2581,#2586);
#2581 = CYLINDRICAL_SURFACE('',#2582,2.459);
#2582 = AXIS2_PLACEMENT_3D('',#2583,#2584,#2585);
#2583 = CARTESIAN_POINT('',(0.,0.,0.));
#2584 = DIRECTION('',(-0.,-0.,-1.));
#2585 = DIRECTION('',(1.,0.,0.));
#2586 = DEFINITIONAL_REPRESENTATION('',(#2587),#2660);
#2587 = B_SPLINE_CURVE_WITH_KNOTS('',8,(#2588,#2589,#2590,#2591,#2592,
    #2593,#2594,#2595,#2596,#2597,#2598,#2599,#2600,#2601,#2602,#2603,
    #2604,#2605,#2606,#2607,#2608,#2609,#2610,#2611,#2612,#2613,#2614,
    #2615,#2616,#2617,#2618,#2619,#2620,#2621,#2622,#2623,#2624,#2625,
    #2626,#2627,#2628,#2629,#2630,#2631,#2632,#2633,#2634,#2635,#2636,
    #2637,#2638,#2639,#2640,#2641,#2642,#2643,#2644,#2645,#2646,#2647,
    #2648,#2649,#2650,#2651,#2652,#2653,#2654,#2655,#2656,#2657,#2658,
    #2659),.UNSPECIFIED.,.F.,.F.,(9,7,7,7,7,7,7,7,7,7,9),(0.,
    0.100180286234,0.216464070877,0.336770139354,0.46056693424,
    0.577806494764,0.675586254835,0.70851262638,0.751201141687,
    0.813680602745,1.),.UNSPECIFIED.);
#2588 = CARTESIAN_POINT('',(0.,-6.365049327924));
#2589 = CARTESIAN_POINT('',(-7.866140596783E-02,-6.377569360762));
#2590 = CARTESIAN_POINT('',(-0.157342125749,-6.390092509168));
#2591 = CARTESIAN_POINT('',(-0.236016165918,-6.402614476077));
#2592 = CARTESIAN_POINT('',(-0.314680197667,-6.415134524395));
#2593 = CARTESIAN_POINT('',(-0.393342595855,-6.427653839575));
#2594 = CARTESIAN_POINT('',(-0.472012767842,-6.440173886958));
#2595 = CARTESIAN_POINT('',(-0.550690772102,-6.452694763912));
#2596 = CARTESIAN_POINT('',(-0.720668934728,-6.479744663585));
#2597 = CARTESIAN_POINT('',(-0.81201421466,-6.49428077757));
#2598 = CARTESIAN_POINT('',(-0.903342337137,-6.508814060771));
#2599 = CARTESIAN_POINT('',(-0.994655077521,-6.523345175418));
#2600 = CARTESIAN_POINT('',(-1.085967762514,-6.537876943856));
#2601 = CARTESIAN_POINT('',(-1.177295718318,-6.552412014541));
#2602 = CARTESIAN_POINT('',(-1.268640703872,-6.566950609516));
#2603 = CARTESIAN_POINT('',(-1.454421598114,-6.596520996752));
#2604 = CARTESIAN_POINT('',(-1.548930071493,-6.611564381105));
#2605 = CARTESIAN_POINT('',(-1.643417898092,-6.626604906954));
#2606 = CARTESIAN_POINT('',(-1.737888208546,-6.641642659688));
#2607 = CARTESIAN_POINT('',(-1.832358989003,-6.6566800208));
#2608 = CARTESIAN_POINT('',(-1.926847804924,-6.671719472008));
#2609 = CARTESIAN_POINT('',(-2.021356509865,-6.686761309669));
#2610 = CARTESIAN_POINT('',(-2.213031466433,-6.717266727622));
#2611 = CARTESIAN_POINT('',(-2.310290245003,-6.732744998996));
#2612 = CARTESIAN_POINT('',(-2.407527059047,-6.748219323273));
#2613 = CARTESIAN_POINT('',(-2.504743641216,-6.763690380007));
#2614 = CARTESIAN_POINT('',(-2.60195957505,-6.779161776111));
#2615 = CARTESIAN_POINT('',(-2.699195272109,-6.794637003785));
#2616 = CARTESIAN_POINT('',(-2.796454780594,-6.810116515723));
#2617 = CARTESIAN_POINT('',(-2.985733284956,-6.840241810529));
#2618 = CARTESIAN_POINT('',(-3.077827552166,-6.854899554895));
#2619 = CARTESIAN_POINT('',(-3.169902602853,-6.86955411636));
#2620 = CARTESIAN_POINT('',(-3.261962460579,-6.884205733283));
#2621 = CARTESIAN_POINT('',(-3.354024031996,-6.898856735476));
#2622 = CARTESIAN_POINT('',(-3.446103462806,-6.913509785378));
#2623 = CARTESIAN_POINT('',(-3.538201859953,-6.928165760077));
#2624 = CARTESIAN_POINT('',(-3.707044305518,-6.955035421994));
#2625 = CARTESIAN_POINT('',(-3.783830959193,-6.967255723735));
#2626 = CARTESIAN_POINT('',(-3.860609436379,-6.979475495177));
#2627 = CARTESIAN_POINT('',(-3.937381564277,-6.9916955711));
#2628 = CARTESIAN_POINT('',(-4.014156590468,-7.003917619404));
#2629 = CARTESIAN_POINT('',(-4.090942243319,-7.016142456015));
#2630 = CARTESIAN_POINT('',(-4.167735204365,-7.028368564102));
#2631 = CARTESIAN_POINT('',(-4.270364483497,-7.044706541159));
#2632 = CARTESIAN_POINT('',(-4.296217519646,-7.048822066983));
#2633 = CARTESIAN_POINT('',(-4.322070765404,-7.052937459082));
#2634 = CARTESIAN_POINT('',(-4.347924502043,-7.057052718002));
#2635 = CARTESIAN_POINT('',(-4.373778590572,-7.061167781355));
#2636 = CARTESIAN_POINT('',(-4.399632434518,-7.065282524324));
#2637 = CARTESIAN_POINT('',(-4.425484942689,-7.069396760169));
#2638 = CARTESIAN_POINT('',(-4.484848020081,-7.078843302656));
#2639 = CARTESIAN_POINT('',(-4.518362089892,-7.084176006649));
#2640 = CARTESIAN_POINT('',(-4.551877176636,-7.089508380756));
#2641 = CARTESIAN_POINT('',(-4.585393436451,-7.09484054752));
#2642 = CARTESIAN_POINT('',(-4.618910706362,-7.100172723984));
#2643 = CARTESIAN_POINT('',(-4.652428504276,-7.105505221695));
#2644 = CARTESIAN_POINT('',(-4.685946028982,-7.110838446699));
#2645 = CARTESIAN_POINT('',(-4.768516801606,-7.12398047347));
#2646 = CARTESIAN_POINT('',(-4.817571636039,-7.131790584953));
#2647 = CARTESIAN_POINT('',(-4.866626789338,-7.139601578937));
#2648 = CARTESIAN_POINT('',(-4.915682270781,-7.147412245612));
#2649 = CARTESIAN_POINT('',(-4.96473797304,-7.15522182042));
#2650 = CARTESIAN_POINT('',(-5.013793672181,-7.163029984053));
#2651 = CARTESIAN_POINT('',(-5.062849027663,-7.170836862455));
#2652 = CARTESIAN_POINT('',(-5.258188695963,-7.201921714166));
#2653 = CARTESIAN_POINT('',(-5.404825455636,-7.225249298023));
#2654 = CARTESIAN_POINT('',(-5.551241356404,-7.248540940375));
#2655 = CARTESIAN_POINT('',(-5.697546614492,-7.271829050536));
#2656 = CARTESIAN_POINT('',(-5.843851207452,-7.295119777675));
#2657 = CARTESIAN_POINT('',(-5.99026635186,-7.318426953395));
#2658 = CARTESIAN_POINT('',(-6.136901478274,-7.341766798108));
#2659 = CARTESIAN_POINT('',(-6.28318530718,-7.365049150745));
#2660 = ( GEOMETRIC_REPRESENTATION_CONTEXT(2) 
PARAMETRIC_REPRESENTATION_CONTEXT() REPRESENTATION_CONTEXT('2D SPACE',''
  ) );
#2661 = ORIENTED_EDGE('',*,*,#2662,.T.);
#2662 = EDGE_CURVE('',#2428,#2663,#2665,.T.);
#2663 = VERTEX_POINT('',#2664);
#2664 = CARTESIAN_POINT('',(2.459,0.,8.365042293746));
#2665 = SURFACE_CURVE('',#2666,(#2732,#2801),.PCURVE_S1.);
#2666 = B_SPLINE_CURVE_WITH_KNOTS('',8,(#2667,#2668,#2669,#2670,#2671,
    #2672,#2673,#2674,#2675,#2676,#2677,#2678,#2679,#2680,#2681,#2682,
    #2683,#2684,#2685,#2686,#2687,#2688,#2689,#2690,#2691,#2692,#2693,
    #2694,#2695,#2696,#2697,#2698,#2699,#2700,#2701,#2702,#2703,#2704,
    #2705,#2706,#2707,#2708,#2709,#2710,#2711,#2712,#2713,#2714,#2715,
    #2716,#2717,#2718,#2719,#2720,#2721,#2722,#2723,#2724,#2725,#2726,
    #2727,#2728,#2729,#2730,#2731),.UNSPECIFIED.,.F.,.F.,(9,7,7,7,7,7,7,
    7,7,9),(0.,8.139573570661E-02,0.196109327206,0.322127714599,
    0.454649278718,0.641672543023,0.748719565984,0.865734864262,
    0.93593884009,1.),.UNSPECIFIED.);
#2667 = CARTESIAN_POINT('',(2.459,-2.22044604925E-15,7.365049150745));
#2668 = CARTESIAN_POINT('',(2.459,0.15716219411,7.375221472721));
#2669 = CARTESIAN_POINT('',(2.447520317445,0.314325066614,7.385393524519
    ));
#2670 = CARTESIAN_POINT('',(2.424560852144,0.470503539939,7.395564978145
    ));
#2671 = CARTESIAN_POINT('',(2.390223960658,0.624726280286,7.405736302959
    ));
#2672 = CARTESIAN_POINT('',(2.34470697048,0.776036641819,7.415908215249)
  );
#2673 = CARTESIAN_POINT('',(2.28830142212,0.923496142716,7.426081074999)
  );
#2674 = CARTESIAN_POINT('',(2.221399039081,1.066190473072,7.436254229862
    ));
#2675 = CARTESIAN_POINT('',(2.036134408687,1.396383509167,7.46075972694)
  );
#2676 = CARTESIAN_POINT('',(1.907841311159,1.578449152318,7.475100080689
    ));
#2677 = CARTESIAN_POINT('',(1.76099849469,1.74692671966,7.489438491641)
  );
#2678 = CARTESIAN_POINT('',(1.597324461498,1.899632190489,7.503774836835
    ));
#2679 = CARTESIAN_POINT('',(1.418796585646,2.034669732599,7.518110930996
    ));
#2680 = CARTESIAN_POINT('',(1.227622048625,2.150418731119,7.532448667303
    ));
#2681 = CARTESIAN_POINT('',(1.026244751911,2.245562739777,7.546788137939
    ));
#2682 = CARTESIAN_POINT('',(0.587904717881,2.400050442767,7.576867928123
    ));
#2683 = CARTESIAN_POINT('',(0.349182406451,2.455015336976,7.592621342758
    ));
#2684 = CARTESIAN_POINT('',(0.104783695389,2.482762379385,7.60836996804)
  );
#2685 = CARTESIAN_POINT('',(-0.141652096251,2.482684211813,
    7.624114766273));
#2686 = CARTESIAN_POINT('',(-0.386497587629,2.454731854638,
    7.639859822193));
#2687 = CARTESIAN_POINT('',(-0.626154451835,2.399366474014,
    7.655609167365));
#2688 = CARTESIAN_POINT('',(-0.857075947238,2.317605443901,
    7.671363630803));
#2689 = CARTESIAN_POINT('',(-1.305915466003,2.099220314725,
    7.703671101625));
#2690 = CARTESIAN_POINT('',(-1.522815047814,1.959852385428,
    7.720242638192));
#2691 = CARTESIAN_POINT('',(-1.722506717749,1.794951935947,7.73680973047
    ));
#2692 = CARTESIAN_POINT('',(-1.901532172051,1.607076706737,7.75337287017
    ));
#2693 = CARTESIAN_POINT('',(-2.056939606405,1.399242197145,
    7.769935715539));
#2694 = CARTESIAN_POINT('',(-2.186249646782,1.174861252445,
    7.786502109684));
#2695 = CARTESIAN_POINT('',(-2.287517928589,0.937766634774,
    7.803073015747));
#2696 = CARTESIAN_POINT('',(-2.461199337408,0.345775669535,
    7.843003600073));
#2697 = CARTESIAN_POINT('',(-2.504979343655,-1.870267198857E-02,
    7.866435606422));
#2698 = CARTESIAN_POINT('',(-2.486556545516,-0.388413036256,
    7.889827711255));
#2699 = CARTESIAN_POINT('',(-2.406146458196,-0.751095895037,
    7.913201278356));
#2700 = CARTESIAN_POINT('',(-2.265952168695,-1.095104012722,
    7.936576905239));
#2701 = CARTESIAN_POINT('',(-2.070795474793,-1.409589228116,
    7.95997126621));
#2702 = CARTESIAN_POINT('',(-1.827535500745,-1.684399589366,
    7.983399601302));
#2703 = CARTESIAN_POINT('',(-1.386132840998,-2.041577687673,
    8.020149016324));
#2704 = CARTESIAN_POINT('',(-1.212917483986,-2.156198767699,
    8.033529740889));
#2705 = CARTESIAN_POINT('',(-1.028951014719,-2.25395311646,
    8.046908532481));
#2706 = CARTESIAN_POINT('',(-0.836166653478,-2.333689752553,
    8.060285066131));
#2707 = CARTESIAN_POINT('',(-0.636612074493,-2.394528806339,
    8.073661698097));
#2708 = CARTESIAN_POINT('',(-0.432428273789,-2.435849837537,
    8.087041008503));
#2709 = CARTESIAN_POINT('',(-0.22584055768,-2.457314755292,
    8.100423071245));
#2710 = CARTESIAN_POINT('',(0.206763302695,-2.460685904654,
    8.128427726072));
#2711 = CARTESIAN_POINT('',(0.432970240186,-2.438723668876,
    8.143060919855));
#2712 = CARTESIAN_POINT('',(0.656413760548,-2.392980813596,
    8.157692788711));
#2713 = CARTESIAN_POINT('',(0.874172546565,-2.323903732837,
    8.172322335837));
#2714 = CARTESIAN_POINT('',(1.083463367559,-2.232336712925,
    8.186949382216));
#2715 = CARTESIAN_POINT('',(1.281644103755,-2.119483566151,
    8.201572939672));
#2716 = CARTESIAN_POINT('',(1.466236204792,-1.986927525899,
    8.216192867957));
#2717 = CARTESIAN_POINT('',(1.736245966606,-1.746569699777,
    8.239583305389));
#2718 = CARTESIAN_POINT('',(1.831819693226,-1.6500576579,8.24835799768)
  );
#2719 = CARTESIAN_POINT('',(1.921242676962,-1.547588370732,
    8.257134643024));
#2720 = CARTESIAN_POINT('',(2.004083762366,-1.439619818382,
    8.265911849749));
#2721 = CARTESIAN_POINT('',(2.079956137383,-1.326643174312,
    8.274688566001));
#2722 = CARTESIAN_POINT('',(2.148517333352,-1.209182805337,
    8.283464079739));
#2723 = CARTESIAN_POINT('',(2.209469225007,-1.087796271625,8.29223801874
    ));
#2724 = CARTESIAN_POINT('',(2.311001589636,-0.849265495155,
    8.309015107411));
#2725 = CARTESIAN_POINT('',(2.352905474939,-0.732664285463,8.3170191648)
  );
#2726 = CARTESIAN_POINT('',(2.388079404139,-0.613717140454,
    8.325022874316));
#2727 = CARTESIAN_POINT('',(2.416371097419,-0.492878818894,
    8.333026498735));
#2728 = CARTESIAN_POINT('',(2.437666277391,-0.370612395478,
    8.341030212054));
#2729 = CARTESIAN_POINT('',(2.451888669096,-0.247389260831,
    8.349034099496));
#2730 = CARTESIAN_POINT('',(2.459,-0.12368912151,8.357038157504));
#2731 = CARTESIAN_POINT('',(2.459,-3.996802888651E-15,8.365042293746));
#2732 = PCURVE('',#690,#2733);
#2733 = DEFINITIONAL_REPRESENTATION('',(#2734),#2800);
#2734 = B_SPLINE_CURVE_WITH_KNOTS('',8,(#2735,#2736,#2737,#2738,#2739,
    #2740,#2741,#2742,#2743,#2744,#2745,#2746,#2747,#2748,#2749,#2750,
    #2751,#2752,#2753,#2754,#2755,#2756,#2757,#2758,#2759,#2760,#2761,
    #2762,#2763,#2764,#2765,#2766,#2767,#2768,#2769,#2770,#2771,#2772,
    #2773,#2774,#2775,#2776,#2777,#2778,#2779,#2780,#2781,#2782,#2783,
    #2784,#2785,#2786,#2787,#2788,#2789,#2790,#2791,#2792,#2793,#2794,
    #2795,#2796,#2797,#2798,#2799),.UNSPECIFIED.,.F.,.F.,(9,7,7,7,7,7,7,
    7,7,9),(0.,8.139573570661E-02,0.196109327206,0.322127714599,
    0.454649278718,0.641672543023,0.748719565984,0.865734864262,
    0.93593884009,1.),.UNSPECIFIED.);
#2735 = CARTESIAN_POINT('',(0.652643568055,44.535859546852));
#2736 = CARTESIAN_POINT('',(0.652643812655,44.600577685823));
#2737 = CARTESIAN_POINT('',(0.652643588401,44.665295774338));
#2738 = CARTESIAN_POINT('',(0.652643013125,44.730011306286));
#2739 = CARTESIAN_POINT('',(0.652642310169,44.794726473072));
#2740 = CARTESIAN_POINT('',(0.652641710602,44.85944500961));
#2741 = CARTESIAN_POINT('',(0.652641387066,44.924168591839));
#2742 = CARTESIAN_POINT('',(0.652641419259,44.988892785736));
#2743 = CARTESIAN_POINT('',(0.65264231502,45.144800067625));
#2744 = CARTESIAN_POINT('',(0.652643514911,45.236032930252));
#2745 = CARTESIAN_POINT('',(0.652645360037,45.327251136125));
#2746 = CARTESIAN_POINT('',(0.652647462657,45.418455282761));
#2747 = CARTESIAN_POINT('',(0.652649157678,45.509659282766));
#2748 = CARTESIAN_POINT('',(0.652649869822,45.600877228261));
#2749 = CARTESIAN_POINT('',(0.652649421441,45.692110337927));
#2750 = CARTESIAN_POINT('',(0.652646300325,45.883497045165));
#2751 = CARTESIAN_POINT('',(0.652643412523,45.983734722495));
#2752 = CARTESIAN_POINT('',(0.652639432793,46.083945814491));
#2753 = CARTESIAN_POINT('',(0.652634991433,46.18413420057));
#2754 = CARTESIAN_POINT('',(0.652631113098,46.284322222508));
#2755 = CARTESIAN_POINT('',(0.652628677443,46.384532399804));
#2756 = CARTESIAN_POINT('',(0.652627957452,46.484769035403));
#2757 = CARTESIAN_POINT('',(0.652629642098,46.69031173543));
#2758 = CARTESIAN_POINT('',(0.652632209493,46.795735108226));
#2759 = CARTESIAN_POINT('',(0.652636280362,46.901124854929));
#2760 = CARTESIAN_POINT('',(0.65264107266,47.006486886967));
#2761 = CARTESIAN_POINT('',(0.652645345902,47.111848893529));
#2762 = CARTESIAN_POINT('',(0.652648128603,47.217238782682));
#2763 = CARTESIAN_POINT('',(0.652649282651,47.322663173663));
#2764 = CARTESIAN_POINT('',(0.652648932333,47.576713384662));
#2765 = CARTESIAN_POINT('',(0.652646127304,47.725804003762));
#2766 = CARTESIAN_POINT('',(0.652641750971,47.87464635056));
#2767 = CARTESIAN_POINT('',(0.652638353046,48.023367273574));
#2768 = CARTESIAN_POINT('',(0.652640637843,48.172081078616));
#2769 = CARTESIAN_POINT('',(0.652644203917,48.32090951526));
#2770 = CARTESIAN_POINT('',(0.652644818706,48.469964606881));
#2771 = CARTESIAN_POINT('',(0.652641243006,48.703786853374));
#2772 = CARTESIAN_POINT('',(0.652638997736,48.788926560852));
#2773 = CARTESIAN_POINT('',(0.652635768081,48.874057473336));
#2774 = CARTESIAN_POINT('',(0.652631986446,48.959175984503));
#2775 = CARTESIAN_POINT('',(0.652628682687,49.044293420585));
#2776 = CARTESIAN_POINT('',(0.652627213158,49.129421370208));
#2777 = CARTESIAN_POINT('',(0.652628594477,49.214556685739));
#2778 = CARTESIAN_POINT('',(0.652636647875,49.392701065385));
#2779 = CARTESIAN_POINT('',(0.652643841446,49.485775724502));
#2780 = CARTESIAN_POINT('',(0.652653503929,49.578833168096));
#2781 = CARTESIAN_POINT('',(0.652663864624,49.671873355492));
#2782 = CARTESIAN_POINT('',(0.652670155948,49.764912113929));
#2783 = CARTESIAN_POINT('',(0.652666150547,49.85796531744));
#2784 = CARTESIAN_POINT('',(0.6526510403,49.951034949646));
#2785 = CARTESIAN_POINT('',(0.652639323246,50.099892811131));
#2786 = CARTESIAN_POINT('',(0.652641720691,50.155711198257));
#2787 = CARTESIAN_POINT('',(0.652647517171,50.211529915225));
#2788 = CARTESIAN_POINT('',(0.65265407172,50.267349506144));
#2789 = CARTESIAN_POINT('',(0.652659494505,50.323170004091));
#2790 = CARTESIAN_POINT('',(0.652662646831,50.378990931113));
#2791 = CARTESIAN_POINT('',(0.652663141135,50.434811298225));
#2792 = CARTESIAN_POINT('',(0.652659698356,50.541563836133));
#2793 = CARTESIAN_POINT('',(0.652656378792,50.592499584555));
#2794 = CARTESIAN_POINT('',(0.652652075869,50.643436619156));
#2795 = CARTESIAN_POINT('',(0.652647379907,50.694374511039));
#2796 = CARTESIAN_POINT('',(0.652642777972,50.745312633922));
#2797 = CARTESIAN_POINT('',(0.65263865388,50.796250164141));
#2798 = CARTESIAN_POINT('',(0.652635288192,50.847186080651));
#2799 = CARTESIAN_POINT('',(0.652632858217,50.898119165025));
#2800 = ( GEOMETRIC_REPRESENTATION_CONTEXT(2) 
PARAMETRIC_REPRESENTATION_CONTEXT() REPRESENTATION_CONTEXT('2D SPACE',''
  ) );
#2801 = PCURVE('',#2802,#2807);
#2802 = CYLINDRICAL_SURFACE('',#2803,2.459);
#2803 = AXIS2_PLACEMENT_3D('',#2804,#2805,#2806);
#2804 = CARTESIAN_POINT('',(0.,0.,0.));
#2805 = DIRECTION('',(-0.,-0.,-1.));
#2806 = DIRECTION('',(1.,0.,0.));
#2807 = DEFINITIONAL_REPRESENTATION('',(#2808),#2874);
#2808 = B_SPLINE_CURVE_WITH_KNOTS('',8,(#2809,#2810,#2811,#2812,#2813,
    #2814,#2815,#2816,#2817,#2818,#2819,#2820,#2821,#2822,#2823,#2824,
    #2825,#2826,#2827,#2828,#2829,#2830,#2831,#2832,#2833,#2834,#2835,
    #2836,#2837,#2838,#2839,#2840,#2841,#2842,#2843,#2844,#2845,#2846,
    #2847,#2848,#2849,#2850,#2851,#2852,#2853,#2854,#2855,#2856,#2857,
    #2858,#2859,#2860,#2861,#2862,#2863,#2864,#2865,#2866,#2867,#2868,
    #2869,#2870,#2871,#2872,#2873),.UNSPECIFIED.,.F.,.F.,(9,7,7,7,7,7,7,
    7,7,9),(0.,8.139573570661E-02,0.196109327206,0.322127714599,
    0.454649278718,0.641672543023,0.748719565984,0.865734864262,
    0.93593884009,1.),.UNSPECIFIED.);
#2809 = CARTESIAN_POINT('',(0.,-7.365049150745));
#2810 = CARTESIAN_POINT('',(-6.391305169194E-02,-7.375221472721));
#2811 = CARTESIAN_POINT('',(-0.127826304542,-7.385393524519));
#2812 = CARTESIAN_POINT('',(-0.19173735224,-7.395564978145));
#2813 = CARTESIAN_POINT('',(-0.255648378801,-7.405736302959));
#2814 = CARTESIAN_POINT('',(-0.319563040515,-7.415908215249));
#2815 = CARTESIAN_POINT('',(-0.383482916695,-7.426081074999));
#2816 = CARTESIAN_POINT('',(-0.447403529259,-7.436254229862));
#2817 = CARTESIAN_POINT('',(-0.601375249781,-7.46075972694));
#2818 = CARTESIAN_POINT('',(-0.69147555437,-7.475100080689));
#2819 = CARTESIAN_POINT('',(-0.781561210094,-7.489438491641));
#2820 = CARTESIAN_POINT('',(-0.871632550466,-7.503774836835));
#2821 = CARTESIAN_POINT('',(-0.961703209454,-7.518110930996));
#2822 = CARTESIAN_POINT('',(-1.05178716845,-7.532448667303));
#2823 = CARTESIAN_POINT('',(-1.141885799513,-7.546788137939));
#2824 = CARTESIAN_POINT('',(-1.330892337513,-7.576867928123));
#2825 = CARTESIAN_POINT('',(-1.429883251529,-7.592621342758));
#2826 = CARTESIAN_POINT('',(-1.528847966447,-7.60836996804));
#2827 = CARTESIAN_POINT('',(-1.62779056197,-7.624114766273));
#2828 = CARTESIAN_POINT('',(-1.726733190875,-7.639859822193));
#2829 = CARTESIAN_POINT('',(-1.825697991206,-7.655609167365));
#2830 = CARTESIAN_POINT('',(-1.924689005035,-7.671363630803));
#2831 = CARTESIAN_POINT('',(-2.127677314419,-7.703671101625));
#2832 = CARTESIAN_POINT('',(-2.231790450801,-7.720242638192));
#2833 = CARTESIAN_POINT('',(-2.335870114905,-7.73680973047));
#2834 = CARTESIAN_POINT('',(-2.439921977089,-7.75337287017));
#2835 = CARTESIAN_POINT('',(-2.543973449686,-7.769935715538));
#2836 = CARTESIAN_POINT('',(-2.648052381829,-7.786502109684));
#2837 = CARTESIAN_POINT('',(-2.75216565637,-7.803073015747));
#2838 = CARTESIAN_POINT('',(-3.003057439286,-7.843003600073));
#2839 = CARTESIAN_POINT('',(-3.150295419041,-7.866435606422));
#2840 = CARTESIAN_POINT('',(-3.297289622449,-7.889827711255));
#2841 = CARTESIAN_POINT('',(-3.444165385791,-7.913201278356));
#2842 = CARTESIAN_POINT('',(-3.591033969208,-7.93657690524));
#2843 = CARTESIAN_POINT('',(-3.738013122268,-7.95997126621));
#2844 = CARTESIAN_POINT('',(-3.885214090249,-7.983399601302));
#2845 = CARTESIAN_POINT('',(-4.116126571587,-8.020149016324));
#2846 = CARTESIAN_POINT('',(-4.200206527612,-8.033529740889));
#2847 = CARTESIAN_POINT('',(-4.284277761239,-8.046908532481));
#2848 = CARTESIAN_POINT('',(-4.368337093989,-8.060285066131));
#2849 = CARTESIAN_POINT('',(-4.45239601504,-8.073661698097));
#2850 = CARTESIAN_POINT('',(-4.536466049046,-8.087041008503));
#2851 = CARTESIAN_POINT('',(-4.620543910473,-8.100423071245));
#2852 = CARTESIAN_POINT('',(-4.796475994793,-8.128427726072));
#2853 = CARTESIAN_POINT('',(-4.888395056487,-8.143060919855));
#2854 = CARTESIAN_POINT('',(-4.980296864403,-8.157692788711));
#2855 = CARTESIAN_POINT('',(-5.072181008812,-8.172322335837));
#2856 = CARTESIAN_POINT('',(-5.16406240887,-8.186949382216));
#2857 = CARTESIAN_POINT('',(-5.255957502705,-8.201572939672));
#2858 = CARTESIAN_POINT('',(-5.347870583186,-8.216192867957));
#2859 = CARTESIAN_POINT('',(-5.494878698014,-8.239583305389));
#2860 = CARTESIAN_POINT('',(-5.550003533113,-8.24835799768));
#2861 = CARTESIAN_POINT('',(-5.60512860373,-8.257134643024));
#2862 = CARTESIAN_POINT('',(-5.660254362978,-8.265911849749));
#2863 = CARTESIAN_POINT('',(-5.715380827108,-8.274688566001));
#2864 = CARTESIAN_POINT('',(-5.770507575506,-8.283464079739));
#2865 = CARTESIAN_POINT('',(-5.825633750696,-8.29223801874));
#2866 = CARTESIAN_POINT('',(-5.931059014162,-8.309015107411));
#2867 = CARTESIAN_POINT('',(-5.98136161329,-8.3170191648));
#2868 = CARTESIAN_POINT('',(-6.03166566654,-8.325022874316));
#2869 = CARTESIAN_POINT('',(-6.081970758789,-8.333026498735));
#2870 = CARTESIAN_POINT('',(-6.132276248966,-8.341030212054));
#2871 = CARTESIAN_POINT('',(-6.182581270055,-8.349034099496));
#2872 = CARTESIAN_POINT('',(-6.232884729095,-8.357038157504));
#2873 = CARTESIAN_POINT('',(-6.28318530718,-8.365042293746));
#2874 = ( GEOMETRIC_REPRESENTATION_CONTEXT(2) 
PARAMETRIC_REPRESENTATION_CONTEXT() REPRESENTATION_CONTEXT('2D SPACE',''
  ) );
#2875 = ORIENTED_EDGE('',*,*,#2876,.T.);
#2876 = EDGE_CURVE('',#2663,#595,#2877,.T.);
#2877 = SURFACE_CURVE('',#2878,(#2912,#2949),.PCURVE_S1.);
#2878 = B_SPLINE_CURVE_WITH_KNOTS('',8,(#2879,#2880,#2881,#2882,#2883,
    #2884,#2885,#2886,#2887,#2888,#2889,#2890,#2891,#2892,#2893,#2894,
    #2895,#2896,#2897,#2898,#2899,#2900,#2901,#2902,#2903,#2904,#2905,
    #2906,#2907,#2908,#2909,#2910,#2911),.UNSPECIFIED.,.F.,.F.,(9,8,8,8,
    9),(0.,0.25,0.5,0.75,1.),.PIECEWISE_BEZIER_KNOTS.);
#2879 = CARTESIAN_POINT('',(2.459,-3.996802888651E-15,8.365042293746));
#2880 = CARTESIAN_POINT('',(2.459028500187,0.425458440353,8.3925789813)
  );
#2881 = CARTESIAN_POINT('',(2.374763435033,0.853073189772,8.420238680617
    ));
#2882 = CARTESIAN_POINT('',(2.205327940623,1.259733097709,8.447854361924
    ));
#2883 = CARTESIAN_POINT('',(1.957452833861,1.626592795215,8.475402191495
    ));
#2884 = CARTESIAN_POINT('',(1.642184173919,1.937416029845,8.502941258022
    ));
#2885 = CARTESIAN_POINT('',(1.273454198951,2.178411082969,8.53054139932)
  );
#2886 = CARTESIAN_POINT('',(0.868515638088,2.339558269485,8.558199129351
    ));
#2887 = CARTESIAN_POINT('',(0.450239398713,2.417429519934,8.585741665578
    ));
#2888 = CARTESIAN_POINT('',(2.072637906589E-02,2.497460681401,
    8.614026079496));
#2889 = CARTESIAN_POINT('',(-0.427393514491,2.490508030662,
    8.642436984216));
#2890 = CARTESIAN_POINT('',(-0.869543535445,2.391054101952,
    8.670791230268));
#2891 = CARTESIAN_POINT('',(-1.284418883823,2.202750796746,
    8.699070755498));
#2892 = CARTESIAN_POINT('',(-1.652682605908,1.934439518895,
    8.727346988529));
#2893 = CARTESIAN_POINT('',(-1.957058112151,1.59854881798,8.75569686237)
  );
#2894 = CARTESIAN_POINT('',(-2.183818313281,1.211869540902,
    8.784110438183));
#2895 = CARTESIAN_POINT('',(-2.325671374615,0.7987074917,8.812390139198)
  );
#2896 = CARTESIAN_POINT('',(-2.454639627506,0.423221055555,
    8.838089903842));
#2897 = CARTESIAN_POINT('',(-2.514734033768,2.247718529819E-02,
    8.863875998607));
#2898 = CARTESIAN_POINT('',(-2.499399542891,-0.386422868859,
    8.889629188896));
#2899 = CARTESIAN_POINT('',(-2.408349315754,-0.787232914363,
    8.915335048103));
#2900 = CARTESIAN_POINT('',(-2.245090176419,-1.164405417142,
    8.941035912519));
#2901 = CARTESIAN_POINT('',(-2.015980632106,-1.503373643336,
    8.966778599555));
#2902 = CARTESIAN_POINT('',(-1.730821461343,-1.79127234195,
    8.992557889302));
#2903 = CARTESIAN_POINT('',(-1.404978870307,-2.018096968431,
    9.018255769408));
#2904 = CARTESIAN_POINT('',(-0.860031458929,-2.397550348694,
    9.06123730533));
#2905 = CARTESIAN_POINT('',(-0.183313584192,-2.61844119431,
    9.105316659524));
#2906 = CARTESIAN_POINT('',(0.545627090064,-2.605666050959,
    9.148485700664));
#2907 = CARTESIAN_POINT('',(1.239218691885,-2.373051056516,
    9.191718996432));
#2908 = CARTESIAN_POINT('',(1.826850107868,-1.936684672673,
    9.234648195366));
#2909 = CARTESIAN_POINT('',(2.253737986457,-1.345520972769,
    9.278093495229));
#2910 = CARTESIAN_POINT('',(2.459056524989,-0.66393753928,9.322069169263
    ));
#2911 = CARTESIAN_POINT('',(2.459,-3.073097332162E-13,9.365047071795));
#2912 = PCURVE('',#690,#2913);
#2913 = DEFINITIONAL_REPRESENTATION('',(#2914),#2948);
#2914 = B_SPLINE_CURVE_WITH_KNOTS('',8,(#2915,#2916,#2917,#2918,#2919,
    #2920,#2921,#2922,#2923,#2924,#2925,#2926,#2927,#2928,#2929,#2930,
    #2931,#2932,#2933,#2934,#2935,#2936,#2937,#2938,#2939,#2940,#2941,
    #2942,#2943,#2944,#2945,#2946,#2947),.UNSPECIFIED.,.F.,.F.,(9,8,8,8,
    9),(0.,0.25,0.5,0.75,1.),.PIECEWISE_BEZIER_KNOTS.);
#2915 = CARTESIAN_POINT('',(0.652632858217,50.898119165025));
#2916 = CARTESIAN_POINT('',(0.652623969598,51.073346503641));
#2917 = CARTESIAN_POINT('',(0.652627723834,51.249311484097));
#2918 = CARTESIAN_POINT('',(0.652642105708,51.424958590207));
#2919 = CARTESIAN_POINT('',(0.652650561767,51.600195093528));
#2920 = CARTESIAN_POINT('',(0.652646296323,51.775421115498));
#2921 = CARTESIAN_POINT('',(0.652638596148,51.95104793438));
#2922 = CARTESIAN_POINT('',(0.652641183857,52.127004537013));
#2923 = CARTESIAN_POINT('',(0.652642599982,52.30223241538));
#2924 = CARTESIAN_POINT('',(0.652644631431,52.482178126587));
#2925 = CARTESIAN_POINT('',(0.65264928164,52.662919286538));
#2926 = CARTESIAN_POINT('',(0.652654161055,52.843299153368));
#2927 = CARTESIAN_POINT('',(0.652651817611,53.023229330197));
#2928 = CARTESIAN_POINT('',(0.652641209103,53.203167973696));
#2929 = CARTESIAN_POINT('',(0.652629973933,53.38357736963));
#2930 = CARTESIAN_POINT('',(0.652627500229,53.564360875362));
#2931 = CARTESIAN_POINT('',(0.652628793336,53.744279229335));
#2932 = CARTESIAN_POINT('',(0.65263025063,53.907782759812));
#2933 = CARTESIAN_POINT('',(0.652635360366,54.071822547618));
#2934 = CARTESIAN_POINT('',(0.652644933011,54.235637106455));
#2935 = CARTESIAN_POINT('',(0.652652264869,54.399158506594));
#2936 = CARTESIAN_POINT('',(0.652652926188,54.56267186671));
#2937 = CARTESIAN_POINT('',(0.652648566379,54.726469181903));
#2938 = CARTESIAN_POINT('',(0.652644736367,54.890497487874));
#2939 = CARTESIAN_POINT('',(0.652642728061,55.054001361299));
#2940 = CARTESIAN_POINT('',(0.652638000425,55.327478112662));
#2941 = CARTESIAN_POINT('',(0.652649888563,55.607880344884));
#2942 = CARTESIAN_POINT('',(0.652620769675,55.882636854737));
#2943 = CARTESIAN_POINT('',(0.652754912505,56.157221175755));
#2944 = CARTESIAN_POINT('',(0.652384096443,56.431667729323));
#2945 = CARTESIAN_POINT('',(0.652813784269,56.706549133642));
#2946 = CARTESIAN_POINT('',(0.652640703593,56.986949966052));
#2947 = CARTESIAN_POINT('',(0.652640870142,57.260386184106));
#2948 = ( GEOMETRIC_REPRESENTATION_CONTEXT(2) 
PARAMETRIC_REPRESENTATION_CONTEXT() REPRESENTATION_CONTEXT('2D SPACE',''
  ) );
#2949 = PCURVE('',#918,#2950);
#2950 = DEFINITIONAL_REPRESENTATION('',(#2951),#2985);
#2951 = B_SPLINE_CURVE_WITH_KNOTS('',8,(#2952,#2953,#2954,#2955,#2956,
    #2957,#2958,#2959,#2960,#2961,#2962,#2963,#2964,#2965,#2966,#2967,
    #2968,#2969,#2970,#2971,#2972,#2973,#2974,#2975,#2976,#2977,#2978,
    #2979,#2980,#2981,#2982,#2983,#2984),.UNSPECIFIED.,.F.,.F.,(9,8,8,8,
    9),(0.,0.25,0.5,0.75,1.),.PIECEWISE_BEZIER_KNOTS.);
#2952 = CARTESIAN_POINT('',(0.,-8.365042293746));
#2953 = CARTESIAN_POINT('',(-0.173051101383,-8.3925789813));
#2954 = CARTESIAN_POINT('',(-0.346831006566,-8.420238680617));
#2955 = CARTESIAN_POINT('',(-0.520290819719,-8.447854361924));
#2956 = CARTESIAN_POINT('',(-0.693343169134,-8.475402191495));
#2957 = CARTESIAN_POINT('',(-0.86638838241,-8.502941258022));
#2958 = CARTESIAN_POINT('',(-1.039833850396,-8.53054139932));
#2959 = CARTESIAN_POINT('',(-1.213606579903,-8.558199129351));
#2960 = CARTESIAN_POINT('',(-1.386658935191,-8.585741665578));
#2961 = CARTESIAN_POINT('',(-1.564370516762,-8.614026079496));
#2962 = CARTESIAN_POINT('',(-1.742867836969,-8.642436984216));
#2963 = CARTESIAN_POINT('',(-1.9210049468,-8.670791230268));
#2964 = CARTESIAN_POINT('',(-2.098695901897,-8.699070755498));
#2965 = CARTESIAN_POINT('',(-2.276395696308,-8.727346988529));
#2966 = CARTESIAN_POINT('',(-2.454562275257,-8.75569686237));
#2967 = CARTESIAN_POINT('',(-2.633099626924,-8.784110438183));
#2968 = CARTESIAN_POINT('',(-2.810781953233,-8.812390139198));
#2969 = CARTESIAN_POINT('',(-2.972253488034,-8.838089903842));
#2970 = CARTESIAN_POINT('',(-3.134254645128,-8.863875998607));
#2971 = CARTESIAN_POINT('',(-3.296032029341,-8.889629188896));
#2972 = CARTESIAN_POINT('',(-3.457518755416,-8.915335048103));
#2973 = CARTESIAN_POINT('',(-3.618997751484,-8.941035912519));
#2974 = CARTESIAN_POINT('',(-3.780759007085,-8.966778599555));
#2975 = CARTESIAN_POINT('',(-3.942750765718,-8.992557889302));
#2976 = CARTESIAN_POINT('',(-4.104224661928,-9.018255769408));
#2977 = CARTESIAN_POINT('',(-4.374307645964,-9.06123730533));
#2978 = CARTESIAN_POINT('',(-4.651219893898,-9.105316659524));
#2979 = CARTESIAN_POINT('',(-4.922594768978,-9.148485700664));
#2980 = CARTESIAN_POINT('',(-5.193674825935,-9.191718996431));
#2981 = CARTESIAN_POINT('',(-5.464789326042,-9.234648195366));
#2982 = CARTESIAN_POINT('',(-5.736234317903,-9.278093495229));
#2983 = CARTESIAN_POINT('',(-6.01314564879,-9.322069169263));
#2984 = CARTESIAN_POINT('',(-6.28318530718,-9.365047071795));
#2985 = ( GEOMETRIC_REPRESENTATION_CONTEXT(2) 
PARAMETRIC_REPRESENTATION_CONTEXT() REPRESENTATION_CONTEXT('2D SPACE',''
  ) );
#2986 = ORIENTED_EDGE('',*,*,#594,.T.);
#2987 = ORIENTED_EDGE('',*,*,#2988,.T.);
#2988 = EDGE_CURVE('',#597,#2989,#2991,.T.);
#2989 = VERTEX_POINT('',#2990);
#2990 = CARTESIAN_POINT('',(2.975659711986,-0.381378130594,
    7.979712449034));
#2991 = SURFACE_CURVE('',#2992,(#3005,#3034),.PCURVE_S1.);
#2992 = B_SPLINE_CURVE_WITH_KNOTS('',11,(#2993,#2994,#2995,#2996,#2997,
    #2998,#2999,#3000,#3001,#3002,#3003,#3004),.UNSPECIFIED.,.F.,.F.,(12
    ,12),(56.594178794172,63.085519542027),.PIECEWISE_BEZIER_KNOTS.);
#2993 = CARTESIAN_POINT('',(3.,-2.298227312365E-08,9.000000355087));
#2994 = CARTESIAN_POINT('',(2.999999985781,-1.748367402809,8.90724450412
    ));
#2995 = CARTESIAN_POINT('',(1.879923963694,-3.49684230764,8.814501835511
    ));
#2996 = CARTESIAN_POINT('',(-0.366747430854,-4.446142134488,
    8.72172108493));
#2997 = CARTESIAN_POINT('',(-3.072315374029,-3.800876087818,
    8.62901409439));
#2998 = CARTESIAN_POINT('',(-5.034873746419,-1.345911004141,
    8.536205195907));
#2999 = CARTESIAN_POINT('',(-4.803626341535,1.973827470313,
    8.443491720567));
#3000 = CARTESIAN_POINT('',(-2.576616550527,4.161366921876,
    8.350720089327));
#3001 = CARTESIAN_POINT('',(0.206209672419,4.4564601589,8.257973864731)
  );
#3002 = CARTESIAN_POINT('',(2.308410640294,3.229476286216,8.165219779365
    ));
#3003 = CARTESIAN_POINT('',(3.197877113672,1.35282277767,8.072465756069)
  );
#3004 = CARTESIAN_POINT('',(2.975659711986,-0.381378130594,
    7.979712449034));
#3005 = PCURVE('',#690,#3006);
#3006 = DEFINITIONAL_REPRESENTATION('',(#3007),#3033);
#3007 = B_SPLINE_CURVE_WITH_KNOTS('',3,(#3008,#3009,#3010,#3011,#3012,
    #3013,#3014,#3015,#3016,#3017,#3018,#3019,#3020,#3021,#3022,#3023,
    #3024,#3025,#3026,#3027,#3028,#3029,#3030,#3031,#3032),
  .UNSPECIFIED.,.F.,.F.,(4,1,1,1,1,1,1,1,1,1,1,1,1,1,1,1,1,1,1,1,1,1,4),
  (56.594178794172,56.889239737256,57.184300680341,57.479361623425,
    57.774422566509,58.069483509594,58.364544452678,58.659605395762,
    58.954666338847,59.249727281931,59.544788225015,59.8398491681,
    60.134910111184,60.429971054268,60.725031997353,61.020092940437,
    61.315153883521,61.610214826606,61.90527576969,62.200336712774,
    62.495397655859,62.790458598943,63.085519542027),
  .QUASI_UNIFORM_KNOTS.);
#3008 = CARTESIAN_POINT('',(0.,57.260386184106));
#3009 = CARTESIAN_POINT('',(-4.900994571174E-10,57.162032536434));
#3010 = CARTESIAN_POINT('',(3.023922206203E-10,56.965325241014));
#3011 = CARTESIAN_POINT('',(-4.376804602271E-10,56.67026429792));
#3012 = CARTESIAN_POINT('',(-4.48616359518E-09,56.375203354668));
#3013 = CARTESIAN_POINT('',(-3.375814344941E-08,56.080142412681));
#3014 = CARTESIAN_POINT('',(-7.541274376969E-09,55.785081474831));
#3015 = CARTESIAN_POINT('',(-8.31367708125E-08,55.490020548153));
#3016 = CARTESIAN_POINT('',(-5.421789361212E-08,55.194959631518));
#3017 = CARTESIAN_POINT('',(-5.853680676765E-08,54.899898720538));
#3018 = CARTESIAN_POINT('',(-5.820140015924E-08,54.604837801937));
#3019 = CARTESIAN_POINT('',(-6.362391431811E-08,54.309776862526));
#3020 = CARTESIAN_POINT('',(-7.340864401934E-08,54.014715896861));
#3021 = CARTESIAN_POINT('',(-5.95847589171E-08,53.719654911785));
#3022 = CARTESIAN_POINT('',(-5.753297875551E-08,53.424593924389));
#3023 = CARTESIAN_POINT('',(-5.905037526213E-08,53.129532951668));
#3024 = CARTESIAN_POINT('',(-5.550305885386E-08,52.834472001173));
#3025 = CARTESIAN_POINT('',(-8.976108211649E-08,52.53941106819));
#3026 = CARTESIAN_POINT('',(-5.400549080664E-09,52.244350138348));
#3027 = CARTESIAN_POINT('',(-3.569673333064E-08,51.949289204595));
#3028 = CARTESIAN_POINT('',(1.127470633445E-09,51.654228264025));
#3029 = CARTESIAN_POINT('',(-4.878029354709E-09,51.359167323421));
#3030 = CARTESIAN_POINT('',(7.057153993826E-11,51.064106384658));
#3031 = CARTESIAN_POINT('',(1.152888337936E-10,50.867399091513));
#3032 = CARTESIAN_POINT('',(0.,50.769045444538));
#3033 = ( GEOMETRIC_REPRESENTATION_CONTEXT(2) 
PARAMETRIC_REPRESENTATION_CONTEXT() REPRESENTATION_CONTEXT('2D SPACE',''
  ) );
#3034 = PCURVE('',#1007,#3035);
#3035 = DEFINITIONAL_REPRESENTATION('',(#3036),#3062);
#3036 = B_SPLINE_CURVE_WITH_KNOTS('',3,(#3037,#3038,#3039,#3040,#3041,
    #3042,#3043,#3044,#3045,#3046,#3047,#3048,#3049,#3050,#3051,#3052,
    #3053,#3054,#3055,#3056,#3057,#3058,#3059,#3060,#3061),
  .UNSPECIFIED.,.F.,.F.,(4,1,1,1,1,1,1,1,1,1,1,1,1,1,1,1,1,1,1,1,1,1,4),
  (56.594178794172,56.889239737256,57.184300680341,57.479361623425,
    57.774422566509,58.069483509594,58.364544452678,58.659605395762,
    58.954666338847,59.249727281931,59.544788225015,59.8398491681,
    60.134910111184,60.429971054268,60.725031997353,61.020092940437,
    61.315153883521,61.610214826606,61.90527576969,62.200336712774,
    62.495397655859,62.790458598943,63.085519542027),
  .QUASI_UNIFORM_KNOTS.);
#3037 = CARTESIAN_POINT('',(0.893913306759,57.260386184106));
#3038 = CARTESIAN_POINT('',(0.893913306652,57.16203253643));
#3039 = CARTESIAN_POINT('',(0.893913306812,56.965325241016));
#3040 = CARTESIAN_POINT('',(0.893913306701,56.670264297916));
#3041 = CARTESIAN_POINT('',(0.893913305654,56.375203354639));
#3042 = CARTESIAN_POINT('',(0.893913299974,56.080142412396));
#3043 = CARTESIAN_POINT('',(0.893913279689,55.78508147516));
#3044 = CARTESIAN_POINT('',(0.89391322575,55.490020548096));
#3045 = CARTESIAN_POINT('',(0.893913115163,55.194959632899));
#3046 = CARTESIAN_POINT('',(0.893912935569,54.899898723657));
#3047 = CARTESIAN_POINT('',(0.893912701947,54.604837807396));
#3048 = CARTESIAN_POINT('',(0.893912462831,54.309776870322));
#3049 = CARTESIAN_POINT('',(0.893912287348,54.014715906314));
#3050 = CARTESIAN_POINT('',(0.893912236176,53.719654921883));
#3051 = CARTESIAN_POINT('',(0.893912331296,53.424593933554));
#3052 = CARTESIAN_POINT('',(0.893912542734,53.129532958704));
#3053 = CARTESIAN_POINT('',(0.893912801815,52.83447200567));
#3054 = CARTESIAN_POINT('',(0.893913034305,52.539411069987));
#3055 = CARTESIAN_POINT('',(0.893913193779,52.24435013953));
#3056 = CARTESIAN_POINT('',(0.893913275118,51.949289204533));
#3057 = CARTESIAN_POINT('',(0.893913302742,51.654228264082));
#3058 = CARTESIAN_POINT('',(0.893913305855,51.35916732338));
#3059 = CARTESIAN_POINT('',(0.893913306156,51.064106384665));
#3060 = CARTESIAN_POINT('',(0.893913305803,50.867399091523));
#3061 = CARTESIAN_POINT('',(0.893913306759,50.769045444538));
#3062 = ( GEOMETRIC_REPRESENTATION_CONTEXT(2) 
PARAMETRIC_REPRESENTATION_CONTEXT() REPRESENTATION_CONTEXT('2D SPACE',''
  ) );
#3063 = ORIENTED_EDGE('',*,*,#3064,.T.);
#3064 = EDGE_CURVE('',#2989,#3065,#3067,.T.);
#3065 = VERTEX_POINT('',#3066);
#3066 = CARTESIAN_POINT('',(2.124748915226,-2.117886221509,
    7.875257626787));
#3067 = SURFACE_CURVE('',#3068,(#3078,#3091),.PCURVE_S1.);
#3068 = B_SPLINE_CURVE_WITH_KNOTS('',8,(#3069,#3070,#3071,#3072,#3073,
    #3074,#3075,#3076,#3077),.UNSPECIFIED.,.F.,.F.,(9,9),(0.,1.),
  .PIECEWISE_BEZIER_KNOTS.);
#3069 = CARTESIAN_POINT('',(2.975659736232,-0.381377941376,
    7.979712459154));
#3070 = CARTESIAN_POINT('',(2.943008661566,-0.636134385543,7.96609155096
    ));
#3071 = CARTESIAN_POINT('',(2.885724692091,-0.885405845592,
    7.952594043069));
#3072 = CARTESIAN_POINT('',(2.804856616601,-1.127231713214,
    7.939176907961));
#3073 = CARTESIAN_POINT('',(2.701483581756,-1.359016312264,
    7.925840690854));
#3074 = CARTESIAN_POINT('',(2.577370066947,-1.577758208718,
    7.912618309599));
#3075 = CARTESIAN_POINT('',(2.435322188025,-1.780211588754,7.89958272564
    ));
#3076 = CARTESIAN_POINT('',(2.279845578437,-1.963312712737,
    7.886874385437));
#3077 = CARTESIAN_POINT('',(2.117885929225,-2.124749206563,
    7.874742712982));
#3078 = PCURVE('',#690,#3079);
#3079 = DEFINITIONAL_REPRESENTATION('',(#3080),#3090);
#3080 = B_SPLINE_CURVE_WITH_KNOTS('',8,(#3081,#3082,#3083,#3084,#3085,
    #3086,#3087,#3088,#3089),.UNSPECIFIED.,.F.,.F.,(9,9),(0.,1.),
  .PIECEWISE_BEZIER_KNOTS.);
#3081 = CARTESIAN_POINT('',(0.,50.769045508925));
#3082 = CARTESIAN_POINT('',(8.442679102436E-06,50.682355509451));
#3083 = CARTESIAN_POINT('',(1.856049314807E-05,50.59644450013));
#3084 = CARTESIAN_POINT('',(2.835364647023E-05,50.511046049122));
#3085 = CARTESIAN_POINT('',(3.384273343331E-05,50.426177069463));
#3086 = CARTESIAN_POINT('',(3.127161401565E-05,50.342061849377));
#3087 = CARTESIAN_POINT('',(1.568421033719E-05,50.259180648829));
#3088 = CARTESIAN_POINT('',(-2.943183314663E-07,50.178384239657));
#3089 = CARTESIAN_POINT('',(0.,50.10119987039));
#3090 = ( GEOMETRIC_REPRESENTATION_CONTEXT(2) 
PARAMETRIC_REPRESENTATION_CONTEXT() REPRESENTATION_CONTEXT('2D SPACE',''
  ) );
#3091 = PCURVE('',#1007,#3092);
#3092 = DEFINITIONAL_REPRESENTATION('',(#3093),#3101);
#3093 = B_SPLINE_CURVE_WITH_KNOTS('',6,(#3094,#3095,#3096,#3097,#3098,
    #3099,#3100),.UNSPECIFIED.,.F.,.F.,(7,7),(0.,0.994699185426),
  .PIECEWISE_BEZIER_KNOTS.);
#3094 = CARTESIAN_POINT('',(0.893913306759,50.769045508925));
#3095 = CARTESIAN_POINT('',(0.893909055008,50.654071456389));
#3096 = CARTESIAN_POINT('',(0.89390396349,50.540538069508));
#3097 = CARTESIAN_POINT('',(0.893898775982,50.42770293029));
#3098 = CARTESIAN_POINT('',(0.893901603741,50.316142610965));
#3099 = CARTESIAN_POINT('',(0.893913246793,50.207019755333));
#3100 = CARTESIAN_POINT('',(0.893913306759,50.104475820324));
#3101 = ( GEOMETRIC_REPRESENTATION_CONTEXT(2) 
PARAMETRIC_REPRESENTATION_CONTEXT() REPRESENTATION_CONTEXT('2D SPACE',''
  ) );
#3102 = ORIENTED_EDGE('',*,*,#3103,.F.);
#3103 = EDGE_CURVE('',#3104,#3065,#3106,.T.);
#3104 = VERTEX_POINT('',#3105);
#3105 = CARTESIAN_POINT('',(2.117885880591,-2.12474925504,7.874742709339
    ));
#3106 = SURFACE_CURVE('',#3107,(#3190,#3196),.PCURVE_S1.);
#3107 = B_SPLINE_CURVE_WITH_KNOTS('',11,(#3108,#3109,#3110,#3111,#3112,
    #3113,#3114,#3115,#3116,#3117,#3118,#3119,#3120,#3121,#3122,#3123,
    #3124,#3125,#3126,#3127,#3128,#3129,#3130,#3131,#3132,#3133,#3134,
    #3135,#3136,#3137,#3138,#3139,#3140,#3141,#3142,#3143,#3144,#3145,
    #3146,#3147,#3148,#3149,#3150,#3151,#3152,#3153,#3154,#3155,#3156,
    #3157,#3158,#3159,#3160,#3161,#3162,#3163,#3164,#3165,#3166,#3167,
    #3168,#3169,#3170,#3171,#3172,#3173,#3174,#3175,#3176,#3177,#3178,
    #3179,#3180,#3181,#3182,#3183,#3184,#3185,#3186,#3187,#3188,#3189),
  .UNSPECIFIED.,.F.,.F.,(12,10,10,10,10,10,10,10,12),(0.,7.157548273013,
    14.315096546026,21.47264481904,28.630193092053,35.787741365066,
    42.945289638079,50.102837911093,57.260386184106),.UNSPECIFIED.);
#3108 = CARTESIAN_POINT('',(3.,1.7763568394E-15,1.110223024625E-16));
#3109 = CARTESIAN_POINT('',(2.999999999089,1.927802653744,0.102275401456
    ));
#3110 = CARTESIAN_POINT('',(1.638219055601,3.855736046103,0.204534775851
    ));
#3111 = CARTESIAN_POINT('',(-1.094082506115,4.712305552911,
    0.306846846742));
#3112 = CARTESIAN_POINT('',(-4.209046435047,3.431769230897,
    0.409039241188));
#3113 = CARTESIAN_POINT('',(-5.950414223605,-0.106468541385,
    0.511432930584));
#3114 = CARTESIAN_POINT('',(-4.282862853361,-4.13229357639,
    0.613567611498));
#3115 = CARTESIAN_POINT('',(-0.549618077769,-5.402872561423,
    0.715960631534));
#3116 = CARTESIAN_POINT('',(2.558470067507,-4.105736405489,
    0.818154100343));
#3117 = CARTESIAN_POINT('',(3.884812862021,-1.568021314993,
    0.920465061281));
#3118 = CARTESIAN_POINT('',(3.484482698465,0.758157975187,1.022725301269
    ));
#3119 = CARTESIAN_POINT('',(0.758158001102,3.484482692141,1.227275048476
    ));
#3120 = CARTESIAN_POINT('',(-1.568021281018,3.884812875576,
    1.329535348022));
#3121 = CARTESIAN_POINT('',(-4.105736397877,2.558470095379,
    1.431846084111));
#3122 = CARTESIAN_POINT('',(-5.402872541115,-0.549618029719,
    1.534040086233));
#3123 = CARTESIAN_POINT('',(-4.132293648538,-4.282862831855,
    1.636432150573));
#3124 = CARTESIAN_POINT('',(-0.106468535584,-5.950414209927,
    1.738568207333));
#3125 = CARTESIAN_POINT('',(3.431769143053,-4.209046474994,
    1.840960261593));
#3126 = CARTESIAN_POINT('',(4.712305594672,-1.094082530047,
    1.943154279894));
#3127 = CARTESIAN_POINT('',(3.855736021046,1.638219017008,2.045464999268
    ));
#3128 = CARTESIAN_POINT('',(1.927802699922,2.999999989879,2.147725311849
    ));
#3129 = CARTESIAN_POINT('',(-1.927802676939,3.00000000463,2.35227504316)
  );
#3130 = CARTESIAN_POINT('',(-3.85573600851,1.638219046623,2.454535356641
    ));
#3131 = CARTESIAN_POINT('',(-4.712305603011,-1.094082494157,
    2.556846072619));
#3132 = CARTESIAN_POINT('',(-3.431769175388,-4.209046448286,
    2.659040098971));
#3133 = CARTESIAN_POINT('',(0.10646849015,-5.950414211398,2.761432138811
    ));
#3134 = CARTESIAN_POINT('',(4.13229361553,-4.282862862677,2.863568216321
    ));
#3135 = CARTESIAN_POINT('',(5.402872537118,-0.54961807199,2.965960256009
    ));
#3136 = CARTESIAN_POINT('',(4.105736417289,2.558470064704,3.068154282606
    ));
#3137 = CARTESIAN_POINT('',(1.568021310917,3.884812862989,3.17046499833)
  );
#3138 = CARTESIAN_POINT('',(-0.758157974492,3.4844826983,3.272725312009)
  );
#3139 = CARTESIAN_POINT('',(-3.48448269249,0.758158001184,3.47727504308)
  );
#3140 = CARTESIAN_POINT('',(-3.884812875009,-1.56802128115,
    3.579535356771));
#3141 = CARTESIAN_POINT('',(-2.558470096135,-4.105736397705,
    3.681846072448));
#3142 = CARTESIAN_POINT('',(0.549618030559,-5.402872541296,
    3.784040099159));
#3143 = CARTESIAN_POINT('',(4.282862831078,-4.132293648382,
    3.886432138637));
#3144 = CARTESIAN_POINT('',(5.950414210523,-0.106468535694,
    3.988568216456));
#3145 = CARTESIAN_POINT('',(4.209046474624,3.431769143116,4.090960255924
    ));
#3146 = CARTESIAN_POINT('',(1.094082530227,4.712305594643,4.193154282648
    ));
#3147 = CARTESIAN_POINT('',(-1.63821901707,3.855736021056,4.295464998315
    ));
#3148 = CARTESIAN_POINT('',(-2.999999989868,1.927802699921,
    4.397725312011));
#3149 = CARTESIAN_POINT('',(-3.000000004636,-1.927802676939,
    4.60227504308));
#3150 = CARTESIAN_POINT('',(-1.638219046609,-3.855736008506,
    4.704535356768));
#3151 = CARTESIAN_POINT('',(1.094082494129,-4.712305603021,
    4.806846072455));
#3152 = CARTESIAN_POINT('',(4.209046448334,-3.431769175373,
    4.909040099147));
#3153 = CARTESIAN_POINT('',(5.950414211334,0.106468490135,5.011432138654
    ));
#3154 = CARTESIAN_POINT('',(4.282862862742,4.132293615538,5.113568216436
    ));
#3155 = CARTESIAN_POINT('',(0.54961807194,5.402872537117,5.215960255942)
  );
#3156 = CARTESIAN_POINT('',(-2.558470064676,4.105736417286,
    5.318154282635));
#3157 = CARTESIAN_POINT('',(-3.884812863,1.568021310919,5.420464998323)
  );
#3158 = CARTESIAN_POINT('',(-3.484482698298,-0.758157974492,
    5.522725312008));
#3159 = CARTESIAN_POINT('',(-0.758158001185,-3.48448269249,
    5.727275043084));
#3160 = CARTESIAN_POINT('',(1.568021281153,-3.88481287501,5.829535356746
    ));
#3161 = CARTESIAN_POINT('',(4.1057363977,-2.558470096136,5.931846072512)
  );
#3162 = CARTESIAN_POINT('',(5.402872541305,0.549618030562,6.034040099037
    ));
#3163 = CARTESIAN_POINT('',(4.13229364837,4.282862831071,6.136432138822)
  );
#3164 = CARTESIAN_POINT('',(0.106468535707,5.950414210535,6.238568216224
    ));
#3165 = CARTESIAN_POINT('',(-3.431769143126,4.209046474608,
    6.340960256166));
#3166 = CARTESIAN_POINT('',(-4.712305594637,1.094082530241,
    6.443154282438));
#3167 = CARTESIAN_POINT('',(-3.855736021058,-1.63821901708,
    6.545464998466));
#3168 = CARTESIAN_POINT('',(-1.927802699921,-2.999999989862,
    6.647725311924));
#3169 = CARTESIAN_POINT('',(1.92780267694,-3.000000004647,6.852275043246
    ));
#3170 = CARTESIAN_POINT('',(3.855736008495,-1.638219046549,
    6.954535355809));
#3171 = CARTESIAN_POINT('',(4.712305603058,1.094082493957,7.056846075216
    ));
#3172 = CARTESIAN_POINT('',(3.431769175292,4.209046448686,7.159040093475
    ));
#3173 = CARTESIAN_POINT('',(-0.106468489999,5.950414210767,
    7.261432147777));
#3174 = CARTESIAN_POINT('',(-4.132293615722,4.28286286349,7.3635682045)
  );
#3175 = CARTESIAN_POINT('',(-5.402872536915,0.549618071123,
    7.465960268871));
#3176 = CARTESIAN_POINT('',(-4.105736417468,-2.558470063932,
    7.568154270969));
#3177 = CARTESIAN_POINT('',(-1.568021310783,-3.884812863562,
    7.670465007072));
#3178 = CARTESIAN_POINT('',(0.758157974409,-3.484482697949,
    7.772725306614));
#3179 = CARTESIAN_POINT('',(3.484482692656,-0.75815800188,7.97727505382)
  );
#3180 = CARTESIAN_POINT('',(3.884812874038,1.568021285228,8.079535293816
    ));
#3181 = CARTESIAN_POINT('',(2.558470098947,4.105736385901,8.181846254728
    ));
#3182 = CARTESIAN_POINT('',(-0.549618036352,5.402872565613,
    8.284039723588));
#3183 = CARTESIAN_POINT('',(-4.282862821744,4.132293609222,8.38643274355
    ));
#3184 = CARTESIAN_POINT('',(-5.950414222748,0.106468586954,8.48856742455
    ));
#3185 = CARTESIAN_POINT('',(-4.209046461368,-3.431769198647,
    8.590961113862));
#3186 = CARTESIAN_POINT('',(-1.094082542199,-4.712305544529,
    8.693153508376));
#3187 = CARTESIAN_POINT('',(1.638219026058,-3.855736058654,
    8.795465579221));
#3188 = CARTESIAN_POINT('',(2.999999984321,-1.927802676726,
    8.897724953643));
#3189 = CARTESIAN_POINT('',(3.,-2.298227312365E-08,9.000000355087));
#3190 = PCURVE('',#690,#3191);
#3191 = DEFINITIONAL_REPRESENTATION('',(#3192),#3195);
#3192 = B_SPLINE_CURVE_WITH_KNOTS('',1,(#3193,#3194),.UNSPECIFIED.,.F.,
  .F.,(2,2),(0.,57.260386184106),.PIECEWISE_BEZIER_KNOTS.);
#3193 = CARTESIAN_POINT('',(0.,0.));
#3194 = CARTESIAN_POINT('',(0.,57.260386184106));
#3195 = ( GEOMETRIC_REPRESENTATION_CONTEXT(2) 
PARAMETRIC_REPRESENTATION_CONTEXT() REPRESENTATION_CONTEXT('2D SPACE',''
  ) );
#3196 = PCURVE('',#1007,#3197);
#3197 = DEFINITIONAL_REPRESENTATION('',(#3198),#3202);
#3198 = LINE('',#3199,#3200);
#3199 = CARTESIAN_POINT('',(0.893913306759,0.));
#3200 = VECTOR('',#3201,1.);
#3201 = DIRECTION('',(0.,1.));
#3202 = ( GEOMETRIC_REPRESENTATION_CONTEXT(2) 
PARAMETRIC_REPRESENTATION_CONTEXT() REPRESENTATION_CONTEXT('2D SPACE',''
  ) );
#3203 = ORIENTED_EDGE('',*,*,#3204,.T.);
#3204 = EDGE_CURVE('',#3104,#3205,#3207,.T.);
#3205 = VERTEX_POINT('',#3206);
#3206 = CARTESIAN_POINT('',(0.381377836768,-2.975659749637,
    7.770287891512));
#3207 = SURFACE_CURVE('',#3208,(#3217,#3229),.PCURVE_S1.);
#3208 = B_SPLINE_CURVE_WITH_KNOTS('',7,(#3209,#3210,#3211,#3212,#3213,
    #3214,#3215,#3216),.UNSPECIFIED.,.F.,.F.,(8,8),(0.,1.),
  .PIECEWISE_BEZIER_KNOTS.);
#3209 = CARTESIAN_POINT('',(2.117885929225,-2.124749206563,
    7.874742712982));
#3210 = CARTESIAN_POINT('',(1.923399059392,-2.318607852923,
    7.860174572008));
#3211 = CARTESIAN_POINT('',(1.700822181101,-2.499062392178,
    7.845066486777));
#3212 = CARTESIAN_POINT('',(1.45439164659,-2.656219454497,7.829729200414
    ));
#3213 = CARTESIAN_POINT('',(1.190685634399,-2.784053219716,
    7.814362835771));
#3214 = CARTESIAN_POINT('',(0.917643930541,-2.879359506096,
    7.799167188781));
#3215 = CARTESIAN_POINT('',(0.644405129009,-2.941948638737,
    7.784360763601));
#3216 = CARTESIAN_POINT('',(0.381377896992,-2.97565974192,7.770287894733
    ));
#3217 = PCURVE('',#690,#3218);
#3218 = DEFINITIONAL_REPRESENTATION('',(#3219),#3228);
#3219 = B_SPLINE_CURVE_WITH_KNOTS('',7,(#3220,#3221,#3222,#3223,#3224,
    #3225,#3226,#3227),.UNSPECIFIED.,.F.,.F.,(8,8),(0.,1.),
  .PIECEWISE_BEZIER_KNOTS.);
#3220 = CARTESIAN_POINT('',(0.,50.10119987039));
#3221 = CARTESIAN_POINT('',(3.53427852554E-07,50.008514152361));
#3222 = CARTESIAN_POINT('',(2.396898088717E-05,49.912308476933));
#3223 = CARTESIAN_POINT('',(3.758103348522E-05,49.814679403687));
#3224 = CARTESIAN_POINT('',(3.045178223403E-05,49.716939261144));
#3225 = CARTESIAN_POINT('',(1.993086116517E-05,49.620297497595));
#3226 = CARTESIAN_POINT('',(8.716769792629E-06,49.526134736851));
#3227 = CARTESIAN_POINT('',(0.,49.436630305913));
#3228 = ( GEOMETRIC_REPRESENTATION_CONTEXT(2) 
PARAMETRIC_REPRESENTATION_CONTEXT() REPRESENTATION_CONTEXT('2D SPACE',''
  ) );
#3229 = PCURVE('',#1007,#3230);
#3230 = DEFINITIONAL_REPRESENTATION('',(#3231),#3238);
#3231 = B_SPLINE_CURVE_WITH_KNOTS('',5,(#3232,#3233,#3234,#3235,#3236,
    #3237),.UNSPECIFIED.,.F.,.F.,(6,6),(0.,1.),
  .PIECEWISE_BEZIER_KNOTS.);
#3232 = CARTESIAN_POINT('',(0.893913306759,50.10119987039));
#3233 = CARTESIAN_POINT('',(0.893913175037,49.97143776656));
#3234 = CARTESIAN_POINT('',(0.893894384349,49.834303443775));
#3235 = CARTESIAN_POINT('',(0.89390293425,49.697020721349));
#3236 = CARTESIAN_POINT('',(0.893908686147,49.561936905255));
#3237 = CARTESIAN_POINT('',(0.893913306759,49.436630305913));
#3238 = ( GEOMETRIC_REPRESENTATION_CONTEXT(2) 
PARAMETRIC_REPRESENTATION_CONTEXT() REPRESENTATION_CONTEXT('2D SPACE',''
  ) );
#3239 = ORIENTED_EDGE('',*,*,#3240,.T.);
#3240 = EDGE_CURVE('',#3205,#3241,#3243,.T.);
#3241 = VERTEX_POINT('',#3242);
#3242 = CARTESIAN_POINT('',(1.834434119661,-2.373784206842,
    6.854712450494));
#3243 = SURFACE_CURVE('',#3244,(#3257,#3286),.PCURVE_S1.);
#3244 = B_SPLINE_CURVE_WITH_KNOTS('',11,(#3245,#3246,#3247,#3248,#3249,
    #3250,#3251,#3252,#3253,#3254,#3255,#3256),.UNSPECIFIED.,.F.,.F.,(12
    ,12),(48.705058390593,54.530191485325),.PIECEWISE_BEZIER_KNOTS.);
#3245 = CARTESIAN_POINT('',(0.381377836768,-2.975659749637,
    7.770287891512));
#3246 = CARTESIAN_POINT('',(-1.174841704304,-3.175070784105,
    7.68705388827));
#3247 = CARTESIAN_POINT('',(-2.845774326612,-2.479273295942,
    7.603819196812));
#3248 = CARTESIAN_POINT('',(-4.059011064222,-0.815245153288,
    7.52058460499));
#3249 = CARTESIAN_POINT('',(-4.190079557186,1.479452746671,
    7.437355996533));
#3250 = CARTESIAN_POINT('',(-2.901311105923,3.615267246201,7.3541087794)
  );
#3251 = CARTESIAN_POINT('',(-0.504841421809,4.607917493719,
    7.270890435586));
#3252 = CARTESIAN_POINT('',(1.916702354506,4.008963668544,7.187645292192
    ));
#3253 = CARTESIAN_POINT('',(3.446619877227,2.293688993859,7.10441541157)
  );
#3254 = CARTESIAN_POINT('',(3.765377342601,0.259155020778,7.021181183433
    ));
#3255 = CARTESIAN_POINT('',(3.075852502494,-1.414375809183,
    6.937946455934));
#3256 = CARTESIAN_POINT('',(1.834434119661,-2.373784206842,
    6.854712450494));
#3257 = PCURVE('',#690,#3258);
#3258 = DEFINITIONAL_REPRESENTATION('',(#3259),#3285);
#3259 = B_SPLINE_CURVE_WITH_KNOTS('',3,(#3260,#3261,#3262,#3263,#3264,
    #3265,#3266,#3267,#3268,#3269,#3270,#3271,#3272,#3273,#3274,#3275,
    #3276,#3277,#3278,#3279,#3280,#3281,#3282,#3283,#3284),
  .UNSPECIFIED.,.F.,.F.,(4,1,1,1,1,1,1,1,1,1,1,1,1,1,1,1,1,1,1,1,1,1,4),
  (48.705058390593,48.969837167626,49.23461594466,49.499394721693,
    49.764173498726,50.028952275759,50.293731052793,50.558509829826,
    50.823288606859,51.088067383892,51.352846160926,51.617624937959,
    51.882403714992,52.147182492025,52.411961269059,52.676740046092,
    52.941518823125,53.206297600158,53.471076377192,53.735855154225,
    54.000633931258,54.265412708291,54.530191485325),
  .QUASI_UNIFORM_KNOTS.);
#3260 = CARTESIAN_POINT('',(0.,49.436630285419));
#3261 = CARTESIAN_POINT('',(5.448571053557E-11,49.348370693084));
#3262 = CARTESIAN_POINT('',(-2.203438191329E-11,49.171851508381));
#3263 = CARTESIAN_POINT('',(-3.435359393978E-12,48.907072731367));
#3264 = CARTESIAN_POINT('',(3.44184985119E-10,48.64229395459));
#3265 = CARTESIAN_POINT('',(2.946209205757E-09,48.37751517806));
#3266 = CARTESIAN_POINT('',(1.055613183857E-08,48.112736400539));
#3267 = CARTESIAN_POINT('',(2.394303466124E-08,47.847957619353));
#3268 = CARTESIAN_POINT('',(3.891844420848E-08,47.583178831742));
#3269 = CARTESIAN_POINT('',(4.733859487482E-08,47.318400037097));
#3270 = CARTESIAN_POINT('',(3.944094934363E-08,47.05362123845));
#3271 = CARTESIAN_POINT('',(1.747490738273E-08,46.788842441792));
#3272 = CARTESIAN_POINT('',(-3.019099181634E-08,46.524063653787));
#3273 = CARTESIAN_POINT('',(-2.299202958531E-08,46.259284877395));
#3274 = CARTESIAN_POINT('',(-2.490090161222E-08,45.994506112632));
#3275 = CARTESIAN_POINT('',(-2.446437573559E-08,45.7297273547));
#3276 = CARTESIAN_POINT('',(-2.430160721519E-08,45.464948597582));
#3277 = CARTESIAN_POINT('',(-2.538920717343E-08,45.200169836724));
#3278 = CARTESIAN_POINT('',(-2.120157586086E-08,44.935391070272));
#3279 = CARTESIAN_POINT('',(-8.378836580976E-09,44.670612298432));
#3280 = CARTESIAN_POINT('',(-5.308411017453E-09,44.405833522182));
#3281 = CARTESIAN_POINT('',(-2.10222598849E-09,44.141054742215));
#3282 = CARTESIAN_POINT('',(3.35743446127E-10,43.876275960765));
#3283 = CARTESIAN_POINT('',(4.977345649655E-10,43.699756773625));
#3284 = CARTESIAN_POINT('',(0.,43.611497180548));
#3285 = ( GEOMETRIC_REPRESENTATION_CONTEXT(2) 
PARAMETRIC_REPRESENTATION_CONTEXT() REPRESENTATION_CONTEXT('2D SPACE',''
  ) );
#3286 = PCURVE('',#1007,#3287);
#3287 = DEFINITIONAL_REPRESENTATION('',(#3288),#3314);
#3288 = B_SPLINE_CURVE_WITH_KNOTS('',3,(#3289,#3290,#3291,#3292,#3293,
    #3294,#3295,#3296,#3297,#3298,#3299,#3300,#3301,#3302,#3303,#3304,
    #3305,#3306,#3307,#3308,#3309,#3310,#3311,#3312,#3313),
  .UNSPECIFIED.,.F.,.F.,(4,1,1,1,1,1,1,1,1,1,1,1,1,1,1,1,1,1,1,1,1,1,4),
  (48.705058390593,48.969837167626,49.23461594466,49.499394721693,
    49.764173498726,50.028952275759,50.293731052793,50.558509829826,
    50.823288606859,51.088067383892,51.352846160926,51.617624937959,
    51.882403714992,52.147182492025,52.411961269059,52.676740046092,
    52.941518823125,53.206297600158,53.471076377192,53.735855154225,
    54.000633931258,54.265412708291,54.530191485325),
  .QUASI_UNIFORM_KNOTS.);
#3289 = CARTESIAN_POINT('',(0.893913306759,49.43663028542));
#3290 = CARTESIAN_POINT('',(0.893913306613,49.348370693086));
#3291 = CARTESIAN_POINT('',(0.893913306824,49.17185150838));
#3292 = CARTESIAN_POINT('',(0.893913306721,48.907072731367));
#3293 = CARTESIAN_POINT('',(0.893913305322,48.642293954607));
#3294 = CARTESIAN_POINT('',(0.89391329806,48.377515178176));
#3295 = CARTESIAN_POINT('',(0.893913279154,48.112736400921));
#3296 = CARTESIAN_POINT('',(0.893913246209,47.847957620196));
#3297 = CARTESIAN_POINT('',(0.893913204585,47.583178833151));
#3298 = CARTESIAN_POINT('',(0.893913167233,47.318400038964));
#3299 = CARTESIAN_POINT('',(0.893913149187,47.053621240418));
#3300 = CARTESIAN_POINT('',(0.893913159754,46.788842443438));
#3301 = CARTESIAN_POINT('',(0.893913196939,46.524063654572));
#3302 = CARTESIAN_POINT('',(0.89391324877,46.259284877781));
#3303 = CARTESIAN_POINT('',(0.893913296525,45.994506112544));
#3304 = CARTESIAN_POINT('',(0.893913333777,45.729727354239));
#3305 = CARTESIAN_POINT('',(0.89391333044,45.464948597156));
#3306 = CARTESIAN_POINT('',(0.893913332074,45.200169836238));
#3307 = CARTESIAN_POINT('',(0.893913328876,44.935391069834));
#3308 = CARTESIAN_POINT('',(0.893913313869,44.670612298279));
#3309 = CARTESIAN_POINT('',(0.893913306568,44.40583352213));
#3310 = CARTESIAN_POINT('',(0.89391330552,44.141054742207));
#3311 = CARTESIAN_POINT('',(0.893913307623,43.87627596076));
#3312 = CARTESIAN_POINT('',(0.893913307758,43.69975677362));
#3313 = CARTESIAN_POINT('',(0.893913306759,43.611497180548));
#3314 = ( GEOMETRIC_REPRESENTATION_CONTEXT(2) 
PARAMETRIC_REPRESENTATION_CONTEXT() REPRESENTATION_CONTEXT('2D SPACE',''
  ) );
#3315 = ORIENTED_EDGE('',*,*,#3316,.T.);
#3316 = EDGE_CURVE('',#3241,#3317,#3319,.T.);
#3317 = VERTEX_POINT('',#3318);
#3318 = CARTESIAN_POINT('',(4.989753719792E-03,-2.99999585039,
    6.750264897455));
#3319 = SURFACE_CURVE('',#3320,(#3328,#3339),.PCURVE_S1.);
#3320 = B_SPLINE_CURVE_WITH_KNOTS('',6,(#3321,#3322,#3323,#3324,#3325,
    #3326,#3327),.UNSPECIFIED.,.F.,.F.,(7,7),(0.,1.),
  .PIECEWISE_BEZIER_KNOTS.);
#3321 = CARTESIAN_POINT('',(1.834434276616,-2.373784085543,
    6.854712461018));
#3322 = CARTESIAN_POINT('',(1.574819611681,-2.574411447976,
    6.837312343955));
#3323 = CARTESIAN_POINT('',(1.288778475215,-2.741040166216,
    6.819907621093));
#3324 = CARTESIAN_POINT('',(0.982087092998,-2.869137765344,
    6.802508993006));
#3325 = CARTESIAN_POINT('',(0.661229390486,-2.955845571408,
    6.785102612099));
#3326 = CARTESIAN_POINT('',(0.333083008756,-2.999450148122,
    6.767671342579));
#3327 = CARTESIAN_POINT('',(4.989753719792E-03,-2.99999585039,
    6.750264897455));
#3328 = PCURVE('',#690,#3329);
#3329 = DEFINITIONAL_REPRESENTATION('',(#3330),#3338);
#3330 = B_SPLINE_CURVE_WITH_KNOTS('',6,(#3331,#3332,#3333,#3334,#3335,
    #3336,#3337),.UNSPECIFIED.,.F.,.F.,(7,7),(0.,1.),
  .PIECEWISE_BEZIER_KNOTS.);
#3331 = CARTESIAN_POINT('',(0.,43.611497247501));
#3332 = CARTESIAN_POINT('',(1.078514696591E-05,43.500754550121));
#3333 = CARTESIAN_POINT('',(2.460844399446E-05,43.389971530593));
#3334 = CARTESIAN_POINT('',(3.6225032875E-05,43.279234856784));
#3335 = CARTESIAN_POINT('',(3.485037746048E-05,43.168494915895));
#3336 = CARTESIAN_POINT('',(4.341373250246E-07,43.05771441654));
#3337 = CARTESIAN_POINT('',(0.,42.946973821142));
#3338 = ( GEOMETRIC_REPRESENTATION_CONTEXT(2) 
PARAMETRIC_REPRESENTATION_CONTEXT() REPRESENTATION_CONTEXT('2D SPACE',''
  ) );
#3339 = PCURVE('',#1007,#3340);
#3340 = DEFINITIONAL_REPRESENTATION('',(#3341),#3348);
#3341 = B_SPLINE_CURVE_WITH_KNOTS('',5,(#3342,#3343,#3344,#3345,#3346,
    #3347),.UNSPECIFIED.,.F.,.F.,(6,6),(0.,1.),
  .PIECEWISE_BEZIER_KNOTS.);
#3342 = CARTESIAN_POINT('',(0.893913306759,43.611497247501));
#3343 = CARTESIAN_POINT('',(0.893908238513,43.478605770749));
#3344 = CARTESIAN_POINT('',(0.893902869514,43.345656266314));
#3345 = CARTESIAN_POINT('',(0.893894813106,43.212812465621));
#3346 = CARTESIAN_POINT('',(0.893912880843,43.079862552306));
#3347 = CARTESIAN_POINT('',(0.893913306759,42.946973821142));
#3348 = ( GEOMETRIC_REPRESENTATION_CONTEXT(2) 
PARAMETRIC_REPRESENTATION_CONTEXT() REPRESENTATION_CONTEXT('2D SPACE',''
  ) );
#3349 = ORIENTED_EDGE('',*,*,#3350,.T.);
#3350 = EDGE_CURVE('',#3317,#3351,#3353,.T.);
#3351 = VERTEX_POINT('',#3352);
#3352 = CARTESIAN_POINT('',(-4.990030500954E-03,-2.99999584993,
    6.749735444251));
#3353 = SURFACE_CURVE('',#3354,(#3363,#3370),.PCURVE_S1.);
#3354 = B_SPLINE_CURVE_WITH_KNOTS('',7,(#3355,#3356,#3357,#3358,#3359,
    #3360,#3361,#3362),.UNSPECIFIED.,.F.,.F.,(8,8),(0.,1.),
  .PIECEWISE_BEZIER_KNOTS.);
#3355 = CARTESIAN_POINT('',(1.83443427653,-2.373784085609,6.854712461012
    ));
#3356 = CARTESIAN_POINT('',(1.602196486041,-2.553254900062,
    6.839136427537));
#3357 = CARTESIAN_POINT('',(1.351849337581,-2.704383880707,
    6.823718207714));
#3358 = CARTESIAN_POINT('',(1.086862003321,-2.826037212427,
    6.808399436665));
#3359 = CARTESIAN_POINT('',(0.811629451476,-2.916391837759,
    6.793202959843));
#3360 = CARTESIAN_POINT('',(0.532200260101,-2.97428861848,6.778220180017
    ));
#3361 = CARTESIAN_POINT('',(0.256555519824,-3.000430869003,
    6.763611310942));
#3362 = CARTESIAN_POINT('',(-4.989782517564E-03,-2.999995850342,
    6.749735457407));
#3363 = PCURVE('',#690,#3364);
#3364 = DEFINITIONAL_REPRESENTATION('',(#3365),#3369);
#3365 = B_SPLINE_CURVE_WITH_KNOTS('',2,(#3366,#3367,#3368),
  .UNSPECIFIED.,.F.,.F.,(3,3),(0.994553900307,1.),
  .PIECEWISE_BEZIER_KNOTS.);
#3366 = CARTESIAN_POINT('',(0.,42.946973821141));
#3367 = CARTESIAN_POINT('',(0.,42.945288169836));
#3368 = CARTESIAN_POINT('',(0.,42.943605453053));
#3369 = ( GEOMETRIC_REPRESENTATION_CONTEXT(2) 
PARAMETRIC_REPRESENTATION_CONTEXT() REPRESENTATION_CONTEXT('2D SPACE',''
  ) );
#3370 = PCURVE('',#1007,#3371);
#3371 = DEFINITIONAL_REPRESENTATION('',(#3372),#3381);
#3372 = B_SPLINE_CURVE_WITH_KNOTS('',7,(#3373,#3374,#3375,#3376,#3377,
    #3378,#3379,#3380),.UNSPECIFIED.,.F.,.F.,(8,8),(0.,1.),
  .PIECEWISE_BEZIER_KNOTS.);
#3373 = CARTESIAN_POINT('',(0.893913306759,43.611497247464));
#3374 = CARTESIAN_POINT('',(0.893903658923,43.512432584233));
#3375 = CARTESIAN_POINT('',(0.893891639183,43.41438029326));
#3376 = CARTESIAN_POINT('',(0.893881465355,43.316953737393));
#3377 = CARTESIAN_POINT('',(0.893876532611,43.22028696368));
#3378 = CARTESIAN_POINT('',(0.893892119988,43.124906028442));
#3379 = CARTESIAN_POINT('',(0.893913652837,43.031884264216));
#3380 = CARTESIAN_POINT('',(0.893913306759,42.943605453053));
#3381 = ( GEOMETRIC_REPRESENTATION_CONTEXT(2) 
PARAMETRIC_REPRESENTATION_CONTEXT() REPRESENTATION_CONTEXT('2D SPACE',''
  ) );
#3382 = ORIENTED_EDGE('',*,*,#3383,.F.);
#3383 = EDGE_CURVE('',#3384,#3351,#3386,.T.);
#3384 = VERTEX_POINT('',#3385);
#3385 = CARTESIAN_POINT('',(-1.834434340158,-2.373784036436,
    6.64528789103));
#3386 = SURFACE_CURVE('',#3387,(#3396,#3408),.PCURVE_S1.);
#3387 = B_SPLINE_CURVE_WITH_KNOTS('',7,(#3388,#3389,#3390,#3391,#3392,
    #3393,#3394,#3395),.UNSPECIFIED.,.F.,.F.,(8,8),(0.,1.),
  .PIECEWISE_BEZIER_KNOTS.);
#3388 = CARTESIAN_POINT('',(-1.83443429274,-2.373784073082,6.64528789421
    ));
#3389 = CARTESIAN_POINT('',(-1.602196497854,-2.553254893466,
    6.660863928059));
#3390 = CARTESIAN_POINT('',(-1.35184936082,-2.704383865776,
    6.676282147118));
#3391 = CARTESIAN_POINT('',(-1.086862034378,-2.826037200791,
    6.691600917938));
#3392 = CARTESIAN_POINT('',(-0.811629472445,-2.916391836699,
    6.706797395415));
#3393 = CARTESIAN_POINT('',(-0.532200256918,-2.974288622688,
    6.721780176488));
#3394 = CARTESIAN_POINT('',(-0.256555502747,-3.000430866464,
    6.736389046353));
#3395 = CARTESIAN_POINT('',(4.989753719792E-03,-2.99999585039,
    6.750264897455));
#3396 = PCURVE('',#690,#3397);
#3397 = DEFINITIONAL_REPRESENTATION('',(#3398),#3407);
#3398 = B_SPLINE_CURVE_WITH_KNOTS('',7,(#3399,#3400,#3401,#3402,#3403,
    #3404,#3405,#3406),.UNSPECIFIED.,.F.,.F.,(8,8),(0.,1.),
  .PIECEWISE_BEZIER_KNOTS.);
#3399 = CARTESIAN_POINT('',(0.,42.279082029537));
#3400 = CARTESIAN_POINT('',(9.647831313542E-06,42.378146695167));
#3401 = CARTESIAN_POINT('',(2.166756619894E-05,42.476198981293));
#3402 = CARTESIAN_POINT('',(3.184138305766E-05,42.573625535695));
#3403 = CARTESIAN_POINT('',(3.677413722327E-05,42.670292313451));
#3404 = CARTESIAN_POINT('',(2.118674978039E-05,42.765673256463));
#3405 = CARTESIAN_POINT('',(-3.460801350599E-07,42.858695025465));
#3406 = CARTESIAN_POINT('',(0.,42.946973821142));
#3407 = ( GEOMETRIC_REPRESENTATION_CONTEXT(2) 
PARAMETRIC_REPRESENTATION_CONTEXT() REPRESENTATION_CONTEXT('2D SPACE',''
  ) );
#3408 = PCURVE('',#1007,#3409);
#3409 = DEFINITIONAL_REPRESENTATION('',(#3410),#3418);
#3410 = B_SPLINE_CURVE_WITH_KNOTS('',6,(#3411,#3412,#3413,#3414,#3415,
    #3416,#3417),.UNSPECIFIED.,.F.,.F.,(7,7),(0.,0.99455376416),
  .PIECEWISE_BEZIER_KNOTS.);
#3411 = CARTESIAN_POINT('',(0.893913306759,42.279082029537));
#3412 = CARTESIAN_POINT('',(0.893909323482,42.394028519002));
#3413 = CARTESIAN_POINT('',(0.893903239339,42.507570067624));
#3414 = CARTESIAN_POINT('',(0.893899762232,42.620387891599));
#3415 = CARTESIAN_POINT('',(0.893900847362,42.731910647643));
#3416 = CARTESIAN_POINT('',(0.893913525124,42.84099526028));
#3417 = CARTESIAN_POINT('',(0.893913306759,42.943605369353));
#3418 = ( GEOMETRIC_REPRESENTATION_CONTEXT(2) 
PARAMETRIC_REPRESENTATION_CONTEXT() REPRESENTATION_CONTEXT('2D SPACE',''
  ) );
#3419 = ORIENTED_EDGE('',*,*,#3420,.T.);
#3420 = EDGE_CURVE('',#3384,#3421,#3423,.T.);
#3421 = VERTEX_POINT('',#3422);
#3422 = CARTESIAN_POINT('',(2.305885543567,1.91908620441,6.110469851687)
  );
#3423 = SURFACE_CURVE('',#3424,(#3437,#3444),.PCURVE_S1.);
#3424 = B_SPLINE_CURVE_WITH_KNOTS('',11,(#3425,#3426,#3427,#3428,#3429,
    #3430,#3431,#3432,#3433,#3434,#3435,#3436),.UNSPECIFIED.,.F.,.F.,(12
    ,12),(41.547510110404,44.950164070944),.PIECEWISE_BEZIER_KNOTS.);
#3425 = CARTESIAN_POINT('',(-1.834434340158,-2.373784036436,
    6.64528789103));
#3426 = CARTESIAN_POINT('',(-2.5595880433,-1.813361625863,6.596668141816
    ));
#3427 = CARTESIAN_POINT('',(-3.09642920736,-1.009272320888,
    6.548048157454));
#3428 = CARTESIAN_POINT('',(-3.353993594692,-3.189751951126E-02,
    6.499428095658));
#3429 = CARTESIAN_POINT('',(-3.270832164068,1.010293926687,
    6.450808706236));
#3430 = CARTESIAN_POINT('',(-2.833298131404,1.985050126064,
    6.402188913768));
#3431 = CARTESIAN_POINT('',(-2.086122171788,2.759708345828,
    6.353568930158));
#3432 = CARTESIAN_POINT('',(-1.128038079831,3.232128330751,
    6.304949040272));
#3433 = CARTESIAN_POINT('',(-8.946099634594E-02,3.352929699658,
    6.256329247642));
#3434 = CARTESIAN_POINT('',(0.896654108587,3.130895925944,6.207709475871
    ));
#3435 = CARTESIAN_POINT('',(1.719624074248,2.623493355174,6.159089674284
    ));
#3436 = CARTESIAN_POINT('',(2.305885543567,1.91908620441,6.110469851687)
  );
#3437 = PCURVE('',#690,#3438);
#3438 = DEFINITIONAL_REPRESENTATION('',(#3439),#3443);
#3439 = LINE('',#3440,#3441);
#3440 = CARTESIAN_POINT('',(-6.807986951543E-13,83.826592119714));
#3441 = VECTOR('',#3442,1.);
#3442 = DIRECTION('',(1.512667415112E-14,-1.));
#3443 = ( GEOMETRIC_REPRESENTATION_CONTEXT(2) 
PARAMETRIC_REPRESENTATION_CONTEXT() REPRESENTATION_CONTEXT('2D SPACE',''
  ) );
#3444 = PCURVE('',#1007,#3445);
#3445 = DEFINITIONAL_REPRESENTATION('',(#3446),#3450);
#3446 = LINE('',#3447,#3448);
#3447 = CARTESIAN_POINT('',(0.893913306759,83.826592119714));
#3448 = VECTOR('',#3449,1.);
#3449 = DIRECTION('',(-3.001789762887E-15,-1.));
#3450 = ( GEOMETRIC_REPRESENTATION_CONTEXT(2) 
PARAMETRIC_REPRESENTATION_CONTEXT() REPRESENTATION_CONTEXT('2D SPACE',''
  ) );
#3451 = ORIENTED_EDGE('',*,*,#3452,.T.);
#3452 = EDGE_CURVE('',#3421,#3453,#3455,.T.);
#3453 = VERTEX_POINT('',#3454);
#3454 = CARTESIAN_POINT('',(3.,0.,5.999999787158));
#3455 = SURFACE_CURVE('',#3456,(#3465,#3477),.PCURVE_S1.);
#3456 = B_SPLINE_CURVE_WITH_KNOTS('',7,(#3457,#3458,#3459,#3460,#3461,
    #3462,#3463,#3464),.UNSPECIFIED.,.F.,.F.,(8,8),(0.,1.),
  .PIECEWISE_BEZIER_KNOTS.);
#3457 = CARTESIAN_POINT('',(2.305885633306,1.919086096587,6.110469844245
    ));
#3458 = CARTESIAN_POINT('',(2.496154887137,1.690467307858,6.094692672157
    ));
#3459 = CARTESIAN_POINT('',(2.660051772581,1.439753039722,6.078909209653
    ));
#3460 = CARTESIAN_POINT('',(2.794355855848,1.170743279637,6.063129872719
    ));
#3461 = CARTESIAN_POINT('',(2.896744191984,0.887659047431,6.047351025426
    ));
#3462 = CARTESIAN_POINT('',(2.965597041554,0.594976258646,6.031569589887
    ));
#3463 = CARTESIAN_POINT('',(2.999999997602,0.297428826389,6.01578301421)
  );
#3464 = CARTESIAN_POINT('',(3.,2.046545871747E-15,6.000002820824));
#3465 = PCURVE('',#690,#3466);
#3466 = DEFINITIONAL_REPRESENTATION('',(#3467),#3476);
#3467 = B_SPLINE_CURVE_WITH_KNOTS('',7,(#3468,#3469,#3470,#3471,#3472,
    #3473,#3474,#3475),.UNSPECIFIED.,.F.,.F.,(8,8),(0.,1.),
  .PIECEWISE_BEZIER_KNOTS.);
#3468 = CARTESIAN_POINT('',(0.,38.876428001036));
#3469 = CARTESIAN_POINT('',(4.411186833931E-06,38.776033759532));
#3470 = CARTESIAN_POINT('',(8.357049671881E-06,38.675601202262));
#3471 = CARTESIAN_POINT('',(1.091287599892E-05,38.575199679747));
#3472 = CARTESIAN_POINT('',(1.133151204924E-05,38.474809287751));
#3473 = CARTESIAN_POINT('',(9.921241040963E-06,38.374408425057));
#3474 = CARTESIAN_POINT('',(7.666364181163E-06,38.273978223921));
#3475 = CARTESIAN_POINT('',(5.424212861179E-06,38.173588444792));
#3476 = ( GEOMETRIC_REPRESENTATION_CONTEXT(2) 
PARAMETRIC_REPRESENTATION_CONTEXT() REPRESENTATION_CONTEXT('2D SPACE',''
  ) );
#3477 = PCURVE('',#1007,#3478);
#3478 = DEFINITIONAL_REPRESENTATION('',(#3479),#3486);
#3479 = B_SPLINE_CURVE_WITH_KNOTS('',5,(#3480,#3481,#3482,#3483,#3484,
    #3485),.UNSPECIFIED.,.F.,.F.,(6,6),(0.,1.),
  .PIECEWISE_BEZIER_KNOTS.);
#3480 = CARTESIAN_POINT('',(0.893913306759,38.876428001036));
#3481 = CARTESIAN_POINT('',(0.893910972518,38.735875868792));
#3482 = CARTESIAN_POINT('',(0.89390899612,38.59524609246));
#3483 = CARTESIAN_POINT('',(0.893908866576,38.454762907231));
#3484 = CARTESIAN_POINT('',(0.89391007555,38.31413448593));
#3485 = CARTESIAN_POINT('',(0.893911270224,38.173588502967));
#3486 = ( GEOMETRIC_REPRESENTATION_CONTEXT(2) 
PARAMETRIC_REPRESENTATION_CONTEXT() REPRESENTATION_CONTEXT('2D SPACE',''
  ) );
#3487 = ORIENTED_EDGE('',*,*,#3488,.T.);
#3488 = EDGE_CURVE('',#3453,#3489,#3491,.T.);
#3489 = VERTEX_POINT('',#3490);
#3490 = CARTESIAN_POINT('',(1.681553204739,-2.484427261892,
    5.844699255422));
#3491 = SURFACE_CURVE('',#3492,(#3502,#3515),.PCURVE_S1.);
#3492 = B_SPLINE_CURVE_WITH_KNOTS('',8,(#3493,#3494,#3495,#3496,#3497,
    #3498,#3499,#3500,#3501),.UNSPECIFIED.,.F.,.F.,(9,9),(0.,1.),
  .PIECEWISE_BEZIER_KNOTS.);
#3493 = CARTESIAN_POINT('',(3.,2.22044604925E-15,6.000002820824));
#3494 = CARTESIAN_POINT('',(3.,-0.365754584523,5.980597577773));
#3495 = CARTESIAN_POINT('',(2.949037328519,-0.731962238126,
    5.961168470992));
#3496 = CARTESIAN_POINT('',(2.846893237692,-1.089612991956,
    5.941754334376));
#3497 = CARTESIAN_POINT('',(2.695517240031,-1.430466748311,5.92235054955
    ));
#3498 = CARTESIAN_POINT('',(2.4980908158,-1.746883037334,5.902947677082)
  );
#3499 = CARTESIAN_POINT('',(2.25915836547,-2.031946741731,5.883534642881
    ));
#3500 = CARTESIAN_POINT('',(1.984443091925,-2.27942006838,5.864105145397
    ));
#3501 = CARTESIAN_POINT('',(1.681553204659,-2.484427261946,
    5.844699255417));
#3502 = PCURVE('',#690,#3503);
#3503 = DEFINITIONAL_REPRESENTATION('',(#3504),#3514);
#3504 = B_SPLINE_CURVE_WITH_KNOTS('',8,(#3505,#3506,#3507,#3508,#3509,
    #3510,#3511,#3512,#3513),.UNSPECIFIED.,.F.,.F.,(9,9),(0.,1.),
  .PIECEWISE_BEZIER_KNOTS.);
#3505 = CARTESIAN_POINT('',(5.423668473449E-06,38.173588428464));
#3506 = CARTESIAN_POINT('',(2.662889650761E-06,38.050136971537));
#3507 = CARTESIAN_POINT('',(-9.740315781935E-08,37.926533657541));
#3508 = CARTESIAN_POINT('',(-1.383459016297E-06,37.803020302345));
#3509 = CARTESIAN_POINT('',(-3.192577585007E-08,37.67956338192));
#3510 = CARTESIAN_POINT('',(3.523551251788E-06,37.556104399807));
#3511 = CARTESIAN_POINT('',(5.317069655449E-06,37.432587056264));
#3512 = CARTESIAN_POINT('',(3.79403936934E-06,37.308976834259));
#3513 = CARTESIAN_POINT('',(0.,37.185524960245));
#3514 = ( GEOMETRIC_REPRESENTATION_CONTEXT(2) 
PARAMETRIC_REPRESENTATION_CONTEXT() REPRESENTATION_CONTEXT('2D SPACE',''
  ) );
#3515 = PCURVE('',#1007,#3516);
#3516 = DEFINITIONAL_REPRESENTATION('',(#3517),#3526);
#3517 = B_SPLINE_CURVE_WITH_KNOTS('',7,(#3518,#3519,#3520,#3521,#3522,
    #3523,#3524,#3525),.UNSPECIFIED.,.F.,.F.,(8,8),(0.,1.),
  .PIECEWISE_BEZIER_KNOTS.);
#3518 = CARTESIAN_POINT('',(0.893911270224,38.173588502967));
#3519 = CARTESIAN_POINT('',(0.893912445385,38.032501024209));
#3520 = CARTESIAN_POINT('',(0.893913633632,37.89121128968));
#3521 = CARTESIAN_POINT('',(0.893914034886,37.750105745392));
#3522 = CARTESIAN_POINT('',(0.893912449868,37.609020608128));
#3523 = CARTESIAN_POINT('',(0.893911249446,37.467911588901));
#3524 = CARTESIAN_POINT('',(0.893911647198,37.326612955047));
#3525 = CARTESIAN_POINT('',(0.893913306759,37.185524960245));
#3526 = ( GEOMETRIC_REPRESENTATION_CONTEXT(2) 
PARAMETRIC_REPRESENTATION_CONTEXT() REPRESENTATION_CONTEXT('2D SPACE',''
  ) );
#3527 = ORIENTED_EDGE('',*,*,#3528,.F.);
#3528 = EDGE_CURVE('',#3529,#3489,#3531,.T.);
#3529 = VERTEX_POINT('',#3530);
#3530 = CARTESIAN_POINT('',(-0.381378102508,-2.975659715586,
    5.729712450579));
#3531 = SURFACE_CURVE('',#3532,(#3615,#3621),.PCURVE_S1.);
#3532 = B_SPLINE_CURVE_WITH_KNOTS('',11,(#3533,#3534,#3535,#3536,#3537,
    #3538,#3539,#3540,#3541,#3542,#3543,#3544,#3545,#3546,#3547,#3548,
    #3549,#3550,#3551,#3552,#3553,#3554,#3555,#3556,#3557,#3558,#3559,
    #3560,#3561,#3562,#3563,#3564,#3565,#3566,#3567,#3568,#3569,#3570,
    #3571,#3572,#3573,#3574,#3575,#3576,#3577,#3578,#3579,#3580,#3581,
    #3582,#3583,#3584,#3585,#3586,#3587,#3588,#3589,#3590,#3591,#3592,
    #3593,#3594,#3595,#3596,#3597,#3598,#3599,#3600,#3601,#3602,#3603,
    #3604,#3605,#3606,#3607,#3608,#3609,#3610,#3611,#3612,#3613,#3614),
  .UNSPECIFIED.,.F.,.F.,(12,10,10,10,10,10,10,10,12),(0.,7.157548273013,
    14.315096546026,21.47264481904,28.630193092053,35.787741365066,
    42.945289638079,50.102837911093,57.260386184106),.UNSPECIFIED.);
#3533 = CARTESIAN_POINT('',(3.,1.7763568394E-15,1.110223024625E-16));
#3534 = CARTESIAN_POINT('',(2.999999999089,1.927802653744,0.102275401456
    ));
#3535 = CARTESIAN_POINT('',(1.638219055601,3.855736046103,0.204534775851
    ));
#3536 = CARTESIAN_POINT('',(-1.094082506115,4.712305552911,
    0.306846846742));
#3537 = CARTESIAN_POINT('',(-4.209046435047,3.431769230897,
    0.409039241188));
#3538 = CARTESIAN_POINT('',(-5.950414223605,-0.106468541385,
    0.511432930584));
#3539 = CARTESIAN_POINT('',(-4.282862853361,-4.13229357639,
    0.613567611498));
#3540 = CARTESIAN_POINT('',(-0.549618077769,-5.402872561423,
    0.715960631534));
#3541 = CARTESIAN_POINT('',(2.558470067507,-4.105736405489,
    0.818154100343));
#3542 = CARTESIAN_POINT('',(3.884812862021,-1.568021314993,
    0.920465061281));
#3543 = CARTESIAN_POINT('',(3.484482698465,0.758157975187,1.022725301269
    ));
#3544 = CARTESIAN_POINT('',(0.758158001102,3.484482692141,1.227275048476
    ));
#3545 = CARTESIAN_POINT('',(-1.568021281018,3.884812875576,
    1.329535348022));
#3546 = CARTESIAN_POINT('',(-4.105736397877,2.558470095379,
    1.431846084111));
#3547 = CARTESIAN_POINT('',(-5.402872541115,-0.549618029719,
    1.534040086233));
#3548 = CARTESIAN_POINT('',(-4.132293648538,-4.282862831855,
    1.636432150573));
#3549 = CARTESIAN_POINT('',(-0.106468535584,-5.950414209927,
    1.738568207333));
#3550 = CARTESIAN_POINT('',(3.431769143053,-4.209046474994,
    1.840960261593));
#3551 = CARTESIAN_POINT('',(4.712305594672,-1.094082530047,
    1.943154279894));
#3552 = CARTESIAN_POINT('',(3.855736021046,1.638219017008,2.045464999268
    ));
#3553 = CARTESIAN_POINT('',(1.927802699922,2.999999989879,2.147725311849
    ));
#3554 = CARTESIAN_POINT('',(-1.927802676939,3.00000000463,2.35227504316)
  );
#3555 = CARTESIAN_POINT('',(-3.85573600851,1.638219046623,2.454535356641
    ));
#3556 = CARTESIAN_POINT('',(-4.712305603011,-1.094082494157,
    2.556846072619));
#3557 = CARTESIAN_POINT('',(-3.431769175388,-4.209046448286,
    2.659040098971));
#3558 = CARTESIAN_POINT('',(0.10646849015,-5.950414211398,2.761432138811
    ));
#3559 = CARTESIAN_POINT('',(4.13229361553,-4.282862862677,2.863568216321
    ));
#3560 = CARTESIAN_POINT('',(5.402872537118,-0.54961807199,2.965960256009
    ));
#3561 = CARTESIAN_POINT('',(4.105736417289,2.558470064704,3.068154282606
    ));
#3562 = CARTESIAN_POINT('',(1.568021310917,3.884812862989,3.17046499833)
  );
#3563 = CARTESIAN_POINT('',(-0.758157974492,3.4844826983,3.272725312009)
  );
#3564 = CARTESIAN_POINT('',(-3.48448269249,0.758158001184,3.47727504308)
  );
#3565 = CARTESIAN_POINT('',(-3.884812875009,-1.56802128115,
    3.579535356771));
#3566 = CARTESIAN_POINT('',(-2.558470096135,-4.105736397705,
    3.681846072448));
#3567 = CARTESIAN_POINT('',(0.549618030559,-5.402872541296,
    3.784040099159));
#3568 = CARTESIAN_POINT('',(4.282862831078,-4.132293648382,
    3.886432138637));
#3569 = CARTESIAN_POINT('',(5.950414210523,-0.106468535694,
    3.988568216456));
#3570 = CARTESIAN_POINT('',(4.209046474624,3.431769143116,4.090960255924
    ));
#3571 = CARTESIAN_POINT('',(1.094082530227,4.712305594643,4.193154282648
    ));
#3572 = CARTESIAN_POINT('',(-1.63821901707,3.855736021056,4.295464998315
    ));
#3573 = CARTESIAN_POINT('',(-2.999999989868,1.927802699921,
    4.397725312011));
#3574 = CARTESIAN_POINT('',(-3.000000004636,-1.927802676939,
    4.60227504308));
#3575 = CARTESIAN_POINT('',(-1.638219046609,-3.855736008506,
    4.704535356768));
#3576 = CARTESIAN_POINT('',(1.094082494129,-4.712305603021,
    4.806846072455));
#3577 = CARTESIAN_POINT('',(4.209046448334,-3.431769175373,
    4.909040099147));
#3578 = CARTESIAN_POINT('',(5.950414211334,0.106468490135,5.011432138654
    ));
#3579 = CARTESIAN_POINT('',(4.282862862742,4.132293615538,5.113568216436
    ));
#3580 = CARTESIAN_POINT('',(0.54961807194,5.402872537117,5.215960255942)
  );
#3581 = CARTESIAN_POINT('',(-2.558470064676,4.105736417286,
    5.318154282635));
#3582 = CARTESIAN_POINT('',(-3.884812863,1.568021310919,5.420464998323)
  );
#3583 = CARTESIAN_POINT('',(-3.484482698298,-0.758157974492,
    5.522725312008));
#3584 = CARTESIAN_POINT('',(-0.758158001185,-3.48448269249,
    5.727275043084));
#3585 = CARTESIAN_POINT('',(1.568021281153,-3.88481287501,5.829535356746
    ));
#3586 = CARTESIAN_POINT('',(4.1057363977,-2.558470096136,5.931846072512)
  );
#3587 = CARTESIAN_POINT('',(5.402872541305,0.549618030562,6.034040099037
    ));
#3588 = CARTESIAN_POINT('',(4.13229364837,4.282862831071,6.136432138822)
  );
#3589 = CARTESIAN_POINT('',(0.106468535707,5.950414210535,6.238568216224
    ));
#3590 = CARTESIAN_POINT('',(-3.431769143126,4.209046474608,
    6.340960256166));
#3591 = CARTESIAN_POINT('',(-4.712305594637,1.094082530241,
    6.443154282438));
#3592 = CARTESIAN_POINT('',(-3.855736021058,-1.63821901708,
    6.545464998466));
#3593 = CARTESIAN_POINT('',(-1.927802699921,-2.999999989862,
    6.647725311924));
#3594 = CARTESIAN_POINT('',(1.92780267694,-3.000000004647,6.852275043246
    ));
#3595 = CARTESIAN_POINT('',(3.855736008495,-1.638219046549,
    6.954535355809));
#3596 = CARTESIAN_POINT('',(4.712305603058,1.094082493957,7.056846075216
    ));
#3597 = CARTESIAN_POINT('',(3.431769175292,4.209046448686,7.159040093475
    ));
#3598 = CARTESIAN_POINT('',(-0.106468489999,5.950414210767,
    7.261432147777));
#3599 = CARTESIAN_POINT('',(-4.132293615722,4.28286286349,7.3635682045)
  );
#3600 = CARTESIAN_POINT('',(-5.402872536915,0.549618071123,
    7.465960268871));
#3601 = CARTESIAN_POINT('',(-4.105736417468,-2.558470063932,
    7.568154270969));
#3602 = CARTESIAN_POINT('',(-1.568021310783,-3.884812863562,
    7.670465007072));
#3603 = CARTESIAN_POINT('',(0.758157974409,-3.484482697949,
    7.772725306614));
#3604 = CARTESIAN_POINT('',(3.484482692656,-0.75815800188,7.97727505382)
  );
#3605 = CARTESIAN_POINT('',(3.884812874038,1.568021285228,8.079535293816
    ));
#3606 = CARTESIAN_POINT('',(2.558470098947,4.105736385901,8.181846254728
    ));
#3607 = CARTESIAN_POINT('',(-0.549618036352,5.402872565613,
    8.284039723588));
#3608 = CARTESIAN_POINT('',(-4.282862821744,4.132293609222,8.38643274355
    ));
#3609 = CARTESIAN_POINT('',(-5.950414222748,0.106468586954,8.48856742455
    ));
#3610 = CARTESIAN_POINT('',(-4.209046461368,-3.431769198647,
    8.590961113862));
#3611 = CARTESIAN_POINT('',(-1.094082542199,-4.712305544529,
    8.693153508376));
#3612 = CARTESIAN_POINT('',(1.638219026058,-3.855736058654,
    8.795465579221));
#3613 = CARTESIAN_POINT('',(2.999999984321,-1.927802676726,
    8.897724953643));
#3614 = CARTESIAN_POINT('',(3.,-2.298227312365E-08,9.000000355087));
#3615 = PCURVE('',#690,#3616);
#3616 = DEFINITIONAL_REPRESENTATION('',(#3617),#3620);
#3617 = B_SPLINE_CURVE_WITH_KNOTS('',1,(#3618,#3619),.UNSPECIFIED.,.F.,
  .F.,(2,2),(0.,57.260386184106),.PIECEWISE_BEZIER_KNOTS.);
#3618 = CARTESIAN_POINT('',(0.,0.));
#3619 = CARTESIAN_POINT('',(0.,57.260386184106));
#3620 = ( GEOMETRIC_REPRESENTATION_CONTEXT(2) 
PARAMETRIC_REPRESENTATION_CONTEXT() REPRESENTATION_CONTEXT('2D SPACE',''
  ) );
#3621 = PCURVE('',#1007,#3622);
#3622 = DEFINITIONAL_REPRESENTATION('',(#3623),#3627);
#3623 = LINE('',#3624,#3625);
#3624 = CARTESIAN_POINT('',(0.893913306759,0.));
#3625 = VECTOR('',#3626,1.);
#3626 = DIRECTION('',(0.,1.));
#3627 = ( GEOMETRIC_REPRESENTATION_CONTEXT(2) 
PARAMETRIC_REPRESENTATION_CONTEXT() REPRESENTATION_CONTEXT('2D SPACE',''
  ) );
#3628 = ORIENTED_EDGE('',*,*,#3629,.T.);
#3629 = EDGE_CURVE('',#3529,#3630,#3632,.T.);
#3630 = VERTEX_POINT('',#3631);
#3631 = CARTESIAN_POINT('',(-2.117787360404,-2.124847452433,
    5.625265029263));
#3632 = SURFACE_CURVE('',#3633,(#3641,#3652),.PCURVE_S1.);
#3633 = B_SPLINE_CURVE_WITH_KNOTS('',6,(#3634,#3635,#3636,#3637,#3638,
    #3639,#3640),.UNSPECIFIED.,.F.,.F.,(7,7),(0.,1.),
  .PIECEWISE_BEZIER_KNOTS.);
#3634 = CARTESIAN_POINT('',(-0.381377905861,-2.975659740784,
    5.729712461096));
#3635 = CARTESIAN_POINT('',(-0.706817754665,-2.933949471858,
    5.712312365938));
#3636 = CARTESIAN_POINT('',(-1.026903281729,-2.84951230152,
    5.694907665018));
#3637 = CARTESIAN_POINT('',(-1.33434516342,-2.723227691267,
    5.677509058824));
#3638 = CARTESIAN_POINT('',(-1.622537208492,-2.557659068739,
    5.660102699836));
#3639 = CARTESIAN_POINT('',(-1.885404628856,-2.356458061563,
    5.642671452361));
#3640 = CARTESIAN_POINT('',(-2.117787362816,-2.124847450029,
    5.625265029083));
#3641 = PCURVE('',#690,#3642);
#3642 = DEFINITIONAL_REPRESENTATION('',(#3643),#3651);
#3643 = B_SPLINE_CURVE_WITH_KNOTS('',6,(#3644,#3645,#3646,#3647,#3648,
    #3649,#3650),.UNSPECIFIED.,.F.,.F.,(7,7),(0.,1.),
  .PIECEWISE_BEZIER_KNOTS.);
#3644 = CARTESIAN_POINT('',(0.,36.453948974985));
#3645 = CARTESIAN_POINT('',(1.078513305686E-05,36.343206417039));
#3646 = CARTESIAN_POINT('',(2.460840849855E-05,36.232423537248));
#3647 = CARTESIAN_POINT('',(3.622498619434E-05,36.121687002851));
#3648 = CARTESIAN_POINT('',(3.485038166924E-05,36.010947201344));
#3649 = CARTESIAN_POINT('',(4.343489287323E-07,35.900166841615));
#3650 = CARTESIAN_POINT('',(0.,35.789426385814));
#3651 = ( GEOMETRIC_REPRESENTATION_CONTEXT(2) 
PARAMETRIC_REPRESENTATION_CONTEXT() REPRESENTATION_CONTEXT('2D SPACE',''
  ) );
#3652 = PCURVE('',#1007,#3653);
#3653 = DEFINITIONAL_REPRESENTATION('',(#3654),#3661);
#3654 = B_SPLINE_CURVE_WITH_KNOTS('',5,(#3655,#3656,#3657,#3658,#3659,
    #3660),.UNSPECIFIED.,.F.,.F.,(6,6),(0.,1.),
  .PIECEWISE_BEZIER_KNOTS.);
#3655 = CARTESIAN_POINT('',(0.893913306759,36.453948974985));
#3656 = CARTESIAN_POINT('',(0.89390823852,36.321057665556));
#3657 = CARTESIAN_POINT('',(0.893902869524,36.188108328883));
#3658 = CARTESIAN_POINT('',(0.893894813143,36.0552646952));
#3659 = CARTESIAN_POINT('',(0.89391288075,35.922314949467));
#3660 = CARTESIAN_POINT('',(0.893913306759,35.789426385814));
#3661 = ( GEOMETRIC_REPRESENTATION_CONTEXT(2) 
PARAMETRIC_REPRESENTATION_CONTEXT() REPRESENTATION_CONTEXT('2D SPACE',''
  ) );
#3662 = ORIENTED_EDGE('',*,*,#3663,.F.);
#3663 = EDGE_CURVE('',#3664,#3630,#3666,.T.);
#3664 = VERTEX_POINT('',#3665);
#3665 = CARTESIAN_POINT('',(-2.124844128972,-2.117790694932,
    5.624735576815));
#3666 = SURFACE_CURVE('',#3667,(#3750,#3756),.PCURVE_S1.);
#3667 = B_SPLINE_CURVE_WITH_KNOTS('',11,(#3668,#3669,#3670,#3671,#3672,
    #3673,#3674,#3675,#3676,#3677,#3678,#3679,#3680,#3681,#3682,#3683,
    #3684,#3685,#3686,#3687,#3688,#3689,#3690,#3691,#3692,#3693,#3694,
    #3695,#3696,#3697,#3698,#3699,#3700,#3701,#3702,#3703,#3704,#3705,
    #3706,#3707,#3708,#3709,#3710,#3711,#3712,#3713,#3714,#3715,#3716,
    #3717,#3718,#3719,#3720,#3721,#3722,#3723,#3724,#3725,#3726,#3727,
    #3728,#3729,#3730,#3731,#3732,#3733,#3734,#3735,#3736,#3737,#3738,
    #3739,#3740,#3741,#3742,#3743,#3744,#3745,#3746,#3747,#3748,#3749),
  .UNSPECIFIED.,.F.,.F.,(12,10,10,10,10,10,10,10,12),(0.,7.157548273013,
    14.315096546026,21.47264481904,28.630193092053,35.787741365066,
    42.945289638079,50.102837911093,57.260386184106),.UNSPECIFIED.);
#3668 = CARTESIAN_POINT('',(3.,1.7763568394E-15,1.110223024625E-16));
#3669 = CARTESIAN_POINT('',(2.999999999089,1.927802653744,0.102275401456
    ));
#3670 = CARTESIAN_POINT('',(1.638219055601,3.855736046103,0.204534775851
    ));
#3671 = CARTESIAN_POINT('',(-1.094082506115,4.712305552911,
    0.306846846742));
#3672 = CARTESIAN_POINT('',(-4.209046435047,3.431769230897,
    0.409039241188));
#3673 = CARTESIAN_POINT('',(-5.950414223605,-0.106468541385,
    0.511432930584));
#3674 = CARTESIAN_POINT('',(-4.282862853361,-4.13229357639,
    0.613567611498));
#3675 = CARTESIAN_POINT('',(-0.549618077769,-5.402872561423,
    0.715960631534));
#3676 = CARTESIAN_POINT('',(2.558470067507,-4.105736405489,
    0.818154100343));
#3677 = CARTESIAN_POINT('',(3.884812862021,-1.568021314993,
    0.920465061281));
#3678 = CARTESIAN_POINT('',(3.484482698465,0.758157975187,1.022725301269
    ));
#3679 = CARTESIAN_POINT('',(0.758158001102,3.484482692141,1.227275048476
    ));
#3680 = CARTESIAN_POINT('',(-1.568021281018,3.884812875576,
    1.329535348022));
#3681 = CARTESIAN_POINT('',(-4.105736397877,2.558470095379,
    1.431846084111));
#3682 = CARTESIAN_POINT('',(-5.402872541115,-0.549618029719,
    1.534040086233));
#3683 = CARTESIAN_POINT('',(-4.132293648538,-4.282862831855,
    1.636432150573));
#3684 = CARTESIAN_POINT('',(-0.106468535584,-5.950414209927,
    1.738568207333));
#3685 = CARTESIAN_POINT('',(3.431769143053,-4.209046474994,
    1.840960261593));
#3686 = CARTESIAN_POINT('',(4.712305594672,-1.094082530047,
    1.943154279894));
#3687 = CARTESIAN_POINT('',(3.855736021046,1.638219017008,2.045464999268
    ));
#3688 = CARTESIAN_POINT('',(1.927802699922,2.999999989879,2.147725311849
    ));
#3689 = CARTESIAN_POINT('',(-1.927802676939,3.00000000463,2.35227504316)
  );
#3690 = CARTESIAN_POINT('',(-3.85573600851,1.638219046623,2.454535356641
    ));
#3691 = CARTESIAN_POINT('',(-4.712305603011,-1.094082494157,
    2.556846072619));
#3692 = CARTESIAN_POINT('',(-3.431769175388,-4.209046448286,
    2.659040098971));
#3693 = CARTESIAN_POINT('',(0.10646849015,-5.950414211398,2.761432138811
    ));
#3694 = CARTESIAN_POINT('',(4.13229361553,-4.282862862677,2.863568216321
    ));
#3695 = CARTESIAN_POINT('',(5.402872537118,-0.54961807199,2.965960256009
    ));
#3696 = CARTESIAN_POINT('',(4.105736417289,2.558470064704,3.068154282606
    ));
#3697 = CARTESIAN_POINT('',(1.568021310917,3.884812862989,3.17046499833)
  );
#3698 = CARTESIAN_POINT('',(-0.758157974492,3.4844826983,3.272725312009)
  );
#3699 = CARTESIAN_POINT('',(-3.48448269249,0.758158001184,3.47727504308)
  );
#3700 = CARTESIAN_POINT('',(-3.884812875009,-1.56802128115,
    3.579535356771));
#3701 = CARTESIAN_POINT('',(-2.558470096135,-4.105736397705,
    3.681846072448));
#3702 = CARTESIAN_POINT('',(0.549618030559,-5.402872541296,
    3.784040099159));
#3703 = CARTESIAN_POINT('',(4.282862831078,-4.132293648382,
    3.886432138637));
#3704 = CARTESIAN_POINT('',(5.950414210523,-0.106468535694,
    3.988568216456));
#3705 = CARTESIAN_POINT('',(4.209046474624,3.431769143116,4.090960255924
    ));
#3706 = CARTESIAN_POINT('',(1.094082530227,4.712305594643,4.193154282648
    ));
#3707 = CARTESIAN_POINT('',(-1.63821901707,3.855736021056,4.295464998315
    ));
#3708 = CARTESIAN_POINT('',(-2.999999989868,1.927802699921,
    4.397725312011));
#3709 = CARTESIAN_POINT('',(-3.000000004636,-1.927802676939,
    4.60227504308));
#3710 = CARTESIAN_POINT('',(-1.638219046609,-3.855736008506,
    4.704535356768));
#3711 = CARTESIAN_POINT('',(1.094082494129,-4.712305603021,
    4.806846072455));
#3712 = CARTESIAN_POINT('',(4.209046448334,-3.431769175373,
    4.909040099147));
#3713 = CARTESIAN_POINT('',(5.950414211334,0.106468490135,5.011432138654
    ));
#3714 = CARTESIAN_POINT('',(4.282862862742,4.132293615538,5.113568216436
    ));
#3715 = CARTESIAN_POINT('',(0.54961807194,5.402872537117,5.215960255942)
  );
#3716 = CARTESIAN_POINT('',(-2.558470064676,4.105736417286,
    5.318154282635));
#3717 = CARTESIAN_POINT('',(-3.884812863,1.568021310919,5.420464998323)
  );
#3718 = CARTESIAN_POINT('',(-3.484482698298,-0.758157974492,
    5.522725312008));
#3719 = CARTESIAN_POINT('',(-0.758158001185,-3.48448269249,
    5.727275043084));
#3720 = CARTESIAN_POINT('',(1.568021281153,-3.88481287501,5.829535356746
    ));
#3721 = CARTESIAN_POINT('',(4.1057363977,-2.558470096136,5.931846072512)
  );
#3722 = CARTESIAN_POINT('',(5.402872541305,0.549618030562,6.034040099037
    ));
#3723 = CARTESIAN_POINT('',(4.13229364837,4.282862831071,6.136432138822)
  );
#3724 = CARTESIAN_POINT('',(0.106468535707,5.950414210535,6.238568216224
    ));
#3725 = CARTESIAN_POINT('',(-3.431769143126,4.209046474608,
    6.340960256166));
#3726 = CARTESIAN_POINT('',(-4.712305594637,1.094082530241,
    6.443154282438));
#3727 = CARTESIAN_POINT('',(-3.855736021058,-1.63821901708,
    6.545464998466));
#3728 = CARTESIAN_POINT('',(-1.927802699921,-2.999999989862,
    6.647725311924));
#3729 = CARTESIAN_POINT('',(1.92780267694,-3.000000004647,6.852275043246
    ));
#3730 = CARTESIAN_POINT('',(3.855736008495,-1.638219046549,
    6.954535355809));
#3731 = CARTESIAN_POINT('',(4.712305603058,1.094082493957,7.056846075216
    ));
#3732 = CARTESIAN_POINT('',(3.431769175292,4.209046448686,7.159040093475
    ));
#3733 = CARTESIAN_POINT('',(-0.106468489999,5.950414210767,
    7.261432147777));
#3734 = CARTESIAN_POINT('',(-4.132293615722,4.28286286349,7.3635682045)
  );
#3735 = CARTESIAN_POINT('',(-5.402872536915,0.549618071123,
    7.465960268871));
#3736 = CARTESIAN_POINT('',(-4.105736417468,-2.558470063932,
    7.568154270969));
#3737 = CARTESIAN_POINT('',(-1.568021310783,-3.884812863562,
    7.670465007072));
#3738 = CARTESIAN_POINT('',(0.758157974409,-3.484482697949,
    7.772725306614));
#3739 = CARTESIAN_POINT('',(3.484482692656,-0.75815800188,7.97727505382)
  );
#3740 = CARTESIAN_POINT('',(3.884812874038,1.568021285228,8.079535293816
    ));
#3741 = CARTESIAN_POINT('',(2.558470098947,4.105736385901,8.181846254728
    ));
#3742 = CARTESIAN_POINT('',(-0.549618036352,5.402872565613,
    8.284039723588));
#3743 = CARTESIAN_POINT('',(-4.282862821744,4.132293609222,8.38643274355
    ));
#3744 = CARTESIAN_POINT('',(-5.950414222748,0.106468586954,8.48856742455
    ));
#3745 = CARTESIAN_POINT('',(-4.209046461368,-3.431769198647,
    8.590961113862));
#3746 = CARTESIAN_POINT('',(-1.094082542199,-4.712305544529,
    8.693153508376));
#3747 = CARTESIAN_POINT('',(1.638219026058,-3.855736058654,
    8.795465579221));
#3748 = CARTESIAN_POINT('',(2.999999984321,-1.927802676726,
    8.897724953643));
#3749 = CARTESIAN_POINT('',(3.,-2.298227312365E-08,9.000000355087));
#3750 = PCURVE('',#690,#3751);
#3751 = DEFINITIONAL_REPRESENTATION('',(#3752),#3755);
#3752 = B_SPLINE_CURVE_WITH_KNOTS('',1,(#3753,#3754),.UNSPECIFIED.,.F.,
  .F.,(2,2),(0.,57.260386184106),.PIECEWISE_BEZIER_KNOTS.);
#3753 = CARTESIAN_POINT('',(0.,0.));
#3754 = CARTESIAN_POINT('',(0.,57.260386184106));
#3755 = ( GEOMETRIC_REPRESENTATION_CONTEXT(2) 
PARAMETRIC_REPRESENTATION_CONTEXT() REPRESENTATION_CONTEXT('2D SPACE',''
  ) );
#3756 = PCURVE('',#1007,#3757);
#3757 = DEFINITIONAL_REPRESENTATION('',(#3758),#3762);
#3758 = LINE('',#3759,#3760);
#3759 = CARTESIAN_POINT('',(0.893913306759,0.));
#3760 = VECTOR('',#3761,1.);
#3761 = DIRECTION('',(0.,1.));
#3762 = ( GEOMETRIC_REPRESENTATION_CONTEXT(2) 
PARAMETRIC_REPRESENTATION_CONTEXT() REPRESENTATION_CONTEXT('2D SPACE',''
  ) );
#3763 = ORIENTED_EDGE('',*,*,#3764,.F.);
#3764 = EDGE_CURVE('',#3765,#3664,#3767,.T.);
#3765 = VERTEX_POINT('',#3766);
#3766 = CARTESIAN_POINT('',(-2.97565975125,-0.381377824186,
    5.520287890844));
#3767 = SURFACE_CURVE('',#3768,(#3777,#3789),.PCURVE_S1.);
#3768 = B_SPLINE_CURVE_WITH_KNOTS('',7,(#3769,#3770,#3771,#3772,#3773,
    #3774,#3775,#3776),.UNSPECIFIED.,.F.,.F.,(8,8),(0.,1.),
  .PIECEWISE_BEZIER_KNOTS.);
#3769 = CARTESIAN_POINT('',(-2.975659743248,-0.381377886633,
    5.520287894184));
#3770 = CARTESIAN_POINT('',(-2.938347922548,-0.672499335188,
    5.535863901004));
#3771 = CARTESIAN_POINT('',(-2.868190091017,-0.95638667169,
    5.551282165103));
#3772 = CARTESIAN_POINT('',(-2.766837293752,-1.229783212503,
    5.566600953514));
#3773 = CARTESIAN_POINT('',(-2.636108882283,-1.488291747312,
    5.581797401937));
#3774 = CARTESIAN_POINT('',(-2.47946251743,-1.726816356034,
    5.596780127578));
#3775 = CARTESIAN_POINT('',(-2.303038158834,-1.940212174329,
    5.611388981955));
#3776 = CARTESIAN_POINT('',(-2.117787362816,-2.124847450029,
    5.625265029083));
#3777 = PCURVE('',#690,#3778);
#3778 = DEFINITIONAL_REPRESENTATION('',(#3779),#3788);
#3779 = B_SPLINE_CURVE_WITH_KNOTS('',7,(#3780,#3781,#3782,#3783,#3784,
    #3785,#3786,#3787),.UNSPECIFIED.,.F.,.F.,(8,8),(0.,1.),
  .PIECEWISE_BEZIER_KNOTS.);
#3780 = CARTESIAN_POINT('',(0.,35.121533756361));
#3781 = CARTESIAN_POINT('',(9.647814525139E-06,35.220598250085));
#3782 = CARTESIAN_POINT('',(2.16675295133E-05,35.318650822826));
#3783 = CARTESIAN_POINT('',(3.184160648218E-05,35.4160774883));
#3784 = CARTESIAN_POINT('',(3.677373035565E-05,35.512744083347));
#3785 = CARTESIAN_POINT('',(2.118714374426E-05,35.60812467099));
#3786 = CARTESIAN_POINT('',(-3.46254144729E-07,35.701146343493));
#3787 = CARTESIAN_POINT('',(0.,35.789426385814));
#3788 = ( GEOMETRIC_REPRESENTATION_CONTEXT(2) 
PARAMETRIC_REPRESENTATION_CONTEXT() REPRESENTATION_CONTEXT('2D SPACE',''
  ) );
#3789 = PCURVE('',#1007,#3790);
#3790 = DEFINITIONAL_REPRESENTATION('',(#3791),#3799);
#3791 = B_SPLINE_CURVE_WITH_KNOTS('',6,(#3792,#3793,#3794,#3795,#3796,
    #3797,#3798),.UNSPECIFIED.,.F.,.F.,(7,7),(0.,0.994553849209),
  .PIECEWISE_BEZIER_KNOTS.);
#3792 = CARTESIAN_POINT('',(0.893913306758,35.121533756361));
#3793 = CARTESIAN_POINT('',(0.893909323148,35.236480056305));
#3794 = CARTESIAN_POINT('',(0.893903240234,35.350022049322));
#3795 = CARTESIAN_POINT('',(0.893899761031,35.462839864085));
#3796 = CARTESIAN_POINT('',(0.893900848268,35.574362231433));
#3797 = CARTESIAN_POINT('',(0.893913524788,35.683446428704));
#3798 = CARTESIAN_POINT('',(0.893913306759,35.786057939977));
#3799 = ( GEOMETRIC_REPRESENTATION_CONTEXT(2) 
PARAMETRIC_REPRESENTATION_CONTEXT() REPRESENTATION_CONTEXT('2D SPACE',''
  ) );
#3800 = ORIENTED_EDGE('',*,*,#3801,.T.);
#3801 = EDGE_CURVE('',#3765,#3802,#3804,.T.);
#3802 = VERTEX_POINT('',#3803);
#3803 = CARTESIAN_POINT('',(-2.373784000743,-1.834434386342,
    4.604712468375));
#3804 = SURFACE_CURVE('',#3805,(#3818,#3847),.PCURVE_S1.);
#3805 = B_SPLINE_CURVE_WITH_KNOTS('',11,(#3806,#3807,#3808,#3809,#3810,
    #3811,#3812,#3813,#3814,#3815,#3816,#3817),.UNSPECIFIED.,.F.,.F.,(12
    ,12),(34.389961837684,40.215094838097),.PIECEWISE_BEZIER_KNOTS.);
#3806 = CARTESIAN_POINT('',(-2.97565975125,-0.381377824186,
    5.520287890844));
#3807 = CARTESIAN_POINT('',(-3.17507077592,1.174841692529,5.437053889121
    ));
#3808 = CARTESIAN_POINT('',(-2.479273306405,2.845774282993,
    5.353819198231));
#3809 = CARTESIAN_POINT('',(-0.81524521703,4.059011008717,5.270584609512
    ));
#3810 = CARTESIAN_POINT('',(1.479452615886,4.190079542476,5.187355999729
    ));
#3811 = CARTESIAN_POINT('',(3.615267085359,2.901311194932,5.104108787134
    ));
#3812 = CARTESIAN_POINT('',(4.607914651934,0.504844508778,5.020893359075
    ));
#3813 = CARTESIAN_POINT('',(4.008966231586,-1.91670315956,4.937643824982
    ));
#3814 = CARTESIAN_POINT('',(2.293688249323,-3.44661958784,4.854415754346
    ));
#3815 = CARTESIAN_POINT('',(0.259155381822,-3.765377207834,
    4.771181194889));
#3816 = CARTESIAN_POINT('',(-1.414375506632,-3.075852613012,
    4.687946461707));
#3817 = CARTESIAN_POINT('',(-2.373784000743,-1.834434386342,
    4.604712468375));
#3818 = PCURVE('',#690,#3819);
#3819 = DEFINITIONAL_REPRESENTATION('',(#3820),#3846);
#3820 = B_SPLINE_CURVE_WITH_KNOTS('',3,(#3821,#3822,#3823,#3824,#3825,
    #3826,#3827,#3828,#3829,#3830,#3831,#3832,#3833,#3834,#3835,#3836,
    #3837,#3838,#3839,#3840,#3841,#3842,#3843,#3844,#3845),
  .UNSPECIFIED.,.F.,.F.,(4,1,1,1,1,1,1,1,1,1,1,1,1,1,1,1,1,1,1,1,1,1,4),
  (34.389961837684,34.65474061043,34.919519383176,35.184298155922,
    35.449076928668,35.713855701414,35.97863447416,36.243413246906,
    36.508192019652,36.772970792399,37.037749565145,37.302528337891,
    37.567307110637,37.832085883383,38.096864656129,38.361643428875,
    38.626422201621,38.891200974367,39.155979747113,39.420758519859,
    39.685537292605,39.950316065351,40.215094838097),
  .QUASI_UNIFORM_KNOTS.);
#3821 = CARTESIAN_POINT('',(0.,35.121533735111));
#3822 = CARTESIAN_POINT('',(-7.942057381276E-11,35.033274144216));
#3823 = CARTESIAN_POINT('',(3.466028405184E-11,34.856754962359));
#3824 = CARTESIAN_POINT('',(-1.717556168638E-11,34.591976189606));
#3825 = CARTESIAN_POINT('',(-8.680092066201E-10,34.327197416793));
#3826 = CARTESIAN_POINT('',(-4.723770005617E-09,34.062418644944));
#3827 = CARTESIAN_POINT('',(-1.198467056381E-08,33.797639877091));
#3828 = CARTESIAN_POINT('',(-1.688164943072E-08,33.53286111725));
#3829 = CARTESIAN_POINT('',(-6.676424212289E-09,33.268082367351));
#3830 = CARTESIAN_POINT('',(3.234860323902E-08,33.003303624308));
#3831 = CARTESIAN_POINT('',(1.047296649258E-07,32.738524879826));
#3832 = CARTESIAN_POINT('',(1.983590348336E-07,32.473746123797));
#3833 = CARTESIAN_POINT('',(2.860494743165E-07,32.20896734954));
#3834 = CARTESIAN_POINT('',(3.370221877371E-07,31.944188557624));
#3835 = CARTESIAN_POINT('',(3.32434541678E-07,31.679409755674));
#3836 = CARTESIAN_POINT('',(2.755932466394E-07,31.414630954108));
#3837 = CARTESIAN_POINT('',(1.90086371054E-07,31.149852160529));
#3838 = CARTESIAN_POINT('',(1.06590939945E-07,30.885073376522));
#3839 = CARTESIAN_POINT('',(4.680487026756E-08,30.620294598934));
#3840 = CARTESIAN_POINT('',(1.521670530476E-08,30.35551582425));
#3841 = CARTESIAN_POINT('',(3.286903439918E-09,30.090737051897));
#3842 = CARTESIAN_POINT('',(8.359959176499E-10,29.825958283218));
#3843 = CARTESIAN_POINT('',(3.95112815843E-10,29.561179516734));
#3844 = CARTESIAN_POINT('',(4.334156116386E-10,29.384660338229));
#3845 = CARTESIAN_POINT('',(0.,29.296400748281));
#3846 = ( GEOMETRIC_REPRESENTATION_CONTEXT(2) 
PARAMETRIC_REPRESENTATION_CONTEXT() REPRESENTATION_CONTEXT('2D SPACE',''
  ) );
#3847 = PCURVE('',#1007,#3848);
#3848 = DEFINITIONAL_REPRESENTATION('',(#3849),#3875);
#3849 = B_SPLINE_CURVE_WITH_KNOTS('',3,(#3850,#3851,#3852,#3853,#3854,
    #3855,#3856,#3857,#3858,#3859,#3860,#3861,#3862,#3863,#3864,#3865,
    #3866,#3867,#3868,#3869,#3870,#3871,#3872,#3873,#3874),
  .UNSPECIFIED.,.F.,.F.,(4,1,1,1,1,1,1,1,1,1,1,1,1,1,1,1,1,1,1,1,1,1,4),
  (34.389961837684,34.65474061043,34.919519383176,35.184298155922,
    35.449076928668,35.713855701414,35.97863447416,36.243413246906,
    36.508192019652,36.772970792399,37.037749565145,37.302528337891,
    37.567307110637,37.832085883383,38.096864656129,38.361643428875,
    38.626422201621,38.891200974367,39.155979747113,39.420758519859,
    39.685537292605,39.950316065351,40.215094838097),
  .QUASI_UNIFORM_KNOTS.);
#3850 = CARTESIAN_POINT('',(0.893913306759,35.121533735111));
#3851 = CARTESIAN_POINT('',(0.893913306989,35.033274144212));
#3852 = CARTESIAN_POINT('',(0.893913306565,34.856754962361));
#3853 = CARTESIAN_POINT('',(0.893913307143,34.591976189602));
#3854 = CARTESIAN_POINT('',(0.893913308248,34.32719741677));
#3855 = CARTESIAN_POINT('',(0.893913325144,34.062418644708));
#3856 = CARTESIAN_POINT('',(0.893913332064,33.797639876738));
#3857 = CARTESIAN_POINT('',(0.893913334211,33.53286111686));
#3858 = CARTESIAN_POINT('',(0.893913318704,33.268082367326));
#3859 = CARTESIAN_POINT('',(0.893913378584,33.00330362388));
#3860 = CARTESIAN_POINT('',(0.893913372737,32.738524880185));
#3861 = CARTESIAN_POINT('',(0.893913319512,32.473746125793));
#3862 = CARTESIAN_POINT('',(0.893913336826,32.208967352118));
#3863 = CARTESIAN_POINT('',(0.893913320796,31.944188560845));
#3864 = CARTESIAN_POINT('',(0.893913282161,31.679409759242));
#3865 = CARTESIAN_POINT('',(0.893913278566,31.414630957142));
#3866 = CARTESIAN_POINT('',(0.893913286068,31.149852162634));
#3867 = CARTESIAN_POINT('',(0.893913295838,30.885073377696));
#3868 = CARTESIAN_POINT('',(0.893913300489,30.620294599464));
#3869 = CARTESIAN_POINT('',(0.893913302552,30.355515824444));
#3870 = CARTESIAN_POINT('',(0.893913305863,30.090737051939));
#3871 = CARTESIAN_POINT('',(0.893913308514,29.825958283209));
#3872 = CARTESIAN_POINT('',(0.893913306226,29.561179516743));
#3873 = CARTESIAN_POINT('',(0.893913305964,29.384660338241));
#3874 = CARTESIAN_POINT('',(0.893913306759,29.296400748281));
#3875 = ( GEOMETRIC_REPRESENTATION_CONTEXT(2) 
PARAMETRIC_REPRESENTATION_CONTEXT() REPRESENTATION_CONTEXT('2D SPACE',''
  ) );
#3876 = ORIENTED_EDGE('',*,*,#3877,.T.);
#3877 = EDGE_CURVE('',#3802,#3878,#3880,.T.);
#3878 = VERTEX_POINT('',#3879);
#3879 = CARTESIAN_POINT('',(-2.999995846674,-4.991987205988E-03,
    4.500265015907));
#3880 = SURFACE_CURVE('',#3881,(#3889,#3900),.PCURVE_S1.);
#3881 = B_SPLINE_CURVE_WITH_KNOTS('',6,(#3882,#3883,#3884,#3885,#3886,
    #3887,#3888),.UNSPECIFIED.,.F.,.F.,(7,7),(0.,1.),
  .PIECEWISE_BEZIER_KNOTS.);
#3882 = CARTESIAN_POINT('',(-2.373784084733,-1.834434277663,
    4.604712461088));
#3883 = CARTESIAN_POINT('',(-2.574411220358,-1.57481990646,
    4.587312363702));
#3884 = CARTESIAN_POINT('',(-2.741039788375,-1.288779123927,
    4.569907660551));
#3885 = CARTESIAN_POINT('',(-2.86913732998,-0.982088135702,
    4.552509052129));
#3886 = CARTESIAN_POINT('',(-2.955845178759,-0.661230844102,
    4.535102690911));
#3887 = CARTESIAN_POINT('',(-2.999449901203,-0.333084866335,
    4.517671441192));
#3888 = CARTESIAN_POINT('',(-2.999995846681,-4.991983218808E-03,
    4.500265015696));
#3889 = PCURVE('',#690,#3890);
#3890 = DEFINITIONAL_REPRESENTATION('',(#3891),#3899);
#3891 = B_SPLINE_CURVE_WITH_KNOTS('',6,(#3892,#3893,#3894,#3895,#3896,
    #3897,#3898),.UNSPECIFIED.,.F.,.F.,(7,7),(0.,1.),
  .PIECEWISE_BEZIER_KNOTS.);
#3892 = CARTESIAN_POINT('',(0.,29.296400701921));
#3893 = CARTESIAN_POINT('',(1.07851344525E-05,29.185658129799));
#3894 = CARTESIAN_POINT('',(2.460841205819E-05,29.074875235801));
#3895 = CARTESIAN_POINT('',(3.622499078861E-05,28.96413868723));
#3896 = CARTESIAN_POINT('',(3.485038107517E-05,28.853398871552));
#3897 = CARTESIAN_POINT('',(4.343271818527E-07,28.742618497628));
#3898 = CARTESIAN_POINT('',(0.,28.631878027634));
#3899 = ( GEOMETRIC_REPRESENTATION_CONTEXT(2) 
PARAMETRIC_REPRESENTATION_CONTEXT() REPRESENTATION_CONTEXT('2D SPACE',''
  ) );
#3900 = PCURVE('',#1007,#3901);
#3901 = DEFINITIONAL_REPRESENTATION('',(#3902),#3909);
#3902 = B_SPLINE_CURVE_WITH_KNOTS('',5,(#3903,#3904,#3905,#3906,#3907,
    #3908),.UNSPECIFIED.,.F.,.F.,(6,6),(0.,1.),
  .PIECEWISE_BEZIER_KNOTS.);
#3903 = CARTESIAN_POINT('',(0.893913306759,29.296400701921));
#3904 = CARTESIAN_POINT('',(0.893908238519,29.16350937548));
#3905 = CARTESIAN_POINT('',(0.893902869523,29.030560021744));
#3906 = CARTESIAN_POINT('',(0.893894813139,28.897716371097));
#3907 = CARTESIAN_POINT('',(0.893912880759,28.764766608317));
#3908 = CARTESIAN_POINT('',(0.893913306759,28.631878027634));
#3909 = ( GEOMETRIC_REPRESENTATION_CONTEXT(2) 
PARAMETRIC_REPRESENTATION_CONTEXT() REPRESENTATION_CONTEXT('2D SPACE',''
  ) );
#3910 = ORIENTED_EDGE('',*,*,#3911,.F.);
#3911 = EDGE_CURVE('',#3912,#3878,#3914,.T.);
#3912 = VERTEX_POINT('',#3913);
#3913 = CARTESIAN_POINT('',(-2.999995854059,4.987544298985E-03,
    4.499735576111));
#3914 = SURFACE_CURVE('',#3915,(#3998,#4004),.PCURVE_S1.);
#3915 = B_SPLINE_CURVE_WITH_KNOTS('',11,(#3916,#3917,#3918,#3919,#3920,
    #3921,#3922,#3923,#3924,#3925,#3926,#3927,#3928,#3929,#3930,#3931,
    #3932,#3933,#3934,#3935,#3936,#3937,#3938,#3939,#3940,#3941,#3942,
    #3943,#3944,#3945,#3946,#3947,#3948,#3949,#3950,#3951,#3952,#3953,
    #3954,#3955,#3956,#3957,#3958,#3959,#3960,#3961,#3962,#3963,#3964,
    #3965,#3966,#3967,#3968,#3969,#3970,#3971,#3972,#3973,#3974,#3975,
    #3976,#3977,#3978,#3979,#3980,#3981,#3982,#3983,#3984,#3985,#3986,
    #3987,#3988,#3989,#3990,#3991,#3992,#3993,#3994,#3995,#3996,#3997),
  .UNSPECIFIED.,.F.,.F.,(12,10,10,10,10,10,10,10,12),(0.,7.157548273013,
    14.315096546026,21.47264481904,28.630193092053,35.787741365066,
    42.945289638079,50.102837911093,57.260386184106),.UNSPECIFIED.);
#3916 = CARTESIAN_POINT('',(3.,1.7763568394E-15,1.110223024625E-16));
#3917 = CARTESIAN_POINT('',(2.999999999089,1.927802653744,0.102275401456
    ));
#3918 = CARTESIAN_POINT('',(1.638219055601,3.855736046103,0.204534775851
    ));
#3919 = CARTESIAN_POINT('',(-1.094082506115,4.712305552911,
    0.306846846742));
#3920 = CARTESIAN_POINT('',(-4.209046435047,3.431769230897,
    0.409039241188));
#3921 = CARTESIAN_POINT('',(-5.950414223605,-0.106468541385,
    0.511432930584));
#3922 = CARTESIAN_POINT('',(-4.282862853361,-4.13229357639,
    0.613567611498));
#3923 = CARTESIAN_POINT('',(-0.549618077769,-5.402872561423,
    0.715960631534));
#3924 = CARTESIAN_POINT('',(2.558470067507,-4.105736405489,
    0.818154100343));
#3925 = CARTESIAN_POINT('',(3.884812862021,-1.568021314993,
    0.920465061281));
#3926 = CARTESIAN_POINT('',(3.484482698465,0.758157975187,1.022725301269
    ));
#3927 = CARTESIAN_POINT('',(0.758158001102,3.484482692141,1.227275048476
    ));
#3928 = CARTESIAN_POINT('',(-1.568021281018,3.884812875576,
    1.329535348022));
#3929 = CARTESIAN_POINT('',(-4.105736397877,2.558470095379,
    1.431846084111));
#3930 = CARTESIAN_POINT('',(-5.402872541115,-0.549618029719,
    1.534040086233));
#3931 = CARTESIAN_POINT('',(-4.132293648538,-4.282862831855,
    1.636432150573));
#3932 = CARTESIAN_POINT('',(-0.106468535584,-5.950414209927,
    1.738568207333));
#3933 = CARTESIAN_POINT('',(3.431769143053,-4.209046474994,
    1.840960261593));
#3934 = CARTESIAN_POINT('',(4.712305594672,-1.094082530047,
    1.943154279894));
#3935 = CARTESIAN_POINT('',(3.855736021046,1.638219017008,2.045464999268
    ));
#3936 = CARTESIAN_POINT('',(1.927802699922,2.999999989879,2.147725311849
    ));
#3937 = CARTESIAN_POINT('',(-1.927802676939,3.00000000463,2.35227504316)
  );
#3938 = CARTESIAN_POINT('',(-3.85573600851,1.638219046623,2.454535356641
    ));
#3939 = CARTESIAN_POINT('',(-4.712305603011,-1.094082494157,
    2.556846072619));
#3940 = CARTESIAN_POINT('',(-3.431769175388,-4.209046448286,
    2.659040098971));
#3941 = CARTESIAN_POINT('',(0.10646849015,-5.950414211398,2.761432138811
    ));
#3942 = CARTESIAN_POINT('',(4.13229361553,-4.282862862677,2.863568216321
    ));
#3943 = CARTESIAN_POINT('',(5.402872537118,-0.54961807199,2.965960256009
    ));
#3944 = CARTESIAN_POINT('',(4.105736417289,2.558470064704,3.068154282606
    ));
#3945 = CARTESIAN_POINT('',(1.568021310917,3.884812862989,3.17046499833)
  );
#3946 = CARTESIAN_POINT('',(-0.758157974492,3.4844826983,3.272725312009)
  );
#3947 = CARTESIAN_POINT('',(-3.48448269249,0.758158001184,3.47727504308)
  );
#3948 = CARTESIAN_POINT('',(-3.884812875009,-1.56802128115,
    3.579535356771));
#3949 = CARTESIAN_POINT('',(-2.558470096135,-4.105736397705,
    3.681846072448));
#3950 = CARTESIAN_POINT('',(0.549618030559,-5.402872541296,
    3.784040099159));
#3951 = CARTESIAN_POINT('',(4.282862831078,-4.132293648382,
    3.886432138637));
#3952 = CARTESIAN_POINT('',(5.950414210523,-0.106468535694,
    3.988568216456));
#3953 = CARTESIAN_POINT('',(4.209046474624,3.431769143116,4.090960255924
    ));
#3954 = CARTESIAN_POINT('',(1.094082530227,4.712305594643,4.193154282648
    ));
#3955 = CARTESIAN_POINT('',(-1.63821901707,3.855736021056,4.295464998315
    ));
#3956 = CARTESIAN_POINT('',(-2.999999989868,1.927802699921,
    4.397725312011));
#3957 = CARTESIAN_POINT('',(-3.000000004636,-1.927802676939,
    4.60227504308));
#3958 = CARTESIAN_POINT('',(-1.638219046609,-3.855736008506,
    4.704535356768));
#3959 = CARTESIAN_POINT('',(1.094082494129,-4.712305603021,
    4.806846072455));
#3960 = CARTESIAN_POINT('',(4.209046448334,-3.431769175373,
    4.909040099147));
#3961 = CARTESIAN_POINT('',(5.950414211334,0.106468490135,5.011432138654
    ));
#3962 = CARTESIAN_POINT('',(4.282862862742,4.132293615538,5.113568216436
    ));
#3963 = CARTESIAN_POINT('',(0.54961807194,5.402872537117,5.215960255942)
  );
#3964 = CARTESIAN_POINT('',(-2.558470064676,4.105736417286,
    5.318154282635));
#3965 = CARTESIAN_POINT('',(-3.884812863,1.568021310919,5.420464998323)
  );
#3966 = CARTESIAN_POINT('',(-3.484482698298,-0.758157974492,
    5.522725312008));
#3967 = CARTESIAN_POINT('',(-0.758158001185,-3.48448269249,
    5.727275043084));
#3968 = CARTESIAN_POINT('',(1.568021281153,-3.88481287501,5.829535356746
    ));
#3969 = CARTESIAN_POINT('',(4.1057363977,-2.558470096136,5.931846072512)
  );
#3970 = CARTESIAN_POINT('',(5.402872541305,0.549618030562,6.034040099037
    ));
#3971 = CARTESIAN_POINT('',(4.13229364837,4.282862831071,6.136432138822)
  );
#3972 = CARTESIAN_POINT('',(0.106468535707,5.950414210535,6.238568216224
    ));
#3973 = CARTESIAN_POINT('',(-3.431769143126,4.209046474608,
    6.340960256166));
#3974 = CARTESIAN_POINT('',(-4.712305594637,1.094082530241,
    6.443154282438));
#3975 = CARTESIAN_POINT('',(-3.855736021058,-1.63821901708,
    6.545464998466));
#3976 = CARTESIAN_POINT('',(-1.927802699921,-2.999999989862,
    6.647725311924));
#3977 = CARTESIAN_POINT('',(1.92780267694,-3.000000004647,6.852275043246
    ));
#3978 = CARTESIAN_POINT('',(3.855736008495,-1.638219046549,
    6.954535355809));
#3979 = CARTESIAN_POINT('',(4.712305603058,1.094082493957,7.056846075216
    ));
#3980 = CARTESIAN_POINT('',(3.431769175292,4.209046448686,7.159040093475
    ));
#3981 = CARTESIAN_POINT('',(-0.106468489999,5.950414210767,
    7.261432147777));
#3982 = CARTESIAN_POINT('',(-4.132293615722,4.28286286349,7.3635682045)
  );
#3983 = CARTESIAN_POINT('',(-5.402872536915,0.549618071123,
    7.465960268871));
#3984 = CARTESIAN_POINT('',(-4.105736417468,-2.558470063932,
    7.568154270969));
#3985 = CARTESIAN_POINT('',(-1.568021310783,-3.884812863562,
    7.670465007072));
#3986 = CARTESIAN_POINT('',(0.758157974409,-3.484482697949,
    7.772725306614));
#3987 = CARTESIAN_POINT('',(3.484482692656,-0.75815800188,7.97727505382)
  );
#3988 = CARTESIAN_POINT('',(3.884812874038,1.568021285228,8.079535293816
    ));
#3989 = CARTESIAN_POINT('',(2.558470098947,4.105736385901,8.181846254728
    ));
#3990 = CARTESIAN_POINT('',(-0.549618036352,5.402872565613,
    8.284039723588));
#3991 = CARTESIAN_POINT('',(-4.282862821744,4.132293609222,8.38643274355
    ));
#3992 = CARTESIAN_POINT('',(-5.950414222748,0.106468586954,8.48856742455
    ));
#3993 = CARTESIAN_POINT('',(-4.209046461368,-3.431769198647,
    8.590961113862));
#3994 = CARTESIAN_POINT('',(-1.094082542199,-4.712305544529,
    8.693153508376));
#3995 = CARTESIAN_POINT('',(1.638219026058,-3.855736058654,
    8.795465579221));
#3996 = CARTESIAN_POINT('',(2.999999984321,-1.927802676726,
    8.897724953643));
#3997 = CARTESIAN_POINT('',(3.,-2.298227312365E-08,9.000000355087));
#3998 = PCURVE('',#690,#3999);
#3999 = DEFINITIONAL_REPRESENTATION('',(#4000),#4003);
#4000 = B_SPLINE_CURVE_WITH_KNOTS('',1,(#4001,#4002),.UNSPECIFIED.,.F.,
  .F.,(2,2),(0.,57.260386184106),.PIECEWISE_BEZIER_KNOTS.);
#4001 = CARTESIAN_POINT('',(0.,0.));
#4002 = CARTESIAN_POINT('',(0.,57.260386184106));
#4003 = ( GEOMETRIC_REPRESENTATION_CONTEXT(2) 
PARAMETRIC_REPRESENTATION_CONTEXT() REPRESENTATION_CONTEXT('2D SPACE',''
  ) );
#4004 = PCURVE('',#1007,#4005);
#4005 = DEFINITIONAL_REPRESENTATION('',(#4006),#4010);
#4006 = LINE('',#4007,#4008);
#4007 = CARTESIAN_POINT('',(0.893913306759,0.));
#4008 = VECTOR('',#4009,1.);
#4009 = DIRECTION('',(0.,1.));
#4010 = ( GEOMETRIC_REPRESENTATION_CONTEXT(2) 
PARAMETRIC_REPRESENTATION_CONTEXT() REPRESENTATION_CONTEXT('2D SPACE',''
  ) );
#4011 = ORIENTED_EDGE('',*,*,#4012,.F.);
#4012 = EDGE_CURVE('',#4013,#3912,#4015,.T.);
#4013 = VERTEX_POINT('',#4014);
#4014 = CARTESIAN_POINT('',(-2.373784036604,1.834434339941,
    4.395287891045));
#4015 = SURFACE_CURVE('',#4016,(#4025,#4037),.PCURVE_S1.);
#4016 = B_SPLINE_CURVE_WITH_KNOTS('',7,(#4017,#4018,#4019,#4020,#4021,
    #4022,#4023,#4024),.UNSPECIFIED.,.F.,.F.,(8,8),(0.,1.),
  .PIECEWISE_BEZIER_KNOTS.);
#4017 = CARTESIAN_POINT('',(-2.37378407186,1.834434294322,4.395287894104
    ));
#4018 = CARTESIAN_POINT('',(-2.553254612164,1.602196862182,
    4.410863903632));
#4019 = CARTESIAN_POINT('',(-2.704384133613,1.351849183259,
    4.426282163229));
#4020 = CARTESIAN_POINT('',(-2.826037435133,1.086861432352,
    4.441600949876));
#4021 = CARTESIAN_POINT('',(-2.916391671289,0.811629300663,
    4.456797401191));
#4022 = CARTESIAN_POINT('',(-2.97428834525,0.532201112003,4.471780132349
    ));
#4023 = CARTESIAN_POINT('',(-3.000431062656,0.25655659592,4.486388988233
    ));
#4024 = CARTESIAN_POINT('',(-2.999995846681,-4.991983218808E-03,
    4.500265015696));
#4025 = PCURVE('',#690,#4026);
#4026 = DEFINITIONAL_REPRESENTATION('',(#4027),#4036);
#4027 = B_SPLINE_CURVE_WITH_KNOTS('',7,(#4028,#4029,#4030,#4031,#4032,
    #4033,#4034,#4035),.UNSPECIFIED.,.F.,.F.,(8,8),(0.,1.),
  .PIECEWISE_BEZIER_KNOTS.);
#4028 = CARTESIAN_POINT('',(0.,27.963985482836));
#4029 = CARTESIAN_POINT('',(9.64781624458E-06,28.063049993782));
#4030 = CARTESIAN_POINT('',(2.166753341772E-05,28.161102537878));
#4031 = CARTESIAN_POINT('',(3.184158371094E-05,28.258529192217));
#4032 = CARTESIAN_POINT('',(3.677377218276E-05,28.355195805447));
#4033 = CARTESIAN_POINT('',(2.11871040219E-05,28.450576428465));
#4034 = CARTESIAN_POINT('',(-3.462362737534E-07,28.543598110359));
#4035 = CARTESIAN_POINT('',(0.,28.631878027634));
#4036 = ( GEOMETRIC_REPRESENTATION_CONTEXT(2) 
PARAMETRIC_REPRESENTATION_CONTEXT() REPRESENTATION_CONTEXT('2D SPACE',''
  ) );
#4037 = PCURVE('',#1007,#4038);
#4038 = DEFINITIONAL_REPRESENTATION('',(#4039),#4047);
#4039 = B_SPLINE_CURVE_WITH_KNOTS('',6,(#4040,#4041,#4042,#4043,#4044,
    #4045,#4046),.UNSPECIFIED.,.F.,.F.,(7,7),(0.,0.994553971993),
  .PIECEWISE_BEZIER_KNOTS.);
#4040 = CARTESIAN_POINT('',(0.893913306759,27.963985482836));
#4041 = CARTESIAN_POINT('',(0.893909323181,28.078931816947));
#4042 = CARTESIAN_POINT('',(0.893903240142,28.192473780327));
#4043 = CARTESIAN_POINT('',(0.893899761152,28.305291610741));
#4044 = CARTESIAN_POINT('',(0.893900848176,28.416814030941));
#4045 = CARTESIAN_POINT('',(0.893913524831,28.52589828262));
#4046 = CARTESIAN_POINT('',(0.893913306759,28.628509662489));
#4047 = ( GEOMETRIC_REPRESENTATION_CONTEXT(2) 
PARAMETRIC_REPRESENTATION_CONTEXT() REPRESENTATION_CONTEXT('2D SPACE',''
  ) );
#4048 = ORIENTED_EDGE('',*,*,#4049,.T.);
#4049 = EDGE_CURVE('',#4013,#4050,#4052,.T.);
#4050 = VERTEX_POINT('',#4051);
#4051 = CARTESIAN_POINT('',(-2.975659716067,0.38137809875,3.47971245078)
  );
#4052 = SURFACE_CURVE('',#4053,(#4066,#4095),.PCURVE_S1.);
#4053 = B_SPLINE_CURVE_WITH_KNOTS('',11,(#4054,#4055,#4056,#4057,#4058,
    #4059,#4060,#4061,#4062,#4063,#4064,#4065),.UNSPECIFIED.,.F.,.F.,(12
    ,12),(27.232413564386,33.057546694548),.PIECEWISE_BEZIER_KNOTS.);
#4054 = CARTESIAN_POINT('',(-2.373784036604,1.834434339941,
    4.395287891045));
#4055 = CARTESIAN_POINT('',(-1.414375531305,3.075852629874,
    4.312053887468));
#4056 = CARTESIAN_POINT('',(0.259155395657,3.765377291648,4.228819194724
    ));
#4057 = CARTESIAN_POINT('',(2.293688919484,3.446619612062,4.145584604152
    ));
#4058 = CARTESIAN_POINT('',(4.00896478573,1.916702549808,4.06235599252)
  );
#4059 = CARTESIAN_POINT('',(4.607916759529,-0.504843315463,
    3.979108777913));
#4060 = CARTESIAN_POINT('',(3.615268080727,-2.901305771682,
    3.895891291655));
#4061 = CARTESIAN_POINT('',(1.479453025155,-4.190083281086,
    3.812643737077));
#4062 = CARTESIAN_POINT('',(-0.8152462106,-4.059009965082,3.729416093611
    ));
#4063 = CARTESIAN_POINT('',(-2.479273475376,-2.845774048959,
    3.646181068382));
#4064 = CARTESIAN_POINT('',(-3.17507089059,-1.174841386894,
    3.562946455624));
#4065 = CARTESIAN_POINT('',(-2.975659716067,0.38137809875,3.47971245078)
  );
#4066 = PCURVE('',#690,#4067);
#4067 = DEFINITIONAL_REPRESENTATION('',(#4068),#4094);
#4068 = B_SPLINE_CURVE_WITH_KNOTS('',3,(#4069,#4070,#4071,#4072,#4073,
    #4074,#4075,#4076,#4077,#4078,#4079,#4080,#4081,#4082,#4083,#4084,
    #4085,#4086,#4087,#4088,#4089,#4090,#4091,#4092,#4093),
  .UNSPECIFIED.,.F.,.F.,(4,1,1,1,1,1,1,1,1,1,1,1,1,1,1,1,1,1,1,1,1,1,4),
  (27.232413564386,27.49719234303,27.761971121674,28.026749900318,
    28.291528678961,28.556307457605,28.821086236249,29.085865014892,
    29.350643793536,29.61542257218,29.880201350824,30.144980129467,
    30.409758908111,30.674537686755,30.939316465398,31.204095244042,
    31.468874022686,31.73365280133,31.998431579973,32.263210358617,
    32.527989137261,32.792767915904,33.057546694548),
  .QUASI_UNIFORM_KNOTS.);
#4069 = CARTESIAN_POINT('',(0.,27.963985463376));
#4070 = CARTESIAN_POINT('',(-3.897354531956E-10,27.875725870481));
#4071 = CARTESIAN_POINT('',(4.002588534428E-10,27.699206684742));
#4072 = CARTESIAN_POINT('',(-8.776789032178E-10,27.434427906051));
#4073 = CARTESIAN_POINT('',(-6.916161200638E-10,27.169649126589));
#4074 = CARTESIAN_POINT('',(-3.395851418315E-08,26.904870347231));
#4075 = CARTESIAN_POINT('',(-1.053433891711E-08,26.640091572133));
#4076 = CARTESIAN_POINT('',(-7.096414191818E-08,26.375312813131));
#4077 = CARTESIAN_POINT('',(-5.407266488963E-08,26.110534077242));
#4078 = CARTESIAN_POINT('',(-6.129529346718E-08,25.845755365476));
#4079 = CARTESIAN_POINT('',(-6.615830127884E-08,25.580976663537));
#4080 = CARTESIAN_POINT('',(-7.704289018801E-08,25.316197947735));
#4081 = CARTESIAN_POINT('',(-2.846178139435E-08,25.051419194444));
#4082 = CARTESIAN_POINT('',(4.383000399562E-08,24.786640394915));
#4083 = CARTESIAN_POINT('',(1.690512500901E-07,24.521861557003));
#4084 = CARTESIAN_POINT('',(1.917429540579E-07,24.257082704566));
#4085 = CARTESIAN_POINT('',(1.584684533757E-07,23.99230386034));
#4086 = CARTESIAN_POINT('',(9.805624571149E-08,23.727525037265));
#4087 = CARTESIAN_POINT('',(4.876453438837E-08,23.462746235032));
#4088 = CARTESIAN_POINT('',(2.24717266959E-08,23.19796744675));
#4089 = CARTESIAN_POINT('',(1.064244601351E-08,22.933188667703));
#4090 = CARTESIAN_POINT('',(2.921210413228E-09,22.668409897554));
#4091 = CARTESIAN_POINT('',(-2.526850675096E-10,22.403631132665));
#4092 = CARTESIAN_POINT('',(-3.220167022083E-10,22.227111954177));
#4093 = CARTESIAN_POINT('',(0.,22.138852363322));
#4094 = ( GEOMETRIC_REPRESENTATION_CONTEXT(2) 
PARAMETRIC_REPRESENTATION_CONTEXT() REPRESENTATION_CONTEXT('2D SPACE',''
  ) );
#4095 = PCURVE('',#1007,#4096);
#4096 = DEFINITIONAL_REPRESENTATION('',(#4097),#4123);
#4097 = B_SPLINE_CURVE_WITH_KNOTS('',3,(#4098,#4099,#4100,#4101,#4102,
    #4103,#4104,#4105,#4106,#4107,#4108,#4109,#4110,#4111,#4112,#4113,
    #4114,#4115,#4116,#4117,#4118,#4119,#4120,#4121,#4122),
  .UNSPECIFIED.,.F.,.F.,(4,1,1,1,1,1,1,1,1,1,1,1,1,1,1,1,1,1,1,1,1,1,4),
  (27.232413564386,27.49719234303,27.761971121674,28.026749900318,
    28.291528678961,28.556307457605,28.821086236249,29.085865014892,
    29.350643793536,29.61542257218,29.880201350824,30.144980129467,
    30.409758908111,30.674537686755,30.939316465398,31.204095244042,
    31.468874022686,31.73365280133,31.998431579973,32.263210358617,
    32.527989137261,32.792767915904,33.057546694548),
  .QUASI_UNIFORM_KNOTS.);
#4098 = CARTESIAN_POINT('',(0.893913306759,27.963985463376));
#4099 = CARTESIAN_POINT('',(0.893913307119,27.875725870473));
#4100 = CARTESIAN_POINT('',(0.893913306335,27.699206684751));
#4101 = CARTESIAN_POINT('',(0.893913307761,27.434427906029));
#4102 = CARTESIAN_POINT('',(0.893913306819,27.169649126593));
#4103 = CARTESIAN_POINT('',(0.893913340875,26.904870346508));
#4104 = CARTESIAN_POINT('',(0.893913317293,26.640091572115));
#4105 = CARTESIAN_POINT('',(0.893913377563,26.375312811664));
#4106 = CARTESIAN_POINT('',(0.89391336147,26.110534076169));
#4107 = CARTESIAN_POINT('',(0.893913365657,25.845755364275));
#4108 = CARTESIAN_POINT('',(0.893913381865,25.580976662118));
#4109 = CARTESIAN_POINT('',(0.893913350407,25.316197946565));
#4110 = CARTESIAN_POINT('',(0.89391320412,25.051419195295));
#4111 = CARTESIAN_POINT('',(0.893913029859,24.786640398088));
#4112 = CARTESIAN_POINT('',(0.893912937017,24.521861562392));
#4113 = CARTESIAN_POINT('',(0.893912937561,24.257082710166));
#4114 = CARTESIAN_POINT('',(0.893913016613,23.992303864821));
#4115 = CARTESIAN_POINT('',(0.893913125924,23.727525040051));
#4116 = CARTESIAN_POINT('',(0.893913219821,23.462746236388));
#4117 = CARTESIAN_POINT('',(0.893913276791,23.197967447274));
#4118 = CARTESIAN_POINT('',(0.893913301155,22.933188667865));
#4119 = CARTESIAN_POINT('',(0.893913306055,22.66840989759));
#4120 = CARTESIAN_POINT('',(0.893913305566,22.403631132675));
#4121 = CARTESIAN_POINT('',(0.893913305431,22.227111954187));
#4122 = CARTESIAN_POINT('',(0.893913306759,22.138852363322));
#4123 = ( GEOMETRIC_REPRESENTATION_CONTEXT(2) 
PARAMETRIC_REPRESENTATION_CONTEXT() REPRESENTATION_CONTEXT('2D SPACE',''
  ) );
#4124 = ORIENTED_EDGE('',*,*,#4125,.T.);
#4125 = EDGE_CURVE('',#4050,#4126,#4128,.T.);
#4126 = VERTEX_POINT('',#4127);
#4127 = CARTESIAN_POINT('',(-2.12484730191,2.117787511429,3.375265017949
    ));
#4128 = SURFACE_CURVE('',#4129,(#4137,#4148),.PCURVE_S1.);
#4129 = B_SPLINE_CURVE_WITH_KNOTS('',6,(#4130,#4131,#4132,#4133,#4134,
    #4135,#4136),.UNSPECIFIED.,.F.,.F.,(7,7),(0.,1.),
  .PIECEWISE_BEZIER_KNOTS.);
#4130 = CARTESIAN_POINT('',(-2.975659740805,0.381377905694,
    3.479712461105));
#4131 = CARTESIAN_POINT('',(-2.93394946764,0.706817787715,3.46231236417)
  );
#4132 = CARTESIAN_POINT('',(-2.849512284335,1.026903346954,
    3.444907661471));
#4133 = CARTESIAN_POINT('',(-2.723227652644,1.334345257466,
    3.427509053501));
#4134 = CARTESIAN_POINT('',(-2.5576590012,1.622537326047,3.410102692734)
  );
#4135 = CARTESIAN_POINT('',(-2.356457958976,1.885404762907,3.39267144347
    ));
#4136 = CARTESIAN_POINT('',(-2.124847308217,2.117787505101,
    3.375265018423));
#4137 = PCURVE('',#690,#4138);
#4138 = DEFINITIONAL_REPRESENTATION('',(#4139),#4147);
#4139 = B_SPLINE_CURVE_WITH_KNOTS('',6,(#4140,#4141,#4142,#4143,#4144,
    #4145,#4146),.UNSPECIFIED.,.F.,.F.,(7,7),(0.,1.),
  .PIECEWISE_BEZIER_KNOTS.);
#4140 = CARTESIAN_POINT('',(0.,22.138852429016));
#4141 = CARTESIAN_POINT('',(1.078513414784E-05,22.028109859767));
#4142 = CARTESIAN_POINT('',(2.460841127229E-05,21.917326968649));
#4143 = CARTESIAN_POINT('',(3.622498976875E-05,21.806590422951));
#4144 = CARTESIAN_POINT('',(3.485038102367E-05,21.695850610146));
#4145 = CARTESIAN_POINT('',(4.343314017669E-07,21.585070239099));
#4146 = CARTESIAN_POINT('',(0.,21.474329771983));
#4147 = ( GEOMETRIC_REPRESENTATION_CONTEXT(2) 
PARAMETRIC_REPRESENTATION_CONTEXT() REPRESENTATION_CONTEXT('2D SPACE',''
  ) );
#4148 = PCURVE('',#1007,#4149);
#4149 = DEFINITIONAL_REPRESENTATION('',(#4150),#4157);
#4150 = B_SPLINE_CURVE_WITH_KNOTS('',5,(#4151,#4152,#4153,#4154,#4155,
    #4156),.UNSPECIFIED.,.F.,.F.,(6,6),(0.,1.),
  .PIECEWISE_BEZIER_KNOTS.);
#4151 = CARTESIAN_POINT('',(0.893913306759,22.138852429016));
#4152 = CARTESIAN_POINT('',(0.89390823852,22.005961106025));
#4153 = CARTESIAN_POINT('',(0.893902869523,21.873011755746));
#4154 = CARTESIAN_POINT('',(0.89389481314,21.740168108538));
#4155 = CARTESIAN_POINT('',(0.893912880757,21.607218349212));
#4156 = CARTESIAN_POINT('',(0.893913306759,21.474329771983));
#4157 = ( GEOMETRIC_REPRESENTATION_CONTEXT(2) 
PARAMETRIC_REPRESENTATION_CONTEXT() REPRESENTATION_CONTEXT('2D SPACE',''
  ) );
#4158 = ORIENTED_EDGE('',*,*,#4159,.F.);
#4159 = EDGE_CURVE('',#4160,#4126,#4162,.T.);
#4160 = VERTEX_POINT('',#4161);
#4161 = CARTESIAN_POINT('',(-2.1177873327,2.124847480046,3.374735324971)
  );
#4162 = SURFACE_CURVE('',#4163,(#4246,#4252),.PCURVE_S1.);
#4163 = B_SPLINE_CURVE_WITH_KNOTS('',11,(#4164,#4165,#4166,#4167,#4168,
    #4169,#4170,#4171,#4172,#4173,#4174,#4175,#4176,#4177,#4178,#4179,
    #4180,#4181,#4182,#4183,#4184,#4185,#4186,#4187,#4188,#4189,#4190,
    #4191,#4192,#4193,#4194,#4195,#4196,#4197,#4198,#4199,#4200,#4201,
    #4202,#4203,#4204,#4205,#4206,#4207,#4208,#4209,#4210,#4211,#4212,
    #4213,#4214,#4215,#4216,#4217,#4218,#4219,#4220,#4221,#4222,#4223,
    #4224,#4225,#4226,#4227,#4228,#4229,#4230,#4231,#4232,#4233,#4234,
    #4235,#4236,#4237,#4238,#4239,#4240,#4241,#4242,#4243,#4244,#4245),
  .UNSPECIFIED.,.F.,.F.,(12,10,10,10,10,10,10,10,12),(0.,7.157548273013,
    14.315096546026,21.47264481904,28.630193092053,35.787741365066,
    42.945289638079,50.102837911093,57.260386184106),.UNSPECIFIED.);
#4164 = CARTESIAN_POINT('',(3.,1.7763568394E-15,1.110223024625E-16));
#4165 = CARTESIAN_POINT('',(2.999999999089,1.927802653744,0.102275401456
    ));
#4166 = CARTESIAN_POINT('',(1.638219055601,3.855736046103,0.204534775851
    ));
#4167 = CARTESIAN_POINT('',(-1.094082506115,4.712305552911,
    0.306846846742));
#4168 = CARTESIAN_POINT('',(-4.209046435047,3.431769230897,
    0.409039241188));
#4169 = CARTESIAN_POINT('',(-5.950414223605,-0.106468541385,
    0.511432930584));
#4170 = CARTESIAN_POINT('',(-4.282862853361,-4.13229357639,
    0.613567611498));
#4171 = CARTESIAN_POINT('',(-0.549618077769,-5.402872561423,
    0.715960631534));
#4172 = CARTESIAN_POINT('',(2.558470067507,-4.105736405489,
    0.818154100343));
#4173 = CARTESIAN_POINT('',(3.884812862021,-1.568021314993,
    0.920465061281));
#4174 = CARTESIAN_POINT('',(3.484482698465,0.758157975187,1.022725301269
    ));
#4175 = CARTESIAN_POINT('',(0.758158001102,3.484482692141,1.227275048476
    ));
#4176 = CARTESIAN_POINT('',(-1.568021281018,3.884812875576,
    1.329535348022));
#4177 = CARTESIAN_POINT('',(-4.105736397877,2.558470095379,
    1.431846084111));
#4178 = CARTESIAN_POINT('',(-5.402872541115,-0.549618029719,
    1.534040086233));
#4179 = CARTESIAN_POINT('',(-4.132293648538,-4.282862831855,
    1.636432150573));
#4180 = CARTESIAN_POINT('',(-0.106468535584,-5.950414209927,
    1.738568207333));
#4181 = CARTESIAN_POINT('',(3.431769143053,-4.209046474994,
    1.840960261593));
#4182 = CARTESIAN_POINT('',(4.712305594672,-1.094082530047,
    1.943154279894));
#4183 = CARTESIAN_POINT('',(3.855736021046,1.638219017008,2.045464999268
    ));
#4184 = CARTESIAN_POINT('',(1.927802699922,2.999999989879,2.147725311849
    ));
#4185 = CARTESIAN_POINT('',(-1.927802676939,3.00000000463,2.35227504316)
  );
#4186 = CARTESIAN_POINT('',(-3.85573600851,1.638219046623,2.454535356641
    ));
#4187 = CARTESIAN_POINT('',(-4.712305603011,-1.094082494157,
    2.556846072619));
#4188 = CARTESIAN_POINT('',(-3.431769175388,-4.209046448286,
    2.659040098971));
#4189 = CARTESIAN_POINT('',(0.10646849015,-5.950414211398,2.761432138811
    ));
#4190 = CARTESIAN_POINT('',(4.13229361553,-4.282862862677,2.863568216321
    ));
#4191 = CARTESIAN_POINT('',(5.402872537118,-0.54961807199,2.965960256009
    ));
#4192 = CARTESIAN_POINT('',(4.105736417289,2.558470064704,3.068154282606
    ));
#4193 = CARTESIAN_POINT('',(1.568021310917,3.884812862989,3.17046499833)
  );
#4194 = CARTESIAN_POINT('',(-0.758157974492,3.4844826983,3.272725312009)
  );
#4195 = CARTESIAN_POINT('',(-3.48448269249,0.758158001184,3.47727504308)
  );
#4196 = CARTESIAN_POINT('',(-3.884812875009,-1.56802128115,
    3.579535356771));
#4197 = CARTESIAN_POINT('',(-2.558470096135,-4.105736397705,
    3.681846072448));
#4198 = CARTESIAN_POINT('',(0.549618030559,-5.402872541296,
    3.784040099159));
#4199 = CARTESIAN_POINT('',(4.282862831078,-4.132293648382,
    3.886432138637));
#4200 = CARTESIAN_POINT('',(5.950414210523,-0.106468535694,
    3.988568216456));
#4201 = CARTESIAN_POINT('',(4.209046474624,3.431769143116,4.090960255924
    ));
#4202 = CARTESIAN_POINT('',(1.094082530227,4.712305594643,4.193154282648
    ));
#4203 = CARTESIAN_POINT('',(-1.63821901707,3.855736021056,4.295464998315
    ));
#4204 = CARTESIAN_POINT('',(-2.999999989868,1.927802699921,
    4.397725312011));
#4205 = CARTESIAN_POINT('',(-3.000000004636,-1.927802676939,
    4.60227504308));
#4206 = CARTESIAN_POINT('',(-1.638219046609,-3.855736008506,
    4.704535356768));
#4207 = CARTESIAN_POINT('',(1.094082494129,-4.712305603021,
    4.806846072455));
#4208 = CARTESIAN_POINT('',(4.209046448334,-3.431769175373,
    4.909040099147));
#4209 = CARTESIAN_POINT('',(5.950414211334,0.106468490135,5.011432138654
    ));
#4210 = CARTESIAN_POINT('',(4.282862862742,4.132293615538,5.113568216436
    ));
#4211 = CARTESIAN_POINT('',(0.54961807194,5.402872537117,5.215960255942)
  );
#4212 = CARTESIAN_POINT('',(-2.558470064676,4.105736417286,
    5.318154282635));
#4213 = CARTESIAN_POINT('',(-3.884812863,1.568021310919,5.420464998323)
  );
#4214 = CARTESIAN_POINT('',(-3.484482698298,-0.758157974492,
    5.522725312008));
#4215 = CARTESIAN_POINT('',(-0.758158001185,-3.48448269249,
    5.727275043084));
#4216 = CARTESIAN_POINT('',(1.568021281153,-3.88481287501,5.829535356746
    ));
#4217 = CARTESIAN_POINT('',(4.1057363977,-2.558470096136,5.931846072512)
  );
#4218 = CARTESIAN_POINT('',(5.402872541305,0.549618030562,6.034040099037
    ));
#4219 = CARTESIAN_POINT('',(4.13229364837,4.282862831071,6.136432138822)
  );
#4220 = CARTESIAN_POINT('',(0.106468535707,5.950414210535,6.238568216224
    ));
#4221 = CARTESIAN_POINT('',(-3.431769143126,4.209046474608,
    6.340960256166));
#4222 = CARTESIAN_POINT('',(-4.712305594637,1.094082530241,
    6.443154282438));
#4223 = CARTESIAN_POINT('',(-3.855736021058,-1.63821901708,
    6.545464998466));
#4224 = CARTESIAN_POINT('',(-1.927802699921,-2.999999989862,
    6.647725311924));
#4225 = CARTESIAN_POINT('',(1.92780267694,-3.000000004647,6.852275043246
    ));
#4226 = CARTESIAN_POINT('',(3.855736008495,-1.638219046549,
    6.954535355809));
#4227 = CARTESIAN_POINT('',(4.712305603058,1.094082493957,7.056846075216
    ));
#4228 = CARTESIAN_POINT('',(3.431769175292,4.209046448686,7.159040093475
    ));
#4229 = CARTESIAN_POINT('',(-0.106468489999,5.950414210767,
    7.261432147777));
#4230 = CARTESIAN_POINT('',(-4.132293615722,4.28286286349,7.3635682045)
  );
#4231 = CARTESIAN_POINT('',(-5.402872536915,0.549618071123,
    7.465960268871));
#4232 = CARTESIAN_POINT('',(-4.105736417468,-2.558470063932,
    7.568154270969));
#4233 = CARTESIAN_POINT('',(-1.568021310783,-3.884812863562,
    7.670465007072));
#4234 = CARTESIAN_POINT('',(0.758157974409,-3.484482697949,
    7.772725306614));
#4235 = CARTESIAN_POINT('',(3.484482692656,-0.75815800188,7.97727505382)
  );
#4236 = CARTESIAN_POINT('',(3.884812874038,1.568021285228,8.079535293816
    ));
#4237 = CARTESIAN_POINT('',(2.558470098947,4.105736385901,8.181846254728
    ));
#4238 = CARTESIAN_POINT('',(-0.549618036352,5.402872565613,
    8.284039723588));
#4239 = CARTESIAN_POINT('',(-4.282862821744,4.132293609222,8.38643274355
    ));
#4240 = CARTESIAN_POINT('',(-5.950414222748,0.106468586954,8.48856742455
    ));
#4241 = CARTESIAN_POINT('',(-4.209046461368,-3.431769198647,
    8.590961113862));
#4242 = CARTESIAN_POINT('',(-1.094082542199,-4.712305544529,
    8.693153508376));
#4243 = CARTESIAN_POINT('',(1.638219026058,-3.855736058654,
    8.795465579221));
#4244 = CARTESIAN_POINT('',(2.999999984321,-1.927802676726,
    8.897724953643));
#4245 = CARTESIAN_POINT('',(3.,-2.298227312365E-08,9.000000355087));
#4246 = PCURVE('',#690,#4247);
#4247 = DEFINITIONAL_REPRESENTATION('',(#4248),#4251);
#4248 = B_SPLINE_CURVE_WITH_KNOTS('',1,(#4249,#4250),.UNSPECIFIED.,.F.,
  .F.,(2,2),(0.,57.260386184106),.PIECEWISE_BEZIER_KNOTS.);
#4249 = CARTESIAN_POINT('',(0.,0.));
#4250 = CARTESIAN_POINT('',(0.,57.260386184106));
#4251 = ( GEOMETRIC_REPRESENTATION_CONTEXT(2) 
PARAMETRIC_REPRESENTATION_CONTEXT() REPRESENTATION_CONTEXT('2D SPACE',''
  ) );
#4252 = PCURVE('',#1007,#4253);
#4253 = DEFINITIONAL_REPRESENTATION('',(#4254),#4258);
#4254 = LINE('',#4255,#4256);
#4255 = CARTESIAN_POINT('',(0.893913306759,0.));
#4256 = VECTOR('',#4257,1.);
#4257 = DIRECTION('',(0.,1.));
#4258 = ( GEOMETRIC_REPRESENTATION_CONTEXT(2) 
PARAMETRIC_REPRESENTATION_CONTEXT() REPRESENTATION_CONTEXT('2D SPACE',''
  ) );
#4259 = ORIENTED_EDGE('',*,*,#4260,.F.);
#4260 = EDGE_CURVE('',#4261,#4160,#4263,.T.);
#4261 = VERTEX_POINT('',#4262);
#4262 = CARTESIAN_POINT('',(-0.381377823863,2.975659751291,
    3.270287890827));
#4263 = SURFACE_CURVE('',#4264,(#4273,#4285),.PCURVE_S1.);
#4264 = B_SPLINE_CURVE_WITH_KNOTS('',7,(#4265,#4266,#4267,#4268,#4269,
    #4270,#4271,#4272),.UNSPECIFIED.,.F.,.F.,(8,8),(0.,1.),
  .PIECEWISE_BEZIER_KNOTS.);
#4265 = CARTESIAN_POINT('',(-0.381377887865,2.97565974309,3.27028789425)
  );
#4266 = CARTESIAN_POINT('',(-0.672499377377,2.938347917019,
    3.285863903262));
#4267 = CARTESIAN_POINT('',(-0.956386644411,2.868190084912,
    3.301282163713));
#4268 = CARTESIAN_POINT('',(-1.229783160255,2.766837316703,
    3.316600950695));
#4269 = CARTESIAN_POINT('',(-1.488291747743,2.63610890324,3.331797401468
    ));
#4270 = CARTESIAN_POINT('',(-1.726816428726,2.479462480182,3.34678013159
    ));
#4271 = CARTESIAN_POINT('',(-1.940212231703,2.303038076458,
    3.361388987206));
#4272 = CARTESIAN_POINT('',(-2.124847308217,2.117787505101,
    3.375265018423));
#4273 = PCURVE('',#690,#4274);
#4274 = DEFINITIONAL_REPRESENTATION('',(#4275),#4284);
#4275 = B_SPLINE_CURVE_WITH_KNOTS('',7,(#4276,#4277,#4278,#4279,#4280,
    #4281,#4282,#4283),.UNSPECIFIED.,.F.,.F.,(8,8),(0.,1.),
  .PIECEWISE_BEZIER_KNOTS.);
#4276 = CARTESIAN_POINT('',(0.,20.806437210754));
#4277 = CARTESIAN_POINT('',(9.647815969707E-06,20.90550171842));
#4278 = CARTESIAN_POINT('',(2.166753294647E-05,21.003554267941));
#4279 = CARTESIAN_POINT('',(3.184158728753E-05,21.100980924403));
#4280 = CARTESIAN_POINT('',(3.677376542057E-05,21.197647534224));
#4281 = CARTESIAN_POINT('',(2.118711069002E-05,21.293028150604));
#4282 = CARTESIAN_POINT('',(-3.46239740421E-07,21.38604983083));
#4283 = CARTESIAN_POINT('',(0.,21.474329771983));
#4284 = ( GEOMETRIC_REPRESENTATION_CONTEXT(2) 
PARAMETRIC_REPRESENTATION_CONTEXT() REPRESENTATION_CONTEXT('2D SPACE',''
  ) );
#4285 = PCURVE('',#1007,#4286);
#4286 = DEFINITIONAL_REPRESENTATION('',(#4287),#4295);
#4287 = B_SPLINE_CURVE_WITH_KNOTS('',6,(#4288,#4289,#4290,#4291,#4292,
    #4293,#4294),.UNSPECIFIED.,.F.,.F.,(7,7),(0.,0.994551364323),
  .PIECEWISE_BEZIER_KNOTS.);
#4288 = CARTESIAN_POINT('',(0.893913306758,20.806437210754));
#4289 = CARTESIAN_POINT('',(0.893909323188,20.921383239675));
#4290 = CARTESIAN_POINT('',(0.893903240176,21.034924917269));
#4291 = CARTESIAN_POINT('',(0.893899761191,21.147742455301));
#4292 = CARTESIAN_POINT('',(0.893900848149,21.259264585944));
#4293 = CARTESIAN_POINT('',(0.893913524674,21.36834856922));
#4294 = CARTESIAN_POINT('',(0.893913306759,21.4709597917));
#4295 = ( GEOMETRIC_REPRESENTATION_CONTEXT(2) 
PARAMETRIC_REPRESENTATION_CONTEXT() REPRESENTATION_CONTEXT('2D SPACE',''
  ) );
#4296 = ORIENTED_EDGE('',*,*,#4297,.F.);
#4297 = EDGE_CURVE('',#4298,#4261,#4300,.T.);
#4298 = VERTEX_POINT('',#4299);
#4299 = CARTESIAN_POINT('',(1.681550258931,2.484429255685,3.155301289601
    ));
#4300 = SURFACE_CURVE('',#4301,(#4384,#4390),.PCURVE_S1.);
#4301 = B_SPLINE_CURVE_WITH_KNOTS('',11,(#4302,#4303,#4304,#4305,#4306,
    #4307,#4308,#4309,#4310,#4311,#4312,#4313,#4314,#4315,#4316,#4317,
    #4318,#4319,#4320,#4321,#4322,#4323,#4324,#4325,#4326,#4327,#4328,
    #4329,#4330,#4331,#4332,#4333,#4334,#4335,#4336,#4337,#4338,#4339,
    #4340,#4341,#4342,#4343,#4344,#4345,#4346,#4347,#4348,#4349,#4350,
    #4351,#4352,#4353,#4354,#4355,#4356,#4357,#4358,#4359,#4360,#4361,
    #4362,#4363,#4364,#4365,#4366,#4367,#4368,#4369,#4370,#4371,#4372,
    #4373,#4374,#4375,#4376,#4377,#4378,#4379,#4380,#4381,#4382,#4383),
  .UNSPECIFIED.,.F.,.F.,(12,10,10,10,10,10,10,10,12),(0.,7.157548273013,
    14.315096546026,21.47264481904,28.630193092053,35.787741365066,
    42.945289638079,50.102837911093,57.260386184106),.UNSPECIFIED.);
#4302 = CARTESIAN_POINT('',(3.,1.7763568394E-15,1.110223024625E-16));
#4303 = CARTESIAN_POINT('',(2.999999999089,1.927802653744,0.102275401456
    ));
#4304 = CARTESIAN_POINT('',(1.638219055601,3.855736046103,0.204534775851
    ));
#4305 = CARTESIAN_POINT('',(-1.094082506115,4.712305552911,
    0.306846846742));
#4306 = CARTESIAN_POINT('',(-4.209046435047,3.431769230897,
    0.409039241188));
#4307 = CARTESIAN_POINT('',(-5.950414223605,-0.106468541385,
    0.511432930584));
#4308 = CARTESIAN_POINT('',(-4.282862853361,-4.13229357639,
    0.613567611498));
#4309 = CARTESIAN_POINT('',(-0.549618077769,-5.402872561423,
    0.715960631534));
#4310 = CARTESIAN_POINT('',(2.558470067507,-4.105736405489,
    0.818154100343));
#4311 = CARTESIAN_POINT('',(3.884812862021,-1.568021314993,
    0.920465061281));
#4312 = CARTESIAN_POINT('',(3.484482698465,0.758157975187,1.022725301269
    ));
#4313 = CARTESIAN_POINT('',(0.758158001102,3.484482692141,1.227275048476
    ));
#4314 = CARTESIAN_POINT('',(-1.568021281018,3.884812875576,
    1.329535348022));
#4315 = CARTESIAN_POINT('',(-4.105736397877,2.558470095379,
    1.431846084111));
#4316 = CARTESIAN_POINT('',(-5.402872541115,-0.549618029719,
    1.534040086233));
#4317 = CARTESIAN_POINT('',(-4.132293648538,-4.282862831855,
    1.636432150573));
#4318 = CARTESIAN_POINT('',(-0.106468535584,-5.950414209927,
    1.738568207333));
#4319 = CARTESIAN_POINT('',(3.431769143053,-4.209046474994,
    1.840960261593));
#4320 = CARTESIAN_POINT('',(4.712305594672,-1.094082530047,
    1.943154279894));
#4321 = CARTESIAN_POINT('',(3.855736021046,1.638219017008,2.045464999268
    ));
#4322 = CARTESIAN_POINT('',(1.927802699922,2.999999989879,2.147725311849
    ));
#4323 = CARTESIAN_POINT('',(-1.927802676939,3.00000000463,2.35227504316)
  );
#4324 = CARTESIAN_POINT('',(-3.85573600851,1.638219046623,2.454535356641
    ));
#4325 = CARTESIAN_POINT('',(-4.712305603011,-1.094082494157,
    2.556846072619));
#4326 = CARTESIAN_POINT('',(-3.431769175388,-4.209046448286,
    2.659040098971));
#4327 = CARTESIAN_POINT('',(0.10646849015,-5.950414211398,2.761432138811
    ));
#4328 = CARTESIAN_POINT('',(4.13229361553,-4.282862862677,2.863568216321
    ));
#4329 = CARTESIAN_POINT('',(5.402872537118,-0.54961807199,2.965960256009
    ));
#4330 = CARTESIAN_POINT('',(4.105736417289,2.558470064704,3.068154282606
    ));
#4331 = CARTESIAN_POINT('',(1.568021310917,3.884812862989,3.17046499833)
  );
#4332 = CARTESIAN_POINT('',(-0.758157974492,3.4844826983,3.272725312009)
  );
#4333 = CARTESIAN_POINT('',(-3.48448269249,0.758158001184,3.47727504308)
  );
#4334 = CARTESIAN_POINT('',(-3.884812875009,-1.56802128115,
    3.579535356771));
#4335 = CARTESIAN_POINT('',(-2.558470096135,-4.105736397705,
    3.681846072448));
#4336 = CARTESIAN_POINT('',(0.549618030559,-5.402872541296,
    3.784040099159));
#4337 = CARTESIAN_POINT('',(4.282862831078,-4.132293648382,
    3.886432138637));
#4338 = CARTESIAN_POINT('',(5.950414210523,-0.106468535694,
    3.988568216456));
#4339 = CARTESIAN_POINT('',(4.209046474624,3.431769143116,4.090960255924
    ));
#4340 = CARTESIAN_POINT('',(1.094082530227,4.712305594643,4.193154282648
    ));
#4341 = CARTESIAN_POINT('',(-1.63821901707,3.855736021056,4.295464998315
    ));
#4342 = CARTESIAN_POINT('',(-2.999999989868,1.927802699921,
    4.397725312011));
#4343 = CARTESIAN_POINT('',(-3.000000004636,-1.927802676939,
    4.60227504308));
#4344 = CARTESIAN_POINT('',(-1.638219046609,-3.855736008506,
    4.704535356768));
#4345 = CARTESIAN_POINT('',(1.094082494129,-4.712305603021,
    4.806846072455));
#4346 = CARTESIAN_POINT('',(4.209046448334,-3.431769175373,
    4.909040099147));
#4347 = CARTESIAN_POINT('',(5.950414211334,0.106468490135,5.011432138654
    ));
#4348 = CARTESIAN_POINT('',(4.282862862742,4.132293615538,5.113568216436
    ));
#4349 = CARTESIAN_POINT('',(0.54961807194,5.402872537117,5.215960255942)
  );
#4350 = CARTESIAN_POINT('',(-2.558470064676,4.105736417286,
    5.318154282635));
#4351 = CARTESIAN_POINT('',(-3.884812863,1.568021310919,5.420464998323)
  );
#4352 = CARTESIAN_POINT('',(-3.484482698298,-0.758157974492,
    5.522725312008));
#4353 = CARTESIAN_POINT('',(-0.758158001185,-3.48448269249,
    5.727275043084));
#4354 = CARTESIAN_POINT('',(1.568021281153,-3.88481287501,5.829535356746
    ));
#4355 = CARTESIAN_POINT('',(4.1057363977,-2.558470096136,5.931846072512)
  );
#4356 = CARTESIAN_POINT('',(5.402872541305,0.549618030562,6.034040099037
    ));
#4357 = CARTESIAN_POINT('',(4.13229364837,4.282862831071,6.136432138822)
  );
#4358 = CARTESIAN_POINT('',(0.106468535707,5.950414210535,6.238568216224
    ));
#4359 = CARTESIAN_POINT('',(-3.431769143126,4.209046474608,
    6.340960256166));
#4360 = CARTESIAN_POINT('',(-4.712305594637,1.094082530241,
    6.443154282438));
#4361 = CARTESIAN_POINT('',(-3.855736021058,-1.63821901708,
    6.545464998466));
#4362 = CARTESIAN_POINT('',(-1.927802699921,-2.999999989862,
    6.647725311924));
#4363 = CARTESIAN_POINT('',(1.92780267694,-3.000000004647,6.852275043246
    ));
#4364 = CARTESIAN_POINT('',(3.855736008495,-1.638219046549,
    6.954535355809));
#4365 = CARTESIAN_POINT('',(4.712305603058,1.094082493957,7.056846075216
    ));
#4366 = CARTESIAN_POINT('',(3.431769175292,4.209046448686,7.159040093475
    ));
#4367 = CARTESIAN_POINT('',(-0.106468489999,5.950414210767,
    7.261432147777));
#4368 = CARTESIAN_POINT('',(-4.132293615722,4.28286286349,7.3635682045)
  );
#4369 = CARTESIAN_POINT('',(-5.402872536915,0.549618071123,
    7.465960268871));
#4370 = CARTESIAN_POINT('',(-4.105736417468,-2.558470063932,
    7.568154270969));
#4371 = CARTESIAN_POINT('',(-1.568021310783,-3.884812863562,
    7.670465007072));
#4372 = CARTESIAN_POINT('',(0.758157974409,-3.484482697949,
    7.772725306614));
#4373 = CARTESIAN_POINT('',(3.484482692656,-0.75815800188,7.97727505382)
  );
#4374 = CARTESIAN_POINT('',(3.884812874038,1.568021285228,8.079535293816
    ));
#4375 = CARTESIAN_POINT('',(2.558470098947,4.105736385901,8.181846254728
    ));
#4376 = CARTESIAN_POINT('',(-0.549618036352,5.402872565613,
    8.284039723588));
#4377 = CARTESIAN_POINT('',(-4.282862821744,4.132293609222,8.38643274355
    ));
#4378 = CARTESIAN_POINT('',(-5.950414222748,0.106468586954,8.48856742455
    ));
#4379 = CARTESIAN_POINT('',(-4.209046461368,-3.431769198647,
    8.590961113862));
#4380 = CARTESIAN_POINT('',(-1.094082542199,-4.712305544529,
    8.693153508376));
#4381 = CARTESIAN_POINT('',(1.638219026058,-3.855736058654,
    8.795465579221));
#4382 = CARTESIAN_POINT('',(2.999999984321,-1.927802676726,
    8.897724953643));
#4383 = CARTESIAN_POINT('',(3.,-2.298227312365E-08,9.000000355087));
#4384 = PCURVE('',#690,#4385);
#4385 = DEFINITIONAL_REPRESENTATION('',(#4386),#4389);
#4386 = B_SPLINE_CURVE_WITH_KNOTS('',1,(#4387,#4388),.UNSPECIFIED.,.F.,
  .F.,(2,2),(0.,57.260386184106),.PIECEWISE_BEZIER_KNOTS.);
#4387 = CARTESIAN_POINT('',(0.,0.));
#4388 = CARTESIAN_POINT('',(0.,57.260386184106));
#4389 = ( GEOMETRIC_REPRESENTATION_CONTEXT(2) 
PARAMETRIC_REPRESENTATION_CONTEXT() REPRESENTATION_CONTEXT('2D SPACE',''
  ) );
#4390 = PCURVE('',#1007,#4391);
#4391 = DEFINITIONAL_REPRESENTATION('',(#4392),#4396);
#4392 = LINE('',#4393,#4394);
#4393 = CARTESIAN_POINT('',(0.893913306759,0.));
#4394 = VECTOR('',#4395,1.);
#4395 = DIRECTION('',(0.,1.));
#4396 = ( GEOMETRIC_REPRESENTATION_CONTEXT(2) 
PARAMETRIC_REPRESENTATION_CONTEXT() REPRESENTATION_CONTEXT('2D SPACE',''
  ) );
#4397 = ORIENTED_EDGE('',*,*,#4398,.T.);
#4398 = EDGE_CURVE('',#4298,#4399,#4401,.T.);
#4399 = VERTEX_POINT('',#4400);
#4400 = CARTESIAN_POINT('',(3.,0.,3.000000569147));
#4401 = SURFACE_CURVE('',#4402,(#4412,#4425),.PCURVE_S1.);
#4402 = B_SPLINE_CURVE_WITH_KNOTS('',8,(#4403,#4404,#4405,#4406,#4407,
    #4408,#4409,#4410,#4411),.UNSPECIFIED.,.F.,.F.,(9,9),(0.,1.),
  .PIECEWISE_BEZIER_KNOTS.);
#4403 = CARTESIAN_POINT('',(1.681553232451,2.484427243135,3.155301099112
    ));
#4404 = CARTESIAN_POINT('',(1.984443961424,2.27941947493,3.13589939937)
  );
#4405 = CARTESIAN_POINT('',(2.259161729682,2.031944108834,3.11647143508)
  );
#4406 = CARTESIAN_POINT('',(2.498098920403,1.74687521482,3.097056031921)
  );
#4407 = CARTESIAN_POINT('',(2.695525238466,1.430452755911,3.077648956833
    ));
#4408 = CARTESIAN_POINT('',(2.846898292678,1.089598086809,3.058243645604
    ));
#4409 = CARTESIAN_POINT('',(2.949040253575,0.731948888828,3.038831065082
    ));
#4410 = CARTESIAN_POINT('',(3.000000002452,0.365744056783,3.019405200646
    ));
#4411 = CARTESIAN_POINT('',(3.,-1.765320738455E-15,3.000003602814));
#4412 = PCURVE('',#690,#4413);
#4413 = DEFINITIONAL_REPRESENTATION('',(#4414),#4424);
#4414 = B_SPLINE_CURVE_WITH_KNOTS('',8,(#4415,#4416,#4417,#4418,#4419,
    #4420,#4421,#4422,#4423),.UNSPECIFIED.,.F.,.F.,(9,9),(0.,1.),
  .PIECEWISE_BEZIER_KNOTS.);
#4415 = CARTESIAN_POINT('',(0.,20.074861220291));
#4416 = CARTESIAN_POINT('',(3.794049827446E-06,19.951409002279));
#4417 = CARTESIAN_POINT('',(5.312329076012E-06,19.827797728849));
#4418 = CARTESIAN_POINT('',(3.542332616378E-06,19.704277911879));
#4419 = CARTESIAN_POINT('',(-6.630716538823E-08,19.58081786968));
#4420 = CARTESIAN_POINT('',(-1.348488043778E-06,19.457360376197));
#4421 = CARTESIAN_POINT('',(-1.171767528843E-07,19.333848140662));
#4422 = CARTESIAN_POINT('',(2.667363807692E-06,19.210245653418));
#4423 = CARTESIAN_POINT('',(5.425105161258E-06,19.086797749821));
#4424 = ( GEOMETRIC_REPRESENTATION_CONTEXT(2) 
PARAMETRIC_REPRESENTATION_CONTEXT() REPRESENTATION_CONTEXT('2D SPACE',''
  ) );
#4425 = PCURVE('',#1007,#4426);
#4426 = DEFINITIONAL_REPRESENTATION('',(#4427),#4436);
#4427 = B_SPLINE_CURVE_WITH_KNOTS('',7,(#4428,#4429,#4430,#4431,#4432,
    #4433,#4434,#4435),.UNSPECIFIED.,.F.,.F.,(8,8),(0.,1.),
  .PIECEWISE_BEZIER_KNOTS.);
#4428 = CARTESIAN_POINT('',(0.893913306759,20.074861220291));
#4429 = CARTESIAN_POINT('',(0.893911657864,19.933772955534));
#4430 = CARTESIAN_POINT('',(0.893911216916,19.79247294637));
#4431 = CARTESIAN_POINT('',(0.893912498849,19.651360789925));
#4432 = CARTESIAN_POINT('',(0.893913990622,19.510274804372));
#4433 = CARTESIAN_POINT('',(0.893913660408,19.36917020801));
#4434 = CARTESIAN_POINT('',(0.893912435749,19.227881171606));
#4435 = CARTESIAN_POINT('',(0.893911270226,19.086797837913));
#4436 = ( GEOMETRIC_REPRESENTATION_CONTEXT(2) 
PARAMETRIC_REPRESENTATION_CONTEXT() REPRESENTATION_CONTEXT('2D SPACE',''
  ) );
#4437 = ORIENTED_EDGE('',*,*,#4438,.T.);
#4438 = EDGE_CURVE('',#4399,#4439,#4441,.T.);
#4439 = VERTEX_POINT('',#4440);
#4440 = CARTESIAN_POINT('',(2.305886240363,-1.919085367193,
    2.889530562409));
#4441 = SURFACE_CURVE('',#4442,(#4451,#4463),.PCURVE_S1.);
#4442 = B_SPLINE_CURVE_WITH_KNOTS('',7,(#4443,#4444,#4445,#4446,#4447,
    #4448,#4449,#4450),.UNSPECIFIED.,.F.,.F.,(8,8),(0.,1.),
  .PIECEWISE_BEZIER_KNOTS.);
#4443 = CARTESIAN_POINT('',(3.,-1.33226762955E-15,3.000003602814));
#4444 = CARTESIAN_POINT('',(3.,-0.297433828027,2.984225653968));
#4445 = CARTESIAN_POINT('',(2.965595869754,-0.594986430623,
    2.968441325458));
#4446 = CARTESIAN_POINT('',(2.896740700432,-0.887670605094,
    2.952661377679));
#4447 = CARTESIAN_POINT('',(2.794351131985,-1.170753739965,
    2.936882094663));
#4448 = CARTESIAN_POINT('',(2.660046982939,-1.439759636313,2.92110006473
    ));
#4449 = CARTESIAN_POINT('',(2.496153393746,-1.690469105401,
    2.905312494842));
#4450 = CARTESIAN_POINT('',(2.30588562029,-1.919086112227,2.889530510985
    ));
#4451 = PCURVE('',#690,#4452);
#4452 = DEFINITIONAL_REPRESENTATION('',(#4453),#4462);
#4453 = B_SPLINE_CURVE_WITH_KNOTS('',7,(#4454,#4455,#4456,#4457,#4458,
    #4459,#4460,#4461),.UNSPECIFIED.,.F.,.F.,(8,8),(0.,1.),
  .PIECEWISE_BEZIER_KNOTS.);
#4454 = CARTESIAN_POINT('',(5.423668779363E-06,19.086797763399));
#4455 = CARTESIAN_POINT('',(7.668750907859E-06,18.986406296105));
#4456 = CARTESIAN_POINT('',(9.916667729922E-06,18.885974248517));
#4457 = CARTESIAN_POINT('',(1.133674317477E-05,18.785573031039));
#4458 = CARTESIAN_POINT('',(1.090958125746E-05,18.685182618126));
#4459 = CARTESIAN_POINT('',(8.357836139681E-06,18.584782279728));
#4460 = CARTESIAN_POINT('',(4.411152064403E-06,18.484351643536));
#4461 = CARTESIAN_POINT('',(0.,18.38395818396));
#4462 = ( GEOMETRIC_REPRESENTATION_CONTEXT(2) 
PARAMETRIC_REPRESENTATION_CONTEXT() REPRESENTATION_CONTEXT('2D SPACE',''
  ) );
#4463 = PCURVE('',#1007,#4464);
#4464 = DEFINITIONAL_REPRESENTATION('',(#4465),#4472);
#4465 = B_SPLINE_CURVE_WITH_KNOTS('',5,(#4466,#4467,#4468,#4469,#4470,
    #4471),.UNSPECIFIED.,.F.,.F.,(6,6),(0.,1.),
  .PIECEWISE_BEZIER_KNOTS.);
#4466 = CARTESIAN_POINT('',(0.893911270226,19.086797837913));
#4467 = CARTESIAN_POINT('',(0.893910074959,18.946249505753));
#4468 = CARTESIAN_POINT('',(0.893908869082,18.805619164009));
#4469 = CARTESIAN_POINT('',(0.893908996364,18.665136132746));
#4470 = CARTESIAN_POINT('',(0.893910972279,18.524509321468));
#4471 = CARTESIAN_POINT('',(0.893913306759,18.38395818396));
#4472 = ( GEOMETRIC_REPRESENTATION_CONTEXT(2) 
PARAMETRIC_REPRESENTATION_CONTEXT() REPRESENTATION_CONTEXT('2D SPACE',''
  ) );
#4473 = ORIENTED_EDGE('',*,*,#4474,.T.);
#4474 = EDGE_CURVE('',#4439,#4475,#4477,.T.);
#4475 = VERTEX_POINT('',#4476);
#4476 = CARTESIAN_POINT('',(-1.834434138352,2.373784192397,
    2.354712451748));
#4477 = SURFACE_CURVE('',#4478,(#4491,#4498),.PCURVE_S1.);
#4478 = B_SPLINE_CURVE_WITH_KNOTS('',11,(#4479,#4480,#4481,#4482,#4483,
    #4484,#4485,#4486,#4487,#4488,#4489,#4490),.UNSPECIFIED.,.F.,.F.,(12
    ,12),(17.403783258712,20.806437673383),.PIECEWISE_BEZIER_KNOTS.);
#4479 = CARTESIAN_POINT('',(2.305886240363,-1.919085367193,
    2.889530562409));
#4480 = CARTESIAN_POINT('',(1.719624949454,-2.62349282459,2.840910733068
    ));
#4481 = CARTESIAN_POINT('',(0.896655023648,-3.130895736085,
    2.792290926342));
#4482 = CARTESIAN_POINT('',(-8.946016794076E-02,-3.35292981857,
    2.743671145396));
#4483 = CARTESIAN_POINT('',(-1.128037461365,-3.232128678442,
    2.695051348469));
#4484 = CARTESIAN_POINT('',(-2.086121809372,-2.759708787946,
    2.646431452182));
#4485 = CARTESIAN_POINT('',(-2.83329800819,-1.985050535671,
    2.597811461453));
#4486 = CARTESIAN_POINT('',(-3.270832205615,-1.010294205009,
    2.549191662564));
#4487 = CARTESIAN_POINT('',(-3.353993695074,3.189741340286E-02,
    2.500572266514));
#4488 = CARTESIAN_POINT('',(-3.096429264843,1.009272369467,
    2.451952198325));
#4489 = CARTESIAN_POINT('',(-2.559587985912,1.813361768684,
    2.403332207449));
#4490 = CARTESIAN_POINT('',(-1.834434138352,2.373784192397,
    2.354712451748));
#4491 = PCURVE('',#690,#4492);
#4492 = DEFINITIONAL_REPRESENTATION('',(#4493),#4497);
#4493 = LINE('',#4494,#4495);
#4494 = CARTESIAN_POINT('',(-2.300785580218E-14,35.787741769844));
#4495 = VECTOR('',#4496,1.);
#4496 = DIRECTION('',(1.289149561051E-15,-1.));
#4497 = ( GEOMETRIC_REPRESENTATION_CONTEXT(2) 
PARAMETRIC_REPRESENTATION_CONTEXT() REPRESENTATION_CONTEXT('2D SPACE',''
  ) );
#4498 = PCURVE('',#1007,#4499);
#4499 = DEFINITIONAL_REPRESENTATION('',(#4500),#4504);
#4500 = LINE('',#4501,#4502);
#4501 = CARTESIAN_POINT('',(0.893913306759,35.787741769844));
#4502 = VECTOR('',#4503,1.);
#4503 = DIRECTION('',(1.076728793107E-15,-1.));
#4504 = ( GEOMETRIC_REPRESENTATION_CONTEXT(2) 
PARAMETRIC_REPRESENTATION_CONTEXT() REPRESENTATION_CONTEXT('2D SPACE',''
  ) );
#4505 = ORIENTED_EDGE('',*,*,#4506,.T.);
#4506 = EDGE_CURVE('',#4475,#4507,#4509,.T.);
#4507 = VERTEX_POINT('',#4508);
#4508 = CARTESIAN_POINT('',(-4.989846943239E-03,2.999995850235,
    2.25026490232));
#4509 = SURFACE_CURVE('',#4510,(#4518,#4529),.PCURVE_S1.);
#4510 = B_SPLINE_CURVE_WITH_KNOTS('',6,(#4511,#4512,#4513,#4514,#4515,
    #4516,#4517),.UNSPECIFIED.,.F.,.F.,(7,7),(0.,1.),
  .PIECEWISE_BEZIER_KNOTS.);
#4511 = CARTESIAN_POINT('',(-1.834434278264,2.373784084269,
    2.354712461129));
#4512 = CARTESIAN_POINT('',(-1.574819625479,2.574411437601,
    2.337312344866));
#4513 = CARTESIAN_POINT('',(-1.288778503603,2.741040149889,2.3199076228)
  );
#4514 = CARTESIAN_POINT('',(-0.98208713759,2.869137746872,2.302508995502
    ));
#4515 = CARTESIAN_POINT('',(-0.661229451942,2.955845554901,
    2.285102615378));
#4516 = CARTESIAN_POINT('',(-0.333083086764,2.999450137797,2.26767134664
    ));
#4517 = CARTESIAN_POINT('',(-4.989846943239E-03,2.999995850235,
    2.25026490232));
#4518 = PCURVE('',#690,#4519);
#4519 = DEFINITIONAL_REPRESENTATION('',(#4520),#4528);
#4520 = B_SPLINE_CURVE_WITH_KNOTS('',6,(#4521,#4522,#4523,#4524,#4525,
    #4526,#4527),.UNSPECIFIED.,.F.,.F.,(7,7),(0.,1.),
  .PIECEWISE_BEZIER_KNOTS.);
#4521 = CARTESIAN_POINT('',(0.,14.981304156151));
#4522 = CARTESIAN_POINT('',(1.07851461432E-05,14.870561463894));
#4523 = CARTESIAN_POINT('',(2.460844181358E-05,14.759778449501));
#4524 = CARTESIAN_POINT('',(3.622502941292E-05,14.649041780815));
#4525 = CARTESIAN_POINT('',(3.485037471613E-05,14.538301845048));
#4526 = CARTESIAN_POINT('',(4.3414183506E-07,14.427521350823));
#4527 = CARTESIAN_POINT('',(0.,14.316780760555));
#4528 = ( GEOMETRIC_REPRESENTATION_CONTEXT(2) 
PARAMETRIC_REPRESENTATION_CONTEXT() REPRESENTATION_CONTEXT('2D SPACE',''
  ) );
#4529 = PCURVE('',#1007,#4530);
#4530 = DEFINITIONAL_REPRESENTATION('',(#4531),#4538);
#4531 = B_SPLINE_CURVE_WITH_KNOTS('',5,(#4532,#4533,#4534,#4535,#4536,
    #4537),.UNSPECIFIED.,.F.,.F.,(6,6),(0.,1.),
  .PIECEWISE_BEZIER_KNOTS.);
#4532 = CARTESIAN_POINT('',(0.893913306759,14.981304156151));
#4533 = CARTESIAN_POINT('',(0.893908238513,14.848412685545));
#4534 = CARTESIAN_POINT('',(0.893902869515,14.715463187274));
#4535 = CARTESIAN_POINT('',(0.893894813108,14.582619392718));
#4536 = CARTESIAN_POINT('',(0.893912880841,14.449669485562));
#4537 = CARTESIAN_POINT('',(0.893913306759,14.316780760555));
#4538 = ( GEOMETRIC_REPRESENTATION_CONTEXT(2) 
PARAMETRIC_REPRESENTATION_CONTEXT() REPRESENTATION_CONTEXT('2D SPACE',''
  ) );
#4539 = ORIENTED_EDGE('',*,*,#4540,.T.);
#4540 = EDGE_CURVE('',#4507,#4541,#4543,.T.);
#4541 = VERTEX_POINT('',#4542);
#4542 = CARTESIAN_POINT('',(4.990001147827E-03,2.999995849979,
    2.249735445727));
#4543 = SURFACE_CURVE('',#4544,(#4553,#4560),.PCURVE_S1.);
#4544 = B_SPLINE_CURVE_WITH_KNOTS('',7,(#4545,#4546,#4547,#4548,#4549,
    #4550,#4551,#4552),.UNSPECIFIED.,.F.,.F.,(8,8),(0.,1.),
  .PIECEWISE_BEZIER_KNOTS.);
#4545 = CARTESIAN_POINT('',(-1.834434278205,2.373784084315,
    2.354712461125));
#4546 = CARTESIAN_POINT('',(-1.602196488649,2.553254898308,
    2.339136427699));
#4547 = CARTESIAN_POINT('',(-1.351849340843,2.704383879001,
    2.323718207895));
#4548 = CARTESIAN_POINT('',(-1.08686200608,2.826037211682,2.308399436788
    ));
#4549 = CARTESIAN_POINT('',(-0.811629451707,2.916391838513,2.2932029598)
  );
#4550 = CARTESIAN_POINT('',(-0.532200255065,2.974288620608,
    2.278220179675));
#4551 = CARTESIAN_POINT('',(-0.256555506205,3.000430871244,2.26361131014
    ));
#4552 = CARTESIAN_POINT('',(4.989808482221E-03,2.999995850299,
    2.249735455949));
#4553 = PCURVE('',#690,#4554);
#4554 = DEFINITIONAL_REPRESENTATION('',(#4555),#4559);
#4555 = B_SPLINE_CURVE_WITH_KNOTS('',2,(#4556,#4557,#4558),
  .UNSPECIFIED.,.F.,.F.,(3,3),(0.994553835574,1.),
  .PIECEWISE_BEZIER_KNOTS.);
#4556 = CARTESIAN_POINT('',(0.,14.316780760554));
#4557 = CARTESIAN_POINT('',(0.,14.315095089099));
#4558 = CARTESIAN_POINT('',(0.,14.313412352237));
#4559 = ( GEOMETRIC_REPRESENTATION_CONTEXT(2) 
PARAMETRIC_REPRESENTATION_CONTEXT() REPRESENTATION_CONTEXT('2D SPACE',''
  ) );
#4560 = PCURVE('',#1007,#4561);
#4561 = DEFINITIONAL_REPRESENTATION('',(#4562),#4571);
#4562 = B_SPLINE_CURVE_WITH_KNOTS('',7,(#4563,#4564,#4565,#4566,#4567,
    #4568,#4569,#4570),.UNSPECIFIED.,.F.,.F.,(8,8),(0.,1.),
  .PIECEWISE_BEZIER_KNOTS.);
#4563 = CARTESIAN_POINT('',(0.893913306759,14.981304156126));
#4564 = CARTESIAN_POINT('',(0.893903658923,14.882239493238));
#4565 = CARTESIAN_POINT('',(0.893891639184,14.784187202437));
#4566 = CARTESIAN_POINT('',(0.893881465357,14.686760646273));
#4567 = CARTESIAN_POINT('',(0.893876532613,14.590093871614));
#4568 = CARTESIAN_POINT('',(0.893892119992,14.494712934613));
#4569 = CARTESIAN_POINT('',(0.893913652841,14.401691167568));
#4570 = CARTESIAN_POINT('',(0.893913306759,14.313412352237));
#4571 = ( GEOMETRIC_REPRESENTATION_CONTEXT(2) 
PARAMETRIC_REPRESENTATION_CONTEXT() REPRESENTATION_CONTEXT('2D SPACE',''
  ) );
#4572 = ORIENTED_EDGE('',*,*,#4573,.F.);
#4573 = EDGE_CURVE('',#4574,#4541,#4576,.T.);
#4574 = VERTEX_POINT('',#4575);
#4575 = CARTESIAN_POINT('',(1.834433140841,2.373784963307,2.145287971443
    ));
#4576 = SURFACE_CURVE('',#4577,(#4586,#4598),.PCURVE_S1.);
#4577 = B_SPLINE_CURVE_WITH_KNOTS('',7,(#4578,#4579,#4580,#4581,#4582,
    #4583,#4584,#4585),.UNSPECIFIED.,.F.,.F.,(8,8),(0.,1.),
  .PIECEWISE_BEZIER_KNOTS.);
#4578 = CARTESIAN_POINT('',(1.834434295616,2.373784070859,2.145287894018
    ));
#4579 = CARTESIAN_POINT('',(1.602196521188,2.553254875883,2.160863926505
    ));
#4580 = CARTESIAN_POINT('',(1.351849351988,2.704383880753,2.17628214796)
  );
#4581 = CARTESIAN_POINT('',(1.08686200157,2.826037213195,2.191600919639)
  );
#4582 = CARTESIAN_POINT('',(0.811629468008,2.916391824484,2.206797395389
    ));
#4583 = CARTESIAN_POINT('',(0.532200318956,2.974288602841,2.221780173192
    ));
#4584 = CARTESIAN_POINT('',(0.256555589044,3.000430874735,2.236389041692
    ));
#4585 = CARTESIAN_POINT('',(-4.989846943239E-03,2.999995850235,
    2.25026490232));
#4586 = PCURVE('',#690,#4587);
#4587 = DEFINITIONAL_REPRESENTATION('',(#4588),#4597);
#4588 = B_SPLINE_CURVE_WITH_KNOTS('',7,(#4589,#4590,#4591,#4592,#4593,
    #4594,#4595,#4596),.UNSPECIFIED.,.F.,.F.,(8,8),(0.,1.),
  .PIECEWISE_BEZIER_KNOTS.);
#4589 = CARTESIAN_POINT('',(0.,13.648888936257));
#4590 = CARTESIAN_POINT('',(9.647830701283E-06,13.747953593253));
#4591 = CARTESIAN_POINT('',(2.16675647828E-05,13.846005894671));
#4592 = CARTESIAN_POINT('',(3.184139758555E-05,13.943432454562));
#4593 = CARTESIAN_POINT('',(3.677411638375E-05,14.040099221562));
#4594 = CARTESIAN_POINT('',(2.118677503333E-05,14.13548014375));
#4595 = CARTESIAN_POINT('',(-3.460839839093E-07,14.22850190428));
#4596 = CARTESIAN_POINT('',(0.,14.316780760555));
#4597 = ( GEOMETRIC_REPRESENTATION_CONTEXT(2) 
PARAMETRIC_REPRESENTATION_CONTEXT() REPRESENTATION_CONTEXT('2D SPACE',''
  ) );
#4598 = PCURVE('',#4599,#4604);
#4599 = CYLINDRICAL_SURFACE('',#4600,3.);
#4600 = AXIS2_PLACEMENT_3D('',#4601,#4602,#4603);
#4601 = CARTESIAN_POINT('',(0.,0.,0.));
#4602 = DIRECTION('',(-0.,-0.,-1.));
#4603 = DIRECTION('',(1.,0.,0.));
#4604 = DEFINITIONAL_REPRESENTATION('',(#4605),#4614);
#4605 = B_SPLINE_CURVE_WITH_KNOTS('',7,(#4606,#4607,#4608,#4609,#4610,
    #4611,#4612,#4613),.UNSPECIFIED.,.F.,.F.,(8,8),(0.,1.),
  .PIECEWISE_BEZIER_KNOTS.);
#4606 = CARTESIAN_POINT('',(-0.912869052966,-2.145287894018));
#4607 = CARTESIAN_POINT('',(-1.010703467342,-2.160863926505));
#4608 = CARTESIAN_POINT('',(-1.107537721506,-2.17628214796));
#4609 = CARTESIAN_POINT('',(-1.203753314258,-2.191600919639));
#4610 = CARTESIAN_POINT('',(-1.299216822694,-2.206797395389));
#4611 = CARTESIAN_POINT('',(-1.393410969498,-2.221780173192));
#4612 = CARTESIAN_POINT('',(-1.485277677286,-2.236389041692));
#4613 = CARTESIAN_POINT('',(-1.572459609876,-2.25026490232));
#4614 = ( GEOMETRIC_REPRESENTATION_CONTEXT(2) 
PARAMETRIC_REPRESENTATION_CONTEXT() REPRESENTATION_CONTEXT('2D SPACE',''
  ) );
#4615 = ORIENTED_EDGE('',*,*,#4616,.T.);
#4616 = EDGE_CURVE('',#4574,#4617,#4619,.T.);
#4617 = VERTEX_POINT('',#4618);
#4618 = CARTESIAN_POINT('',(3.,4.440892098501E-16,1.999997721314));
#4619 = SURFACE_CURVE('',#4620,(#4633,#4640),.PCURVE_S1.);
#4620 = B_SPLINE_CURVE_WITH_KNOTS('',11,(#4621,#4622,#4623,#4624,#4625,
    #4626,#4627,#4628,#4629,#4630,#4631,#4632),.UNSPECIFIED.,.F.,.F.,(12
    ,12),(12.917317019589,13.841679848327),.PIECEWISE_BEZIER_KNOTS.);
#4621 = CARTESIAN_POINT('',(1.834433140841,2.373784963307,2.145287971443
    ));
#4622 = CARTESIAN_POINT('',(2.031428015371,2.221541064255,2.132079961041
    ));
#4623 = CARTESIAN_POINT('',(2.214525657144,2.051314830622,2.118871933283
    ));
#4624 = CARTESIAN_POINT('',(2.381902401772,1.864517277539,2.105663891332
    ));
#4625 = CARTESIAN_POINT('',(2.531895332336,1.662766854574,2.092455841575
    ));
#4626 = CARTESIAN_POINT('',(2.663029335632,1.447868281954,2.079247790047
    ));
#4627 = CARTESIAN_POINT('',(2.774041058805,1.221787742188,2.066039741078
    ));
#4628 = CARTESIAN_POINT('',(2.863898976114,0.986624591605,2.052831697083
    ));
#4629 = CARTESIAN_POINT('',(2.931818901315,0.744580193826,2.039623658873
    ));
#4630 = CARTESIAN_POINT('',(2.977274486578,0.49792473046,2.02641562613)
  );
#4631 = CARTESIAN_POINT('',(3.00000248142,0.248962958991,2.013207597874)
  );
#4632 = CARTESIAN_POINT('',(3.000002751685,-9.822442725849E-08,
    1.99999957284));
#4633 = PCURVE('',#690,#4634);
#4634 = DEFINITIONAL_REPRESENTATION('',(#4635),#4639);
#4635 = LINE('',#4636,#4637);
#4636 = CARTESIAN_POINT('',(3.247759824198E-14,26.566206448444));
#4637 = VECTOR('',#4638,1.);
#4638 = DIRECTION('',(-3.082996868961E-17,-1.));
#4639 = ( GEOMETRIC_REPRESENTATION_CONTEXT(2) 
PARAMETRIC_REPRESENTATION_CONTEXT() REPRESENTATION_CONTEXT('2D SPACE',''
  ) );
#4640 = PCURVE('',#1007,#4641);
#4641 = DEFINITIONAL_REPRESENTATION('',(#4642),#4646);
#4642 = LINE('',#4643,#4644);
#4643 = CARTESIAN_POINT('',(0.893913306759,26.566206448444));
#4644 = VECTOR('',#4645,1.);
#4645 = DIRECTION('',(-4.227760923723E-14,-1.));
#4646 = ( GEOMETRIC_REPRESENTATION_CONTEXT(2) 
PARAMETRIC_REPRESENTATION_CONTEXT() REPRESENTATION_CONTEXT('2D SPACE',''
  ) );
#4647 = ORIENTED_EDGE('',*,*,#4648,.F.);
#4648 = EDGE_CURVE('',#4649,#4617,#4651,.T.);
#4649 = VERTEX_POINT('',#4650);
#4650 = CARTESIAN_POINT('',(0.273509521183,-2.987506073951,
    1.764530562451));
#4651 = SURFACE_CURVE('',#4652,(#4667,#4688),.PCURVE_S1.);
#4652 = B_SPLINE_CURVE_WITH_KNOTS('',7,(#4653,#4654,#4655,#4656,#4657,
    #4658,#4659,#4660,#4661,#4662,#4663,#4664,#4665,#4666),
  .UNSPECIFIED.,.F.,.F.,(8,6,8),(0.,0.528591005291,1.),.UNSPECIFIED.);
#4653 = CARTESIAN_POINT('',(0.273508555422,-2.987506162355,
    1.764530511001));
#4654 = CARTESIAN_POINT('',(0.607228766621,-2.956953812696,
    1.782306292633));
#4655 = CARTESIAN_POINT('',(0.93717234243,-2.882890522751,1.800093383215
    ));
#4656 = CARTESIAN_POINT('',(1.256153434038,-2.765883138181,
    1.817872424648));
#4657 = CARTESIAN_POINT('',(1.557592033324,-2.608051967688,
    1.835650370189));
#4658 = CARTESIAN_POINT('',(1.835469407453,-2.412549439591,1.85343186975
    ));
#4659 = CARTESIAN_POINT('',(2.084298785773,-2.183575797718,
    1.871222486806));
#4660 = CARTESIAN_POINT('',(2.491466220689,-1.69762103487,1.904858461689
    ));
#4661 = CARTESIAN_POINT('',(2.656845656321,-1.446153856741,
    1.920719603204));
#4662 = CARTESIAN_POINT('',(2.79239646977,-1.176140844264,1.936574914352
    ));
#4663 = CARTESIAN_POINT('',(2.895754248938,-0.891852042809,
    1.952427808272));
#4664 = CARTESIAN_POINT('',(2.965267189007,-0.597821652192,
    1.968282439602));
#4665 = CARTESIAN_POINT('',(3.000000003215,-0.298851186096,
    1.984142781859));
#4666 = CARTESIAN_POINT('',(3.,4.440892098501E-16,1.999997721314));
#4667 = PCURVE('',#690,#4668);
#4668 = DEFINITIONAL_REPRESENTATION('',(#4669),#4687);
#4669 = B_SPLINE_CURVE_WITH_KNOTS('',6,(#4670,#4671,#4672,#4673,#4674,
    #4675,#4676,#4677,#4678,#4679,#4680,#4681,#4682,#4683,#4684,#4685,
    #4686),.UNSPECIFIED.,.F.,.F.,(7,5,5,7),(2.185287451173E-07,
    0.500000109264,0.750000054632,1.),.UNSPECIFIED.);
#4670 = CARTESIAN_POINT('',(5.402438561651E-12,11.226410238389));
#4671 = CARTESIAN_POINT('',(2.101438193126E-06,11.351236777828));
#4672 = CARTESIAN_POINT('',(3.868413264579E-06,11.47614670597));
#4673 = CARTESIAN_POINT('',(4.490819256941E-06,11.600969148837));
#4674 = CARTESIAN_POINT('',(3.914926287692E-06,11.725780050816));
#4675 = CARTESIAN_POINT('',(2.665972449443E-06,11.850670313354));
#4676 = CARTESIAN_POINT('',(1.095957735028E-06,12.037936554936));
#4677 = CARTESIAN_POINT('',(7.587120525787E-07,12.100330196319));
#4678 = CARTESIAN_POINT('',(2.947830584015E-07,12.162784897639));
#4679 = CARTESIAN_POINT('',(1.009952955524E-07,12.225183590244));
#4680 = CARTESIAN_POINT('',(1.5190602258E-07,12.287605783296));
#4681 = CARTESIAN_POINT('',(3.967895765681E-07,12.41243522572));
#4682 = CARTESIAN_POINT('',(6.244493126818E-07,12.474848251942));
#4683 = CARTESIAN_POINT('',(9.216272344085E-07,12.537266520568));
#4684 = CARTESIAN_POINT('',(1.211082124299E-06,12.599690876202));
#4685 = CARTESIAN_POINT('',(1.373290628814E-06,12.6621152356));
#4686 = CARTESIAN_POINT('',(1.246447258328E-06,12.724526587667));
#4687 = ( GEOMETRIC_REPRESENTATION_CONTEXT(2) 
PARAMETRIC_REPRESENTATION_CONTEXT() REPRESENTATION_CONTEXT('2D SPACE',''
  ) );
#4688 = PCURVE('',#1007,#4689);
#4689 = DEFINITIONAL_REPRESENTATION('',(#4690),#4705);
#4690 = B_SPLINE_CURVE_WITH_KNOTS('',7,(#4691,#4692,#4693,#4694,#4695,
    #4696,#4697,#4698,#4699,#4700,#4701,#4702,#4703,#4704),
  .UNSPECIFIED.,.F.,.F.,(8,6,8),(0.,0.528591005291,1.),.UNSPECIFIED.);
#4691 = CARTESIAN_POINT('',(0.893913306759,11.226409911052));
#4692 = CARTESIAN_POINT('',(0.893908336772,11.339521823917));
#4693 = CARTESIAN_POINT('',(0.893903957332,11.452703565354));
#4694 = CARTESIAN_POINT('',(0.893901488357,11.565827278074));
#4695 = CARTESIAN_POINT('',(0.893901976871,11.678933483518));
#4696 = CARTESIAN_POINT('',(0.893904568542,11.792054823797));
#4697 = CARTESIAN_POINT('',(0.893907508559,11.9052329556));
#4698 = CARTESIAN_POINT('',(0.893911874083,12.11921840969));
#4699 = CARTESIAN_POINT('',(0.89391351396,12.220125749777));
#4700 = CARTESIAN_POINT('',(0.893913488556,12.321000045307));
#4701 = CARTESIAN_POINT('',(0.893912923315,12.421865223233));
#4702 = CARTESIAN_POINT('',(0.893910373596,12.522743041071));
#4703 = CARTESIAN_POINT('',(0.893909629273,12.623654742402));
#4704 = CARTESIAN_POINT('',(0.893910036327,12.72452665506));
#4705 = ( GEOMETRIC_REPRESENTATION_CONTEXT(2) 
PARAMETRIC_REPRESENTATION_CONTEXT() REPRESENTATION_CONTEXT('2D SPACE',''
  ) );
#4706 = ORIENTED_EDGE('',*,*,#4707,.T.);
#4707 = EDGE_CURVE('',#4649,#4708,#4710,.T.);
#4708 = VERTEX_POINT('',#4709);
#4709 = CARTESIAN_POINT('',(0.381377981612,2.975659731077,1.22971245705)
  );
#4710 = SURFACE_CURVE('',#4711,(#4724,#4731),.PCURVE_S1.);
#4711 = B_SPLINE_CURVE_WITH_KNOTS('',11,(#4712,#4713,#4714,#4715,#4716,
    #4717,#4718,#4719,#4720,#4721,#4722,#4723),.UNSPECIFIED.,.F.,.F.,(12
    ,12),(10.246234955825,13.648889337057),.PIECEWISE_BEZIER_KNOTS.);
#4712 = CARTESIAN_POINT('',(0.273509521183,-2.987506073951,
    1.764530562451));
#4713 = CARTESIAN_POINT('',(-0.639131094019,-3.071048028867,
    1.715910733588));
#4714 = CARTESIAN_POINT('',(-1.57984673932,-2.847908458587,
    1.667290927341));
#4715 = CARTESIAN_POINT('',(-2.43413727715,-2.307621536733,
    1.618671146873));
#4716 = CARTESIAN_POINT('',(-3.083103018651,-1.487817200877,
    1.570051350422));
#4717 = CARTESIAN_POINT('',(-3.426519658844,-0.476297970883,
    1.521431454607));
#4718 = CARTESIAN_POINT('',(-3.407086930803,0.599801475596,
    1.472811464323));
#4719 = CARTESIAN_POINT('',(-3.027213542523,1.5984416799,1.424191665876)
  );
#4720 = CARTESIAN_POINT('',(-2.349076862582,2.394186499919,
    1.375572270529));
#4721 = CARTESIAN_POINT('',(-1.475842872095,2.903169421773,
    1.326952202507));
#4722 = CARTESIAN_POINT('',(-0.527661712496,3.092142406547,
    1.278332212379));
#4723 = CARTESIAN_POINT('',(0.381377981612,2.975659731077,1.22971245705)
  );
#4724 = PCURVE('',#690,#4725);
#4725 = DEFINITIONAL_REPRESENTATION('',(#4726),#4730);
#4726 = LINE('',#4727,#4728);
#4727 = CARTESIAN_POINT('',(2.167695815038E-14,21.472645194214));
#4728 = VECTOR('',#4729,1.);
#4729 = DIRECTION('',(-1.546067763572E-15,-1.));
#4730 = ( GEOMETRIC_REPRESENTATION_CONTEXT(2) 
PARAMETRIC_REPRESENTATION_CONTEXT() REPRESENTATION_CONTEXT('2D SPACE',''
  ) );
#4731 = PCURVE('',#1007,#4732);
#4732 = DEFINITIONAL_REPRESENTATION('',(#4733),#4737);
#4733 = LINE('',#4734,#4735);
#4734 = CARTESIAN_POINT('',(0.893913306759,21.472645194214));
#4735 = VECTOR('',#4736,1.);
#4736 = DIRECTION('',(1.04410065812E-15,-1.));
#4737 = ( GEOMETRIC_REPRESENTATION_CONTEXT(2) 
PARAMETRIC_REPRESENTATION_CONTEXT() REPRESENTATION_CONTEXT('2D SPACE',''
  ) );
#4738 = ORIENTED_EDGE('',*,*,#4739,.T.);
#4739 = EDGE_CURVE('',#4708,#4740,#4742,.T.);
#4740 = VERTEX_POINT('',#4741);
#4741 = CARTESIAN_POINT('',(2.117887056029,2.124748083396,1.125257558922
    ));
#4742 = SURFACE_CURVE('',#4743,(#4751,#4762),.PCURVE_S1.);
#4743 = B_SPLINE_CURVE_WITH_KNOTS('',6,(#4744,#4745,#4746,#4747,#4748,
    #4749,#4750),.UNSPECIFIED.,.F.,.F.,(7,7),(0.,1.),
  .PIECEWISE_BEZIER_KNOTS.);
#4744 = CARTESIAN_POINT('',(0.381377918825,2.975659739122,1.229712460408
    ));
#4745 = CARTESIAN_POINT('',(0.70684077171,2.933946520418,1.21231113526)
  );
#4746 = CARTESIAN_POINT('',(1.026948579614,2.849500355143,1.19490520188)
  );
#4747 = CARTESIAN_POINT('',(1.334410416855,2.723200882862,1.177505365672
    ));
#4748 = CARTESIAN_POINT('',(1.622618736316,2.5576122204,1.160097774804)
  );
#4749 = CARTESIAN_POINT('',(1.885497572181,2.356386927365,1.142665288056
    ));
#4750 = CARTESIAN_POINT('',(2.117885998265,2.124749137747,1.125257638155
    ));
#4751 = PCURVE('',#690,#4752);
#4752 = DEFINITIONAL_REPRESENTATION('',(#4753),#4761);
#4753 = B_SPLINE_CURVE_WITH_KNOTS('',6,(#4754,#4755,#4756,#4757,#4758,
    #4759,#4760),.UNSPECIFIED.,.F.,.F.,(7,7),(0.,1.),
  .PIECEWISE_BEZIER_KNOTS.);
#4754 = CARTESIAN_POINT('',(0.,7.823755878521));
#4755 = CARTESIAN_POINT('',(1.078589838005E-05,7.713005492551));
#4756 = CARTESIAN_POINT('',(2.461035559498E-05,7.602214767789));
#4757 = CARTESIAN_POINT('',(3.622752011226E-05,7.491470406618));
#4758 = CARTESIAN_POINT('',(3.484999346003E-05,7.380722780041));
#4759 = CARTESIAN_POINT('',(4.222972196679E-07,7.269934581499));
#4760 = CARTESIAN_POINT('',(0.,7.159186288572));
#4761 = ( GEOMETRIC_REPRESENTATION_CONTEXT(2) 
PARAMETRIC_REPRESENTATION_CONTEXT() REPRESENTATION_CONTEXT('2D SPACE',''
  ) );
#4762 = PCURVE('',#1007,#4763);
#4763 = DEFINITIONAL_REPRESENTATION('',(#4764),#4771);
#4764 = B_SPLINE_CURVE_WITH_KNOTS('',5,(#4765,#4766,#4767,#4768,#4769,
    #4770),.UNSPECIFIED.,.F.,.F.,(6,6),(0.,1.),
  .PIECEWISE_BEZIER_KNOTS.);
#4765 = CARTESIAN_POINT('',(0.893913306759,7.823755878521));
#4766 = CARTESIAN_POINT('',(0.893908238095,7.690855175264));
#4767 = CARTESIAN_POINT('',(0.893902868986,7.557896420573));
#4768 = CARTESIAN_POINT('',(0.893894811088,7.425043410064));
#4769 = CARTESIAN_POINT('',(0.893912886074,7.292084256561));
#4770 = CARTESIAN_POINT('',(0.893913306759,7.159186288572));
#4771 = ( GEOMETRIC_REPRESENTATION_CONTEXT(2) 
PARAMETRIC_REPRESENTATION_CONTEXT() REPRESENTATION_CONTEXT('2D SPACE',''
  ) );
#4772 = ORIENTED_EDGE('',*,*,#4773,.F.);
#4773 = EDGE_CURVE('',#959,#4740,#4774,.T.);
#4774 = SURFACE_CURVE('',#4775,(#4785,#4798),.PCURVE_S1.);
#4775 = B_SPLINE_CURVE_WITH_KNOTS('',8,(#4776,#4777,#4778,#4779,#4780,
    #4781,#4782,#4783,#4784),.UNSPECIFIED.,.F.,.F.,(9,9),(0.,1.),
  .PIECEWISE_BEZIER_KNOTS.);
#4776 = CARTESIAN_POINT('',(2.975659738674,0.381377922325,1.020287896136
    ));
#4777 = CARTESIAN_POINT('',(2.943008698309,0.636134111792,1.033918235315
    ));
#4778 = CARTESIAN_POINT('',(2.885724731085,0.885405946313,1.047427081522
    ));
#4779 = CARTESIAN_POINT('',(2.804856533937,1.127231963714,1.06085517983)
  );
#4780 = CARTESIAN_POINT('',(2.701483468087,1.359016305337,1.074197526959
    ));
#4781 = CARTESIAN_POINT('',(2.577370243942,1.577757919336,1.087417012276
    ));
#4782 = CARTESIAN_POINT('',(2.43532235037,1.780211429918,1.100435164104)
  );
#4783 = CARTESIAN_POINT('',(2.279845580455,1.963312700234,1.113125641083
    ));
#4784 = CARTESIAN_POINT('',(2.117885998265,2.124749137747,1.125257638155
    ));
#4785 = PCURVE('',#690,#4786);
#4786 = DEFINITIONAL_REPRESENTATION('',(#4787),#4797);
#4787 = B_SPLINE_CURVE_WITH_KNOTS('',8,(#4788,#4789,#4790,#4791,#4792,
    #4793,#4794,#4795,#4796),.UNSPECIFIED.,.F.,.F.,(9,9),(0.,1.),
  .PIECEWISE_BEZIER_KNOTS.);
#4788 = CARTESIAN_POINT('',(0.,6.491340676455));
#4789 = CARTESIAN_POINT('',(8.442670010148E-06,6.578030589188));
#4790 = CARTESIAN_POINT('',(1.85604856783E-05,6.663941724211));
#4791 = CARTESIAN_POINT('',(2.83536982556E-05,6.749340224846));
#4792 = CARTESIAN_POINT('',(3.384266037673E-05,6.83420913821));
#4793 = CARTESIAN_POINT('',(3.127170148197E-05,6.918324232475));
#4794 = CARTESIAN_POINT('',(1.568420626445E-05,7.001205465957));
#4795 = CARTESIAN_POINT('',(-2.943136300302E-07,7.082001948744));
#4796 = CARTESIAN_POINT('',(0.,7.159186288572));
#4797 = ( GEOMETRIC_REPRESENTATION_CONTEXT(2) 
PARAMETRIC_REPRESENTATION_CONTEXT() REPRESENTATION_CONTEXT('2D SPACE',''
  ) );
#4798 = PCURVE('',#4799,#4804);
#4799 = CYLINDRICAL_SURFACE('',#4800,3.);
#4800 = AXIS2_PLACEMENT_3D('',#4801,#4802,#4803);
#4801 = CARTESIAN_POINT('',(0.,0.,0.));
#4802 = DIRECTION('',(-0.,-0.,-1.));
#4803 = DIRECTION('',(1.,0.,0.));
#4804 = DEFINITIONAL_REPRESENTATION('',(#4805),#4815);
#4805 = B_SPLINE_CURVE_WITH_KNOTS('',8,(#4806,#4807,#4808,#4809,#4810,
    #4811,#4812,#4813,#4814),.UNSPECIFIED.,.F.,.F.,(9,9),(0.,1.),
  .PIECEWISE_BEZIER_KNOTS.);
#4806 = CARTESIAN_POINT('',(-0.127470902614,-1.020287896136));
#4807 = CARTESIAN_POINT('',(-0.213084249515,-1.033918235315));
#4808 = CARTESIAN_POINT('',(-0.297928256911,-1.047427081522));
#4809 = CARTESIAN_POINT('',(-0.382265259602,-1.06085517983));
#4810 = CARTESIAN_POINT('',(-0.466078806686,-1.074197526959));
#4811 = CARTESIAN_POINT('',(-0.549146674949,-1.087417012276));
#4812 = CARTESIAN_POINT('',(-0.630997462277,-1.100435164104));
#4813 = CARTESIAN_POINT('',(-0.710790549011,-1.113125641083));
#4814 = CARTESIAN_POINT('',(-0.787015821592,-1.125257638155));
#4815 = ( GEOMETRIC_REPRESENTATION_CONTEXT(2) 
PARAMETRIC_REPRESENTATION_CONTEXT() REPRESENTATION_CONTEXT('2D SPACE',''
  ) );
#4816 = ADVANCED_FACE('',(#4817),#944,.F.);
#4817 = FACE_BOUND('',#4818,.F.);
#4818 = EDGE_LOOP('',(#4819,#4842,#4861));
#4819 = ORIENTED_EDGE('',*,*,#4820,.F.);
#4820 = EDGE_CURVE('',#4821,#902,#4823,.T.);
#4821 = VERTEX_POINT('',#4822);
#4822 = CARTESIAN_POINT('',(2.459,7.674196663495E-14,8.634952604858));
#4823 = SURFACE_CURVE('',#4824,(#4828,#4835),.PCURVE_S1.);
#4824 = LINE('',#4825,#4826);
#4825 = CARTESIAN_POINT('',(2.459,0.,0.));
#4826 = VECTOR('',#4827,1.);
#4827 = DIRECTION('',(0.,0.,1.));
#4828 = PCURVE('',#944,#4829);
#4829 = DEFINITIONAL_REPRESENTATION('',(#4830),#4834);
#4830 = LINE('',#4831,#4832);
#4831 = CARTESIAN_POINT('',(3.760077369827E-02,9.000000024679));
#4832 = VECTOR('',#4833,1.);
#4833 = DIRECTION('',(0.,-1.));
#4834 = ( GEOMETRIC_REPRESENTATION_CONTEXT(2) 
PARAMETRIC_REPRESENTATION_CONTEXT() REPRESENTATION_CONTEXT('2D SPACE',''
  ) );
#4835 = PCURVE('',#918,#4836);
#4836 = DEFINITIONAL_REPRESENTATION('',(#4837),#4841);
#4837 = LINE('',#4838,#4839);
#4838 = CARTESIAN_POINT('',(-0.,0.));
#4839 = VECTOR('',#4840,1.);
#4840 = DIRECTION('',(-0.,-1.));
#4841 = ( GEOMETRIC_REPRESENTATION_CONTEXT(2) 
PARAMETRIC_REPRESENTATION_CONTEXT() REPRESENTATION_CONTEXT('2D SPACE',''
  ) );
#4842 = ORIENTED_EDGE('',*,*,#4843,.T.);
#4843 = EDGE_CURVE('',#4821,#597,#4844,.T.);
#4844 = SURFACE_CURVE('',#4845,(#4848,#4854),.PCURVE_S1.);
#4845 = B_SPLINE_CURVE_WITH_KNOTS('',1,(#4846,#4847),.UNSPECIFIED.,.F.,
  .F.,(2,2),(0.,0.893913306759),.PIECEWISE_BEZIER_KNOTS.);
#4846 = CARTESIAN_POINT('',(2.259000328177,8.496415552733E-09,
    8.499999868729));
#4847 = CARTESIAN_POINT('',(3.,-2.298227312365E-08,9.000000355087));
#4848 = PCURVE('',#944,#4849);
#4849 = DEFINITIONAL_REPRESENTATION('',(#4850),#4853);
#4850 = B_SPLINE_CURVE_WITH_KNOTS('',1,(#4851,#4852),.UNSPECIFIED.,.F.,
  .F.,(2,2),(0.,0.893913306759),.PIECEWISE_BEZIER_KNOTS.);
#4851 = CARTESIAN_POINT('',(0.237600445522,0.50000015595));
#4852 = CARTESIAN_POINT('',(-0.503399226302,-3.30407706528E-07));
#4853 = ( GEOMETRIC_REPRESENTATION_CONTEXT(2) 
PARAMETRIC_REPRESENTATION_CONTEXT() REPRESENTATION_CONTEXT('2D SPACE',''
  ) );
#4854 = PCURVE('',#1007,#4855);
#4855 = DEFINITIONAL_REPRESENTATION('',(#4856),#4860);
#4856 = LINE('',#4857,#4858);
#4857 = CARTESIAN_POINT('',(0.,57.260386184106));
#4858 = VECTOR('',#4859,1.);
#4859 = DIRECTION('',(1.,0.));
#4860 = ( GEOMETRIC_REPRESENTATION_CONTEXT(2) 
PARAMETRIC_REPRESENTATION_CONTEXT() REPRESENTATION_CONTEXT('2D SPACE',''
  ) );
#4861 = ORIENTED_EDGE('',*,*,#930,.T.);
#4862 = ADVANCED_FACE('',(#4863),#918,.T.);
#4863 = FACE_BOUND('',#4864,.F.);
#4864 = EDGE_LOOP('',(#4865,#4866,#4887,#4888));
#4865 = ORIENTED_EDGE('',*,*,#2876,.F.);
#4866 = ORIENTED_EDGE('',*,*,#4867,.T.);
#4867 = EDGE_CURVE('',#2663,#4821,#4868,.T.);
#4868 = SURFACE_CURVE('',#4869,(#4873,#4880),.PCURVE_S1.);
#4869 = LINE('',#4870,#4871);
#4870 = CARTESIAN_POINT('',(2.459,0.,0.));
#4871 = VECTOR('',#4872,1.);
#4872 = DIRECTION('',(0.,0.,1.));
#4873 = PCURVE('',#918,#4874);
#4874 = DEFINITIONAL_REPRESENTATION('',(#4875),#4879);
#4875 = LINE('',#4876,#4877);
#4876 = CARTESIAN_POINT('',(-0.,0.));
#4877 = VECTOR('',#4878,1.);
#4878 = DIRECTION('',(-0.,-1.));
#4879 = ( GEOMETRIC_REPRESENTATION_CONTEXT(2) 
PARAMETRIC_REPRESENTATION_CONTEXT() REPRESENTATION_CONTEXT('2D SPACE',''
  ) );
#4880 = PCURVE('',#2802,#4881);
#4881 = DEFINITIONAL_REPRESENTATION('',(#4882),#4886);
#4882 = LINE('',#4883,#4884);
#4883 = CARTESIAN_POINT('',(-6.28318530718,0.));
#4884 = VECTOR('',#4885,1.);
#4885 = DIRECTION('',(-0.,-1.));
#4886 = ( GEOMETRIC_REPRESENTATION_CONTEXT(2) 
PARAMETRIC_REPRESENTATION_CONTEXT() REPRESENTATION_CONTEXT('2D SPACE',''
  ) );
#4887 = ORIENTED_EDGE('',*,*,#4820,.T.);
#4888 = ORIENTED_EDGE('',*,*,#901,.T.);
#4889 = ADVANCED_FACE('',(#4890),#1007,.F.);
#4890 = FACE_BOUND('',#4891,.F.);
#4891 = EDGE_LOOP('',(#4892,#5037,#5038,#5077,#5078,#5079,#5080,#5081,
    #5114,#5115,#5116,#5117,#5118,#5119,#5120,#5121,#5122,#5123,#5124,
    #5125,#5126,#5127,#5128,#5129,#5130,#5131,#5132,#5133,#5134,#5135,
    #5136,#5137,#5138,#5139,#5140,#5141,#5142,#5143,#5144,#5332,#5541,
    #5771,#5980,#6189,#6398,#6586,#6774));
#4892 = ORIENTED_EDGE('',*,*,#4893,.F.);
#4893 = EDGE_CURVE('',#961,#4894,#4896,.T.);
#4894 = VERTEX_POINT('',#4895);
#4895 = CARTESIAN_POINT('',(-1.626739724005,1.844017047194,0.));
#4896 = SURFACE_CURVE('',#4897,(#4940,#4986),.PCURVE_S1.);
#4897 = B_SPLINE_CURVE_WITH_KNOTS('',6,(#4898,#4899,#4900,#4901,#4902,
    #4903,#4904,#4905,#4906,#4907,#4908,#4909,#4910,#4911,#4912,#4913,
    #4914,#4915,#4916,#4917,#4918,#4919,#4920,#4921,#4922,#4923,#4924,
    #4925,#4926,#4927,#4928,#4929,#4930,#4931,#4932,#4933,#4934,#4935,
    #4936,#4937,#4938,#4939),.UNSPECIFIED.,.F.,.F.,(7,5,5,5,5,5,5,5,7),(
    0.,0.155665036158,0.304369484232,0.440211656742,0.567940065433,
    0.686984042888,0.797800491665,0.901732048607,1.),.UNSPECIFIED.);
#4898 = CARTESIAN_POINT('',(3.,4.107825266147E-15,0.));
#4899 = CARTESIAN_POINT('',(2.982854823605,0.218064581486,0.));
#4900 = CARTESIAN_POINT('',(2.946596046904,0.43448538725,0.));
#4901 = CARTESIAN_POINT('',(2.891256593918,0.647104092386,0.));
#4902 = CARTESIAN_POINT('',(2.817214453947,0.853796466863,0.));
#4903 = CARTESIAN_POINT('',(2.725139308728,1.052465032993,0.));
#4904 = CARTESIAN_POINT('',(2.511889485891,1.421258432258,0.));
#4905 = CARTESIAN_POINT('',(2.39218333598,1.592291484837,0.));
#4906 = CARTESIAN_POINT('',(2.257860687441,1.752399556547,0.));
#4907 = CARTESIAN_POINT('',(2.110083773842,1.899958097852,0.));
#4908 = CARTESIAN_POINT('',(1.950242761491,2.033477981085,0.));
#4909 = CARTESIAN_POINT('',(1.624496939794,2.259637673714,0.));
#4910 = CARTESIAN_POINT('',(1.460292624619,2.354828349406,0.));
#4911 = CARTESIAN_POINT('',(1.288665316899,2.436251001435,0.));
#4912 = CARTESIAN_POINT('',(1.111016964531,2.503101383859,0.));
#4913 = CARTESIAN_POINT('',(0.928867778155,2.554744553356,0.));
#4914 = CARTESIAN_POINT('',(0.569922102478,2.624643820337,0.));
#4915 = CARTESIAN_POINT('',(0.393436827081,2.644713590477,0.));
#4916 = CARTESIAN_POINT('',(0.215789359506,2.650632262299,0.));
#4917 = CARTESIAN_POINT('',(3.839517963367E-02,2.642243066143,0.));
#4918 = CARTESIAN_POINT('',(-0.137294439887,2.619563533288,0.));
#4919 = CARTESIAN_POINT('',(-0.47057730961,2.548595758827,0.));
#4920 = CARTESIAN_POINT('',(-0.628603755394,2.502150376746,0.));
#4921 = CARTESIAN_POINT('',(-0.782679670741,2.443683023838,0.));
#4922 = CARTESIAN_POINT('',(-0.931633859383,2.373538883455,0.));
#4923 = CARTESIAN_POINT('',(-1.074323057456,2.292208158121,0.));
#4924 = CARTESIAN_POINT('',(-1.335626705488,2.114852238539,0.));
#4925 = CARTESIAN_POINT('',(-1.455232743585,2.020224263143,0.));
#4926 = CARTESIAN_POINT('',(-1.567584946208,1.917008246993,0.));
#4927 = CARTESIAN_POINT('',(-1.671861308342,1.805846299577,0.));
#4928 = CARTESIAN_POINT('',(-1.767312727921,1.687490052959,0.));
#4929 = CARTESIAN_POINT('',(-1.933893375763,1.445864834745,0.));
#4930 = CARTESIAN_POINT('',(-2.006170412097,1.323350608477,0.));
#4931 = CARTESIAN_POINT('',(-2.069555787625,1.195976424204,0.));
#4932 = CARTESIAN_POINT('',(-2.123582071489,1.06452217017,0.));
#4933 = CARTESIAN_POINT('',(-2.167872152405,0.9298323135,0.));
#4934 = CARTESIAN_POINT('',(-2.234556617899,0.663265308895,0.));
#4935 = CARTESIAN_POINT('',(-2.258014516299,0.531627618439,0.));
#4936 = CARTESIAN_POINT('',(-2.272288137106,0.398671717776,0.));
#4937 = CARTESIAN_POINT('',(-2.277229599127,0.265195495543,0.));
#4938 = CARTESIAN_POINT('',(-2.272784176611,0.132022456804,0.));
#4939 = CARTESIAN_POINT('',(-2.258997477133,-1.30207380411E-06,0.));
#4940 = PCURVE('',#1007,#4941);
#4941 = DEFINITIONAL_REPRESENTATION('',(#4942),#4985);
#4942 = B_SPLINE_CURVE_WITH_KNOTS('',6,(#4943,#4944,#4945,#4946,#4947,
    #4948,#4949,#4950,#4951,#4952,#4953,#4954,#4955,#4956,#4957,#4958,
    #4959,#4960,#4961,#4962,#4963,#4964,#4965,#4966,#4967,#4968,#4969,
    #4970,#4971,#4972,#4973,#4974,#4975,#4976,#4977,#4978,#4979,#4980,
    #4981,#4982,#4983,#4984),.UNSPECIFIED.,.F.,.F.,(7,5,5,5,5,5,5,5,7),(
    0.,0.155665036158,0.304369484232,0.440211656742,0.567940065433,
    0.686984042888,0.797800491665,0.901732048607,1.),.UNSPECIFIED.);
#4943 = CARTESIAN_POINT('',(0.893913306759,0.));
#4944 = CARTESIAN_POINT('',(0.873230039236,7.360277000005E-02));
#4945 = CARTESIAN_POINT('',(0.852419619401,0.147659589332));
#4946 = CARTESIAN_POINT('',(0.831482850079,0.222166588511));
#4947 = CARTESIAN_POINT('',(0.810415185008,0.297139566266));
#4948 = CARTESIAN_POINT('',(0.78921121283,0.372597612863));
#4949 = CARTESIAN_POINT('',(0.747486079952,0.521083684227));
#4950 = CARTESIAN_POINT('',(0.726973533159,0.594081059859));
#4951 = CARTESIAN_POINT('',(0.706334619579,0.667528028927));
#4952 = CARTESIAN_POINT('',(0.685564986077,0.741440116503));
#4953 = CARTESIAN_POINT('',(0.664659314732,0.81583627526));
#4954 = CARTESIAN_POINT('',(0.624395884394,0.959120066013));
#4955 = CARTESIAN_POINT('',(0.605058215241,1.027936207975));
#4956 = CARTESIAN_POINT('',(0.585604748256,1.097164437235));
#4957 = CARTESIAN_POINT('',(0.566031918487,1.166817451421));
#4958 = CARTESIAN_POINT('',(0.546335434998,1.236910522135));
#4959 = CARTESIAN_POINT('',(0.507878326979,1.37376628688));
#4960 = CARTESIAN_POINT('',(0.489130068068,1.440484974293));
#4961 = CARTESIAN_POINT('',(0.470270117499,1.507601144863));
#4962 = CARTESIAN_POINT('',(0.451295188191,1.575126491764));
#4963 = CARTESIAN_POINT('',(0.432201340433,1.643075031045));
#4964 = CARTESIAN_POINT('',(0.395080921747,1.775174031265));
#4965 = CARTESIAN_POINT('',(0.377068401505,1.839274490665));
#4966 = CARTESIAN_POINT('',(0.358950042539,1.903751591419));
#4967 = CARTESIAN_POINT('',(0.340722849424,1.968615992124));
#4968 = CARTESIAN_POINT('',(0.322383292646,2.033880253501));
#4969 = CARTESIAN_POINT('',(0.286753110082,2.160675981742));
#4970 = CARTESIAN_POINT('',(0.269476275828,2.222158369566));
#4971 = CARTESIAN_POINT('',(0.252099474051,2.283996506457));
#4972 = CARTESIAN_POINT('',(0.234619925951,2.346200282423));
#4973 = CARTESIAN_POINT('',(0.217034683175,2.408780190805));
#4974 = CARTESIAN_POINT('',(0.182749856627,2.530788250838));
#4975 = CARTESIAN_POINT('',(0.166062073214,2.590174408831));
#4976 = CARTESIAN_POINT('',(0.149278670772,2.649900844359));
#4977 = CARTESIAN_POINT('',(0.132397124659,2.709976541828));
#4978 = CARTESIAN_POINT('',(0.115414761039,2.77041101613));
#4979 = CARTESIAN_POINT('',(8.217717309674E-02,2.888692323939));
#4980 = CARTESIAN_POINT('',(6.593184416704E-02,2.946503943024));
#4981 = CARTESIAN_POINT('',(4.959375368992E-02,3.004645669048));
#4982 = CARTESIAN_POINT('',(3.316053172552E-02,3.063125934943));
#4983 = CARTESIAN_POINT('',(1.662966681312E-02,3.121953677281));
#4984 = CARTESIAN_POINT('',(0.,3.181133019823));
#4985 = ( GEOMETRIC_REPRESENTATION_CONTEXT(2) 
PARAMETRIC_REPRESENTATION_CONTEXT() REPRESENTATION_CONTEXT('2D SPACE',''
  ) );
#4986 = PCURVE('',#4987,#4992);
#4987 = PLANE('',#4988);
#4988 = AXIS2_PLACEMENT_3D('',#4989,#4990,#4991);
#4989 = CARTESIAN_POINT('',(-1.390240069682E-16,3.864379099811E-17,0.));
#4990 = DIRECTION('',(0.,0.,1.));
#4991 = DIRECTION('',(1.,0.,-0.));
#4992 = DEFINITIONAL_REPRESENTATION('',(#4993),#5036);
#4993 = B_SPLINE_CURVE_WITH_KNOTS('',6,(#4994,#4995,#4996,#4997,#4998,
    #4999,#5000,#5001,#5002,#5003,#5004,#5005,#5006,#5007,#5008,#5009,
    #5010,#5011,#5012,#5013,#5014,#5015,#5016,#5017,#5018,#5019,#5020,
    #5021,#5022,#5023,#5024,#5025,#5026,#5027,#5028,#5029,#5030,#5031,
    #5032,#5033,#5034,#5035),.UNSPECIFIED.,.F.,.F.,(7,5,5,5,5,5,5,5,7),(
    0.,0.155665036158,0.304369484232,0.440211656742,0.567940065433,
    0.686984042888,0.797800491665,0.901732048607,1.),.UNSPECIFIED.);
#4994 = CARTESIAN_POINT('',(3.,4.069181475149E-15));
#4995 = CARTESIAN_POINT('',(2.982854823605,0.218064581486));
#4996 = CARTESIAN_POINT('',(2.946596046904,0.43448538725));
#4997 = CARTESIAN_POINT('',(2.891256593918,0.647104092386));
#4998 = CARTESIAN_POINT('',(2.817214453947,0.853796466863));
#4999 = CARTESIAN_POINT('',(2.725139308728,1.052465032993));
#5000 = CARTESIAN_POINT('',(2.511889485891,1.421258432258));
#5001 = CARTESIAN_POINT('',(2.39218333598,1.592291484837));
#5002 = CARTESIAN_POINT('',(2.257860687441,1.752399556547));
#5003 = CARTESIAN_POINT('',(2.110083773842,1.899958097852));
#5004 = CARTESIAN_POINT('',(1.950242761491,2.033477981085));
#5005 = CARTESIAN_POINT('',(1.624496939794,2.259637673714));
#5006 = CARTESIAN_POINT('',(1.460292624619,2.354828349406));
#5007 = CARTESIAN_POINT('',(1.288665316899,2.436251001435));
#5008 = CARTESIAN_POINT('',(1.111016964531,2.503101383859));
#5009 = CARTESIAN_POINT('',(0.928867778155,2.554744553356));
#5010 = CARTESIAN_POINT('',(0.569922102478,2.624643820337));
#5011 = CARTESIAN_POINT('',(0.393436827081,2.644713590477));
#5012 = CARTESIAN_POINT('',(0.215789359506,2.650632262299));
#5013 = CARTESIAN_POINT('',(3.839517963367E-02,2.642243066143));
#5014 = CARTESIAN_POINT('',(-0.137294439887,2.619563533288));
#5015 = CARTESIAN_POINT('',(-0.47057730961,2.548595758827));
#5016 = CARTESIAN_POINT('',(-0.628603755394,2.502150376746));
#5017 = CARTESIAN_POINT('',(-0.782679670741,2.443683023838));
#5018 = CARTESIAN_POINT('',(-0.931633859383,2.373538883455));
#5019 = CARTESIAN_POINT('',(-1.074323057456,2.292208158121));
#5020 = CARTESIAN_POINT('',(-1.335626705488,2.114852238539));
#5021 = CARTESIAN_POINT('',(-1.455232743585,2.020224263143));
#5022 = CARTESIAN_POINT('',(-1.567584946208,1.917008246993));
#5023 = CARTESIAN_POINT('',(-1.671861308342,1.805846299577));
#5024 = CARTESIAN_POINT('',(-1.767312727921,1.687490052959));
#5025 = CARTESIAN_POINT('',(-1.933893375763,1.445864834745));
#5026 = CARTESIAN_POINT('',(-2.006170412097,1.323350608477));
#5027 = CARTESIAN_POINT('',(-2.069555787625,1.195976424204));
#5028 = CARTESIAN_POINT('',(-2.123582071489,1.06452217017));
#5029 = CARTESIAN_POINT('',(-2.167872152405,0.9298323135));
#5030 = CARTESIAN_POINT('',(-2.234556617899,0.663265308895));
#5031 = CARTESIAN_POINT('',(-2.258014516299,0.531627618439));
#5032 = CARTESIAN_POINT('',(-2.272288137106,0.398671717776));
#5033 = CARTESIAN_POINT('',(-2.277229599127,0.265195495543));
#5034 = CARTESIAN_POINT('',(-2.272784176611,0.132022456804));
#5035 = CARTESIAN_POINT('',(-2.258997477133,-1.302073804149E-06));
#5036 = ( GEOMETRIC_REPRESENTATION_CONTEXT(2) 
PARAMETRIC_REPRESENTATION_CONTEXT() REPRESENTATION_CONTEXT('2D SPACE',''
  ) );
#5037 = ORIENTED_EDGE('',*,*,#958,.F.);
#5038 = ORIENTED_EDGE('',*,*,#5039,.T.);
#5039 = EDGE_CURVE('',#959,#4740,#5040,.T.);
#5040 = SURFACE_CURVE('',#5041,(#5051,#5064),.PCURVE_S1.);
#5041 = B_SPLINE_CURVE_WITH_KNOTS('',8,(#5042,#5043,#5044,#5045,#5046,
    #5047,#5048,#5049,#5050),.UNSPECIFIED.,.F.,.F.,(9,9),(0.,1.),
  .PIECEWISE_BEZIER_KNOTS.);
#5042 = CARTESIAN_POINT('',(2.975659739129,0.38137791877,1.020287895946)
  );
#5043 = CARTESIAN_POINT('',(2.943008664835,0.636134375387,1.033908804785
    ));
#5044 = CARTESIAN_POINT('',(2.885724696869,0.88540581993,1.047406311833)
  );
#5045 = CARTESIAN_POINT('',(2.804856629502,1.127231677127,1.060823446328
    ));
#5046 = CARTESIAN_POINT('',(2.701483599519,1.35901628244,1.074159663636)
  );
#5047 = CARTESIAN_POINT('',(2.577370079078,1.577758197958,1.087382045847
    ));
#5048 = CARTESIAN_POINT('',(2.435322185546,1.780211592806,1.100417630873
    ));
#5049 = CARTESIAN_POINT('',(2.279845575786,1.963312705404,1.113125970694
    ));
#5050 = CARTESIAN_POINT('',(2.117885994866,2.124749141135,1.12525763841)
  );
#5051 = PCURVE('',#1007,#5052);
#5052 = DEFINITIONAL_REPRESENTATION('',(#5053),#5063);
#5053 = B_SPLINE_CURVE_WITH_KNOTS('',8,(#5054,#5055,#5056,#5057,#5058,
    #5059,#5060,#5061,#5062),.UNSPECIFIED.,.F.,.F.,(9,9),(0.,1.),
  .PIECEWISE_BEZIER_KNOTS.);
#5054 = CARTESIAN_POINT('',(0.893913306759,6.491340675245));
#5055 = CARTESIAN_POINT('',(0.893904864075,6.578030678872));
#5056 = CARTESIAN_POINT('',(0.893894746257,6.663941682876));
#5057 = CARTESIAN_POINT('',(0.8938849531,6.749340130033));
#5058 = CARTESIAN_POINT('',(0.893879464012,6.834209110987));
#5059 = CARTESIAN_POINT('',(0.893882035124,6.918324337184));
#5060 = CARTESIAN_POINT('',(0.893897622549,7.001205544382));
#5061 = CARTESIAN_POINT('',(0.893913601073,7.082001951092));
#5062 = CARTESIAN_POINT('',(0.893913306759,7.159186290191));
#5063 = ( GEOMETRIC_REPRESENTATION_CONTEXT(2) 
PARAMETRIC_REPRESENTATION_CONTEXT() REPRESENTATION_CONTEXT('2D SPACE',''
  ) );
#5064 = PCURVE('',#4799,#5065);
#5065 = DEFINITIONAL_REPRESENTATION('',(#5066),#5076);
#5066 = B_SPLINE_CURVE_WITH_KNOTS('',8,(#5067,#5068,#5069,#5070,#5071,
    #5072,#5073,#5074,#5075),.UNSPECIFIED.,.F.,.F.,(9,9),(0.,1.),
  .PIECEWISE_BEZIER_KNOTS.);
#5067 = CARTESIAN_POINT('',(-0.127470901419,-1.020287895946));
#5068 = CARTESIAN_POINT('',(-0.213084338086,-1.033908804785));
#5069 = CARTESIAN_POINT('',(-0.297928216088,-1.047406311833));
#5070 = CARTESIAN_POINT('',(-0.382265165969,-1.060823446328));
#5071 = CARTESIAN_POINT('',(-0.466078779799,-1.074159663636));
#5072 = CARTESIAN_POINT('',(-0.549146778353,-1.087382045847));
#5073 = CARTESIAN_POINT('',(-0.630997539727,-1.100417630873));
#5074 = CARTESIAN_POINT('',(-0.710790551331,-1.113125970694));
#5075 = CARTESIAN_POINT('',(-0.787015823192,-1.12525763841));
#5076 = ( GEOMETRIC_REPRESENTATION_CONTEXT(2) 
PARAMETRIC_REPRESENTATION_CONTEXT() REPRESENTATION_CONTEXT('2D SPACE',''
  ) );
#5077 = ORIENTED_EDGE('',*,*,#4739,.F.);
#5078 = ORIENTED_EDGE('',*,*,#4707,.F.);
#5079 = ORIENTED_EDGE('',*,*,#4648,.T.);
#5080 = ORIENTED_EDGE('',*,*,#4616,.F.);
#5081 = ORIENTED_EDGE('',*,*,#5082,.T.);
#5082 = EDGE_CURVE('',#4574,#4541,#5083,.T.);
#5083 = SURFACE_CURVE('',#5084,(#5092,#5103),.PCURVE_S1.);
#5084 = B_SPLINE_CURVE_WITH_KNOTS('',6,(#5085,#5086,#5087,#5088,#5089,
    #5090,#5091),.UNSPECIFIED.,.F.,.F.,(7,7),(0.,1.),
  .PIECEWISE_BEZIER_KNOTS.);
#5085 = CARTESIAN_POINT('',(1.834434292775,2.373784073055,2.145287894208
    ));
#5086 = CARTESIAN_POINT('',(1.574819642517,2.574411426969,2.16268801037)
  );
#5087 = CARTESIAN_POINT('',(1.288778523226,2.74104014034,2.180092732328)
  );
#5088 = CARTESIAN_POINT('',(0.982087159738,2.869137738943,2.197491359514
    ));
#5089 = CARTESIAN_POINT('',(0.661229476443,2.955845549121,2.214897739528
    ));
#5090 = CARTESIAN_POINT('',(0.333083113324,2.999450134668,2.232329008177
    ));
#5091 = CARTESIAN_POINT('',(4.989875151846E-03,2.999995850188,
    2.249735452412));
#5092 = PCURVE('',#1007,#5093);
#5093 = DEFINITIONAL_REPRESENTATION('',(#5094),#5102);
#5094 = B_SPLINE_CURVE_WITH_KNOTS('',6,(#5095,#5096,#5097,#5098,#5099,
    #5100,#5101),.UNSPECIFIED.,.F.,.F.,(7,7),(0.,1.),
  .PIECEWISE_BEZIER_KNOTS.);
#5095 = CARTESIAN_POINT('',(0.893913306759,13.648888937469));
#5096 = CARTESIAN_POINT('',(0.893902521607,13.759631629171));
#5097 = CARTESIAN_POINT('',(0.893888698305,13.870414643009));
#5098 = CARTESIAN_POINT('',(0.893877081711,13.981151311141));
#5099 = CARTESIAN_POINT('',(0.893878456366,14.091891246353));
#5100 = CARTESIAN_POINT('',(0.893912872612,14.202671740021));
#5101 = CARTESIAN_POINT('',(0.893913306759,14.313412329734));
#5102 = ( GEOMETRIC_REPRESENTATION_CONTEXT(2) 
PARAMETRIC_REPRESENTATION_CONTEXT() REPRESENTATION_CONTEXT('2D SPACE',''
  ) );
#5103 = PCURVE('',#4599,#5104);
#5104 = DEFINITIONAL_REPRESENTATION('',(#5105),#5113);
#5105 = B_SPLINE_CURVE_WITH_KNOTS('',6,(#5106,#5107,#5108,#5109,#5110,
    #5111,#5112),.UNSPECIFIED.,.F.,.F.,(7,7),(0.,1.),
  .PIECEWISE_BEZIER_KNOTS.);
#5106 = CARTESIAN_POINT('',(-0.912869054163,-2.145287894208));
#5107 = CARTESIAN_POINT('',(-1.022236478608,-2.16268801037));
#5108 = CARTESIAN_POINT('',(-1.131643176998,-2.180092732328));
#5109 = CARTESIAN_POINT('',(-1.241003415182,-2.197491359514));
#5110 = CARTESIAN_POINT('',(-1.350363329815,-2.214897739528));
#5111 = CARTESIAN_POINT('',(-1.459768470306,-2.232329008177));
#5112 = CARTESIAN_POINT('',(-1.569133034311,-2.249735452412));
#5113 = ( GEOMETRIC_REPRESENTATION_CONTEXT(2) 
PARAMETRIC_REPRESENTATION_CONTEXT() REPRESENTATION_CONTEXT('2D SPACE',''
  ) );
#5114 = ORIENTED_EDGE('',*,*,#4540,.F.);
#5115 = ORIENTED_EDGE('',*,*,#4506,.F.);
#5116 = ORIENTED_EDGE('',*,*,#4474,.F.);
#5117 = ORIENTED_EDGE('',*,*,#4438,.F.);
#5118 = ORIENTED_EDGE('',*,*,#4398,.F.);
#5119 = ORIENTED_EDGE('',*,*,#4297,.T.);
#5120 = ORIENTED_EDGE('',*,*,#4260,.T.);
#5121 = ORIENTED_EDGE('',*,*,#4159,.T.);
#5122 = ORIENTED_EDGE('',*,*,#4125,.F.);
#5123 = ORIENTED_EDGE('',*,*,#4049,.F.);
#5124 = ORIENTED_EDGE('',*,*,#4012,.T.);
#5125 = ORIENTED_EDGE('',*,*,#3911,.T.);
#5126 = ORIENTED_EDGE('',*,*,#3877,.F.);
#5127 = ORIENTED_EDGE('',*,*,#3801,.F.);
#5128 = ORIENTED_EDGE('',*,*,#3764,.T.);
#5129 = ORIENTED_EDGE('',*,*,#3663,.T.);
#5130 = ORIENTED_EDGE('',*,*,#3629,.F.);
#5131 = ORIENTED_EDGE('',*,*,#3528,.T.);
#5132 = ORIENTED_EDGE('',*,*,#3488,.F.);
#5133 = ORIENTED_EDGE('',*,*,#3452,.F.);
#5134 = ORIENTED_EDGE('',*,*,#3420,.F.);
#5135 = ORIENTED_EDGE('',*,*,#3383,.T.);
#5136 = ORIENTED_EDGE('',*,*,#3350,.F.);
#5137 = ORIENTED_EDGE('',*,*,#3316,.F.);
#5138 = ORIENTED_EDGE('',*,*,#3240,.F.);
#5139 = ORIENTED_EDGE('',*,*,#3204,.F.);
#5140 = ORIENTED_EDGE('',*,*,#3103,.T.);
#5141 = ORIENTED_EDGE('',*,*,#3064,.F.);
#5142 = ORIENTED_EDGE('',*,*,#2988,.F.);
#5143 = ORIENTED_EDGE('',*,*,#4843,.F.);
#5144 = ORIENTED_EDGE('',*,*,#5145,.F.);
#5145 = EDGE_CURVE('',#5146,#4821,#5148,.T.);
#5146 = VERTEX_POINT('',#5147);
#5147 = CARTESIAN_POINT('',(2.459,0.,7.634956975789));
#5148 = SURFACE_CURVE('',#5149,(#5208,#5270),.PCURVE_S1.);
#5149 = B_SPLINE_CURVE_WITH_KNOTS('',8,(#5150,#5151,#5152,#5153,#5154,
    #5155,#5156,#5157,#5158,#5159,#5160,#5161,#5162,#5163,#5164,#5165,
    #5166,#5167,#5168,#5169,#5170,#5171,#5172,#5173,#5174,#5175,#5176,
    #5177,#5178,#5179,#5180,#5181,#5182,#5183,#5184,#5185,#5186,#5187,
    #5188,#5189,#5190,#5191,#5192,#5193,#5194,#5195,#5196,#5197,#5198,
    #5199,#5200,#5201,#5202,#5203,#5204,#5205,#5206,#5207),
  .UNSPECIFIED.,.F.,.F.,(9,7,7,7,7,7,7,7,9),(0.,0.101214102681,
    0.205736227743,0.317629223931,0.444625583773,0.549178308165,
    0.670315719655,0.830269348197,1.),.UNSPECIFIED.);
#5150 = CARTESIAN_POINT('',(2.459,4.440892098501E-15,7.634956975789));
#5151 = CARTESIAN_POINT('',(2.459,0.19543482909,7.647608188837));
#5152 = CARTESIAN_POINT('',(2.441248259163,0.390902557589,7.66026027054)
  );
#5153 = CARTESIAN_POINT('',(2.405735223553,0.584465974197,7.672909716344
    ));
#5154 = CARTESIAN_POINT('',(2.35271564361,0.774248160246,7.685556927633)
  );
#5155 = CARTESIAN_POINT('',(2.28266944493,0.958431491544,7.698204088958)
  );
#5156 = CARTESIAN_POINT('',(2.196287453759,1.135265092756,7.710853146545
    ));
#5157 = CARTESIAN_POINT('',(2.094481977232,1.303080744312,7.723503888052
    ));
#5158 = CARTESIAN_POINT('',(1.858569271003,1.622692764863,7.749213746681
    ));
#5159 = CARTESIAN_POINT('',(1.723466096596,1.773852684087,7.762277888757
    ));
#5160 = CARTESIAN_POINT('',(1.574372241269,1.912074460296,7.775340923303
    ));
#5161 = CARTESIAN_POINT('',(1.412747028307,2.035870412094,7.788402710389
    ));
#5162 = CARTESIAN_POINT('',(1.240214182312,2.143958414726,7.801464840995
    ));
#5163 = CARTESIAN_POINT('',(1.058543735162,2.235259186527,7.814528751353
    ));
#5164 = CARTESIAN_POINT('',(0.869651233758,2.308920163,7.827593707364));
#5165 = CARTESIAN_POINT('',(0.467893831298,2.423721776085,7.85463666542)
  );
#5166 = CARTESIAN_POINT('',(0.254141024701,2.462241968236,7.868623195286
    ));
#5167 = CARTESIAN_POINT('',(3.689471582059E-02,2.47917460857,
    7.882607373278));
#5168 = CARTESIAN_POINT('',(-0.18128899639,2.474192356463,7.896589471641
    ));
#5169 = CARTESIAN_POINT('',(-0.397867674943,2.447318344703,
    7.910571775777));
#5170 = CARTESIAN_POINT('',(-0.610322994151,2.398901066644,
    7.924556522497));
#5171 = CARTESIAN_POINT('',(-0.816174565438,2.329637091679,7.93854387023
    ));
#5172 = CARTESIAN_POINT('',(-1.236437724353,2.139630978353,
    7.968397280693));
#5173 = CARTESIAN_POINT('',(-1.448460693895,2.013108628101,
    7.984276770175));
#5174 = CARTESIAN_POINT('',(-1.645508089858,1.862639694783,
    8.000152640009));
#5175 = CARTESIAN_POINT('',(-1.824460939186,1.690355866243,8.0160252009)
  );
#5176 = CARTESIAN_POINT('',(-1.982608488539,1.498795491324,
    8.031897468296));
#5177 = CARTESIAN_POINT('',(-2.117625955663,1.290854795715,8.04777254408
    ));
#5178 = CARTESIAN_POINT('',(-2.227624899092,1.069806486916,
    8.063650927959));
#5179 = CARTESIAN_POINT('',(-2.380217578496,0.649608911569,
    8.092584606068));
#5180 = CARTESIAN_POINT('',(-2.431339578742,0.453351896312,
    8.105652571344));
#5181 = CARTESIAN_POINT('',(-2.463928942815,0.252590859714,
    8.118719002694));
#5182 = CARTESIAN_POINT('',(-2.47755016351,4.937877216032E-02,
    8.131783467234));
#5183 = CARTESIAN_POINT('',(-2.472036566922,-0.154213726875,
    8.144847815942));
#5184 = CARTESIAN_POINT('',(-2.447473200986,-0.356113215698,
    8.157914004311));
#5185 = CARTESIAN_POINT('',(-2.404211835488,-0.554256665969,
    8.170981921691));
#5186 = CARTESIAN_POINT('',(-2.271901582047,-0.969460090998,
    8.199185022796));
#5187 = CARTESIAN_POINT('',(-2.176630092545,-1.184686056286,
    8.214329468218));
#5188 = CARTESIAN_POINT('',(-2.058095365982,-1.389057994304,
    8.229471126783));
#5189 = CARTESIAN_POINT('',(-1.917790593876,-1.579666542274,
    8.244610541782));
#5190 = CARTESIAN_POINT('',(-1.757588032675,-1.753890302334,
    8.259750364116));
#5191 = CARTESIAN_POINT('',(-1.579700874004,-1.909385454387,
    8.274893104987));
#5192 = CARTESIAN_POINT('',(-1.386703014605,-2.044123866587,
    8.290038862046));
#5193 = CARTESIAN_POINT('',(-0.910730057661,-2.304915377689,
    8.325166718615));
#5194 = CARTESIAN_POINT('',(-0.61823498392,-2.414627916184,
    8.345180632263));
#5195 = CARTESIAN_POINT('',(-0.311067708481,-2.481608895167,
    8.365178686531));
#5196 = CARTESIAN_POINT('',(3.433257422393E-03,-2.503881352303,
    8.385167389692));
#5197 = CARTESIAN_POINT('',(0.317874928017,-2.480747927243,
    8.405158185554));
#5198 = CARTESIAN_POINT('',(0.624862349713,-2.412921661011,
    8.425161300628));
#5199 = CARTESIAN_POINT('',(0.917055909098,-2.302405817762,
    8.445179495592));
#5200 = CARTESIAN_POINT('',(1.47446989561,-1.994998595556,8.486383751477
    ));
#5201 = CARTESIAN_POINT('',(1.737801104078,-1.792770865632,
    8.507629221302));
#5202 = CARTESIAN_POINT('',(1.968835203584,-1.551032651361,8.52884940387
    ));
#5203 = CARTESIAN_POINT('',(2.160984586078,-1.276069675035,
    8.550053139414));
#5204 = CARTESIAN_POINT('',(2.308973234357,-0.975023717756,
    8.571250949728));
#5205 = CARTESIAN_POINT('',(2.409086690633,-0.655965438698,
    8.592474843852));
#5206 = CARTESIAN_POINT('',(2.459,-0.327709947954,8.61374234121));
#5207 = CARTESIAN_POINT('',(2.459,4.041211809636E-14,8.634952604858));
#5208 = PCURVE('',#1007,#5209);
#5209 = DEFINITIONAL_REPRESENTATION('',(#5210),#5269);
#5210 = B_SPLINE_CURVE_WITH_KNOTS('',8,(#5211,#5212,#5213,#5214,#5215,
    #5216,#5217,#5218,#5219,#5220,#5221,#5222,#5223,#5224,#5225,#5226,
    #5227,#5228,#5229,#5230,#5231,#5232,#5233,#5234,#5235,#5236,#5237,
    #5238,#5239,#5240,#5241,#5242,#5243,#5244,#5245,#5246,#5247,#5248,
    #5249,#5250,#5251,#5252,#5253,#5254,#5255,#5256,#5257,#5258,#5259,
    #5260,#5261,#5262,#5263,#5264,#5265,#5266,#5267,#5268),
  .UNSPECIFIED.,.F.,.F.,(9,7,7,7,7,7,7,7,9),(0.,0.101214102681,
    0.205736227743,0.317629223931,0.444625583773,0.549178308165,
    0.670315719655,0.830269348197,1.),.UNSPECIFIED.);
#5211 = CARTESIAN_POINT('',(0.241280209876,50.898119141951));
#5212 = CARTESIAN_POINT('',(0.241284037503,50.978595892376));
#5213 = CARTESIAN_POINT('',(0.241285681122,51.059085941555));
#5214 = CARTESIAN_POINT('',(0.241284759129,51.139568350586));
#5215 = CARTESIAN_POINT('',(0.241282027128,51.220042984239));
#5216 = CARTESIAN_POINT('',(0.241278591528,51.300519803889));
#5217 = CARTESIAN_POINT('',(0.241275387525,51.381007863881));
#5218 = CARTESIAN_POINT('',(0.24127292147,51.461504011313));
#5219 = CARTESIAN_POINT('',(0.241269580049,51.62508883939));
#5220 = CARTESIAN_POINT('',(0.241268757801,51.7082093011));
#5221 = CARTESIAN_POINT('',(0.241268975853,51.791319014324));
#5222 = CARTESIAN_POINT('',(0.241269876595,51.874418361425));
#5223 = CARTESIAN_POINT('',(0.241270914213,51.957519406991));
#5224 = CARTESIAN_POINT('',(0.241271604581,52.040633011558));
#5225 = CARTESIAN_POINT('',(0.241271690672,52.123755419261));
#5226 = CARTESIAN_POINT('',(0.241270723312,52.295813330863));
#5227 = CARTESIAN_POINT('',(0.241269581532,52.384803405346));
#5228 = CARTESIAN_POINT('',(0.241267821745,52.473780715871));
#5229 = CARTESIAN_POINT('',(0.241265789161,52.56274576602));
#5230 = CARTESIAN_POINT('',(0.241264087461,52.651710947862));
#5231 = CARTESIAN_POINT('',(0.241263259251,52.740688561613));
#5232 = CARTESIAN_POINT('',(0.241263508324,52.82967889001));
#5233 = CARTESIAN_POINT('',(0.241266184739,53.019604678002));
#5234 = CARTESIAN_POINT('',(0.24126890193,53.120624530682));
#5235 = CARTESIAN_POINT('',(0.24127280671,53.221617127972));
#5236 = CARTESIAN_POINT('',(0.241277307929,53.322586550363));
#5237 = CARTESIAN_POINT('',(0.241281361549,53.42355569832));
#5238 = CARTESIAN_POINT('',(0.241284028419,53.524547648957));
#5239 = CARTESIAN_POINT('',(0.241284976005,53.625566764918));
#5240 = CARTESIAN_POINT('',(0.241283819503,53.80965461188));
#5241 = CARTESIAN_POINT('',(0.241282229122,53.892802131323));
#5242 = CARTESIAN_POINT('',(0.241279629214,53.975943484085));
#5243 = CARTESIAN_POINT('',(0.241276351465,54.059074735687));
#5244 = CARTESIAN_POINT('',(0.241272880062,54.142205939485));
#5245 = CARTESIAN_POINT('',(0.241269721652,54.225347733852));
#5246 = CARTESIAN_POINT('',(0.241267265787,54.308498028534));
#5247 = CARTESIAN_POINT('',(0.241263747373,54.487946156137));
#5248 = CARTESIAN_POINT('',(0.241262973609,54.584301886746));
#5249 = CARTESIAN_POINT('',(0.241263532826,54.680635143003));
#5250 = CARTESIAN_POINT('',(0.241265290181,54.776949861333));
#5251 = CARTESIAN_POINT('',(0.241267570412,54.873265310502));
#5252 = CARTESIAN_POINT('',(0.241269559083,54.969600365736));
#5253 = CARTESIAN_POINT('',(0.241270798143,55.065957278371));
#5254 = CARTESIAN_POINT('',(0.241271919803,55.289446023755));
#5255 = CARTESIAN_POINT('',(0.241271234399,55.416782287828));
#5256 = CARTESIAN_POINT('',(0.241269233921,55.544022330219));
#5257 = CARTESIAN_POINT('',(0.241267048385,55.671203536938));
#5258 = CARTESIAN_POINT('',(0.241267900234,55.798387248966));
#5259 = CARTESIAN_POINT('',(0.241273254805,55.925633315427));
#5260 = CARTESIAN_POINT('',(0.241279117229,56.052973516865));
#5261 = CARTESIAN_POINT('',(0.241285670668,56.315102595884));
#5262 = CARTESIAN_POINT('',(0.241286124968,56.450270291085));
#5263 = CARTESIAN_POINT('',(0.241278971656,56.585304174747));
#5264 = CARTESIAN_POINT('',(0.241263583127,56.720262725053));
#5265 = CARTESIAN_POINT('',(0.241236777164,56.855224207329));
#5266 = CARTESIAN_POINT('',(0.241232590319,56.990271148595));
#5267 = CARTESIAN_POINT('',(0.24127231082,57.125439253714));
#5268 = CARTESIAN_POINT('',(0.241271858529,57.260386184106));
#5269 = ( GEOMETRIC_REPRESENTATION_CONTEXT(2) 
PARAMETRIC_REPRESENTATION_CONTEXT() REPRESENTATION_CONTEXT('2D SPACE',''
  ) );
#5270 = PCURVE('',#2802,#5271);
#5271 = DEFINITIONAL_REPRESENTATION('',(#5272),#5331);
#5272 = B_SPLINE_CURVE_WITH_KNOTS('',8,(#5273,#5274,#5275,#5276,#5277,
    #5278,#5279,#5280,#5281,#5282,#5283,#5284,#5285,#5286,#5287,#5288,
    #5289,#5290,#5291,#5292,#5293,#5294,#5295,#5296,#5297,#5298,#5299,
    #5300,#5301,#5302,#5303,#5304,#5305,#5306,#5307,#5308,#5309,#5310,
    #5311,#5312,#5313,#5314,#5315,#5316,#5317,#5318,#5319,#5320,#5321,
    #5322,#5323,#5324,#5325,#5326,#5327,#5328,#5329,#5330),
  .UNSPECIFIED.,.F.,.F.,(9,7,7,7,7,7,7,7,9),(0.,0.101214102681,
    0.205736227743,0.317629223931,0.444625583773,0.549178308165,
    0.670315719655,0.830269348197,1.),.UNSPECIFIED.);
#5273 = CARTESIAN_POINT('',(0.,-7.634956975789));
#5274 = CARTESIAN_POINT('',(-7.947736034585E-02,-7.647608188837));
#5275 = CARTESIAN_POINT('',(-0.15896769824,-7.66026027054));
#5276 = CARTESIAN_POINT('',(-0.238450032441,-7.672909716344));
#5277 = CARTESIAN_POINT('',(-0.317924053785,-7.685556927633));
#5278 = CARTESIAN_POINT('',(-0.397399629409,-7.698204088958));
#5279 = CARTESIAN_POINT('',(-0.476885922926,-7.710853146545));
#5280 = CARTESIAN_POINT('',(-0.556380130554,-7.723503888052));
#5281 = CARTESIAN_POINT('',(-0.717929073119,-7.749213746681));
#5282 = CARTESIAN_POINT('',(-0.800015205595,-7.762277888757));
#5283 = CARTESIAN_POINT('',(-0.882091118843,-7.775340923303));
#5284 = CARTESIAN_POINT('',(-0.964157371348,-7.788402710389));
#5285 = CARTESIAN_POINT('',(-1.046225909119,-7.801464840995));
#5286 = CARTESIAN_POINT('',(-1.128307332205,-7.814528751353));
#5287 = CARTESIAN_POINT('',(-1.210397710469,-7.827593707364));
#5288 = CARTESIAN_POINT('',(-1.380319545544,-7.85463666542));
#5289 = CARTESIAN_POINT('',(-1.468204903582,-7.868623195286));
#5290 = CARTESIAN_POINT('',(-1.556077502103,-7.882607373278));
#5291 = CARTESIAN_POINT('',(-1.643937599291,-7.896589471641));
#5292 = CARTESIAN_POINT('',(-1.731797325176,-7.910571775777));
#5293 = CARTESIAN_POINT('',(-1.819668872412,-7.924556522497));
#5294 = CARTESIAN_POINT('',(-1.907552666207,-7.93854387023));
#5295 = CARTESIAN_POINT('',(-2.095116521527,-7.968397280693));
#5296 = CARTESIAN_POINT('',(-2.194879882745,-7.984276770175));
#5297 = CARTESIAN_POINT('',(-2.294616348645,-8.000152640009));
#5298 = CARTESIAN_POINT('',(-2.39433021554,-8.0160252009));
#5299 = CARTESIAN_POINT('',(-2.494044211575,-8.031897468296));
#5300 = CARTESIAN_POINT('',(-2.593781040548,-8.04777254408));
#5301 = CARTESIAN_POINT('',(-2.693544802734,-8.063650927959));
#5302 = CARTESIAN_POINT('',(-2.875344904255,-8.092584606068));
#5303 = CARTESIAN_POINT('',(-2.957459070727,-8.105652571344));
#5304 = CARTESIAN_POINT('',(-3.039567014849,-8.118719002694));
#5305 = CARTESIAN_POINT('',(-3.121664765434,-8.131783467234));
#5306 = CARTESIAN_POINT('',(-3.203762230235,-8.144847815942));
#5307 = CARTESIAN_POINT('',(-3.285869978347,-8.157914004311));
#5308 = CARTESIAN_POINT('',(-3.36798607108,-8.170981921691));
#5309 = CARTESIAN_POINT('',(-3.545202436312,-8.199185022796));
#5310 = CARTESIAN_POINT('',(-3.640359913583,-8.214329468218));
#5311 = CARTESIAN_POINT('',(-3.735495496572,-8.229471126783));
#5312 = CARTESIAN_POINT('',(-3.830613289672,-8.244610541782));
#5313 = CARTESIAN_POINT('',(-3.92573242054,-8.259750364116));
#5314 = CARTESIAN_POINT('',(-4.020871413015,-8.274893104987));
#5315 = CARTESIAN_POINT('',(-4.116032177312,-8.290038862046));
#5316 = CARTESIAN_POINT('',(-4.336746327069,-8.325166718615));
#5317 = CARTESIAN_POINT('',(-4.462501520349,-8.345180632263));
#5318 = CARTESIAN_POINT('',(-4.588160769175,-8.365178686531));
#5319 = CARTESIAN_POINT('',(-4.713760314504,-8.385167389691));
#5320 = CARTESIAN_POINT('',(-4.83936048497,-8.405158185555));
#5321 = CARTESIAN_POINT('',(-4.965022044183,-8.425161300628));
#5322 = CARTESIAN_POINT('',(-5.090777633692,-8.445179495592));
#5323 = CARTESIAN_POINT('',(-5.349647386383,-8.486383751477));
#5324 = CARTESIAN_POINT('',(-5.483135800397,-8.507629221302));
#5325 = CARTESIAN_POINT('',(-5.616493853428,-8.52884940387));
#5326 = CARTESIAN_POINT('',(-5.749777713101,-8.550053139414));
#5327 = CARTESIAN_POINT('',(-5.883063124391,-8.571250949728));
#5328 = CARTESIAN_POINT('',(-6.016424868209,-8.592474843852));
#5329 = CARTESIAN_POINT('',(-6.149915706547,-8.61374234121));
#5330 = CARTESIAN_POINT('',(-6.28318530718,-8.634952604858));
#5331 = ( GEOMETRIC_REPRESENTATION_CONTEXT(2) 
PARAMETRIC_REPRESENTATION_CONTEXT() REPRESENTATION_CONTEXT('2D SPACE',''
  ) );
#5332 = ORIENTED_EDGE('',*,*,#5333,.F.);
#5333 = EDGE_CURVE('',#5334,#5146,#5336,.T.);
#5334 = VERTEX_POINT('',#5335);
#5335 = CARTESIAN_POINT('',(2.459,0.,6.634951845287));
#5336 = SURFACE_CURVE('',#5337,(#5403,#5472),.PCURVE_S1.);
#5337 = B_SPLINE_CURVE_WITH_KNOTS('',8,(#5338,#5339,#5340,#5341,#5342,
    #5343,#5344,#5345,#5346,#5347,#5348,#5349,#5350,#5351,#5352,#5353,
    #5354,#5355,#5356,#5357,#5358,#5359,#5360,#5361,#5362,#5363,#5364,
    #5365,#5366,#5367,#5368,#5369,#5370,#5371,#5372,#5373,#5374,#5375,
    #5376,#5377,#5378,#5379,#5380,#5381,#5382,#5383,#5384,#5385,#5386,
    #5387,#5388,#5389,#5390,#5391,#5392,#5393,#5394,#5395,#5396,#5397,
    #5398,#5399,#5400,#5401,#5402),.UNSPECIFIED.,.F.,.F.,(9,7,7,7,7,7,7,
    7,7,9),(0.,7.681000514922E-02,0.203464402152,0.326475094132,
    0.450612859258,0.629623826876,0.733998522825,0.838153838256,
    0.930875889691,1.),.UNSPECIFIED.);
#5338 = CARTESIAN_POINT('',(2.459,2.6645352591E-15,6.634951845287));
#5339 = CARTESIAN_POINT('',(2.459,0.148305861311,6.644550684387));
#5340 = CARTESIAN_POINT('',(2.448777667725,0.296608040828,6.654149474055
    ));
#5341 = CARTESIAN_POINT('',(2.428333905521,0.4440825078,6.663748056208)
  );
#5342 = CARTESIAN_POINT('',(2.397749574995,0.589914411552,6.673346713027
    ));
#5343 = CARTESIAN_POINT('',(2.357180654684,0.733299183629,6.682945855319
    ));
#5344 = CARTESIAN_POINT('',(2.306858121702,0.873445264556,6.692545638548
    ));
#5345 = CARTESIAN_POINT('',(2.247092557386,1.009578455213,6.70214550652)
  );
#5346 = CARTESIAN_POINT('',(2.064822052528,1.357567028193,6.727570359852
    ));
#5347 = CARTESIAN_POINT('',(1.926678402617,1.561410774204,6.743405332873
    ));
#5348 = CARTESIAN_POINT('',(1.765609087148,1.74901558665,6.759235761645)
  );
#5349 = CARTESIAN_POINT('',(1.583905247871,1.917409987579,6.775062412529
    ));
#5350 = CARTESIAN_POINT('',(1.384236795252,2.064052409048,6.79088932641)
  );
#5351 = CARTESIAN_POINT('',(1.169603622168,2.186804897272,6.806720524618
    ));
#5352 = CARTESIAN_POINT('',(0.943350373682,2.283981404961,6.822556794674
    ));
#5353 = CARTESIAN_POINT('',(0.481788436925,2.423008382989,6.853759063372
    ));
#5354 = CARTESIAN_POINT('',(0.246711890364,2.466435085529,6.869140067959
    ));
#5355 = CARTESIAN_POINT('',(7.349986669524E-03,2.483731159719,
    6.884517832495));
#5356 = CARTESIAN_POINT('',(-0.232895604362,2.474472882184,
    6.899892550975));
#5357 = CARTESIAN_POINT('',(-0.470651208663,2.438742574698,
    6.915266858074));
#5358 = CARTESIAN_POINT('',(-0.702585196979,2.377087372426,
    6.930643455973));
#5359 = CARTESIAN_POINT('',(-0.92543070727,2.290559863745,6.946022671581
    ));
#5360 = CARTESIAN_POINT('',(-1.348625202056,2.07010504616,6.976905554688
    ));
#5361 = CARTESIAN_POINT('',(-1.54895758918,1.935642211894,6.992424276949
    ));
#5362 = CARTESIAN_POINT('',(-1.733806683155,1.779092211558,
    7.007938608656));
#5363 = CARTESIAN_POINT('',(-1.900365394883,1.602591795963,
    7.023449402885));
#5364 = CARTESIAN_POINT('',(-2.046218306964,1.408631530197,
    7.038960434054));
#5365 = CARTESIAN_POINT('',(-2.169320083543,1.200012368204,7.05447539602
    ));
#5366 = CARTESIAN_POINT('',(-2.268039738507,0.979858751968,
    7.069994973413));
#5367 = CARTESIAN_POINT('',(-2.446952356595,0.422567100145,
    7.107878020413));
#5368 = CARTESIAN_POINT('',(-2.499972048769,7.578353228292E-02,
    7.130298807276));
#5369 = CARTESIAN_POINT('',(-2.496401845704,-0.277747828304,
    7.152691152194));
#5370 = CARTESIAN_POINT('',(-2.435929109915,-0.627292531951,
    7.175067061031));
#5371 = CARTESIAN_POINT('',(-2.32004619359,-0.962555016567,
    7.197439600711));
#5372 = CARTESIAN_POINT('',(-2.152432285562,-1.273810884841,
    7.219826312508));
#5373 = CARTESIAN_POINT('',(-1.938541136006,-1.551837065337,
    7.242243034719));
#5374 = CARTESIAN_POINT('',(-1.540478083703,-1.927231141481,
    7.277657855631));
#5375 = CARTESIAN_POINT('',(-1.380874933857,-2.051800724729,
    7.29070572617));
#5376 = CARTESIAN_POINT('',(-1.209826064533,-2.161196029079,
    7.303753096675));
#5377 = CARTESIAN_POINT('',(-1.029032645917,-2.254210386757,
    7.316799382221));
#5378 = CARTESIAN_POINT('',(-0.840318632861,-2.329873826617,
    7.329845784677));
#5379 = CARTESIAN_POINT('',(-0.645611303535,-2.387444048619,
    7.342893269149));
#5380 = CARTESIAN_POINT('',(-0.44693519008,-2.426426256748,
    7.355940767786));
#5381 = CARTESIAN_POINT('',(-4.63250676275E-02,-2.466774995765,
    7.381999039933));
#5382 = CARTESIAN_POINT('',(0.155711580913,-2.468231543246,
    7.395016830146));
#5383 = CARTESIAN_POINT('',(0.357574360893,-2.45076029388,7.408032174598
    ));
#5384 = CARTESIAN_POINT('',(0.557190799752,-2.414440741068,
    7.421044588285));
#5385 = CARTESIAN_POINT('',(0.75253538197,-2.359613252115,7.434056795884
    ));
#5386 = CARTESIAN_POINT('',(0.941639492626,-2.286859913546,
    7.447072499083));
#5387 = CARTESIAN_POINT('',(1.122608058366,-2.197016040174,
    7.460093023559));
#5388 = CARTESIAN_POINT('',(1.445902998485,-1.997022864103,
    7.484703464866));
#5389 = CARTESIAN_POINT('',(1.590350107255,-1.890148326746,
    7.496295555334));
#5390 = CARTESIAN_POINT('',(1.725713160372,-1.771366010196,
    7.507899982461));
#5391 = CARTESIAN_POINT('',(1.850855967624,-1.64158839604,7.51948139388)
  );
#5392 = CARTESIAN_POINT('',(1.964760591626,-1.50184464261,7.53105489738)
  );
#5393 = CARTESIAN_POINT('',(2.066527737374,-1.353268395638,
    7.542644620879));
#5394 = CARTESIAN_POINT('',(2.155388957926,-1.197095020236,
    7.554231921238));
#5395 = CARTESIAN_POINT('',(2.28688873631,-0.913584790103,7.574460651206
    ));
#5396 = CARTESIAN_POINT('',(2.335545124369,-0.789003686367,7.58310216095
    ));
#5397 = CARTESIAN_POINT('',(2.376436258834,-0.661479266009,
    7.591744672671));
#5398 = CARTESIAN_POINT('',(2.409357205056,-0.531578729507,
    7.600387609444));
#5399 = CARTESIAN_POINT('',(2.434153119018,-0.399882827938,
    7.609030645987));
#5400 = CARTESIAN_POINT('',(2.450718632854,-0.26698405756,7.617673560164
    ));
#5401 = CARTESIAN_POINT('',(2.459,-0.133485455998,7.626315972798));
#5402 = CARTESIAN_POINT('',(2.459,4.440892098501E-15,7.634956975789));
#5403 = PCURVE('',#1007,#5404);
#5404 = DEFINITIONAL_REPRESENTATION('',(#5405),#5471);
#5405 = B_SPLINE_CURVE_WITH_KNOTS('',8,(#5406,#5407,#5408,#5409,#5410,
    #5411,#5412,#5413,#5414,#5415,#5416,#5417,#5418,#5419,#5420,#5421,
    #5422,#5423,#5424,#5425,#5426,#5427,#5428,#5429,#5430,#5431,#5432,
    #5433,#5434,#5435,#5436,#5437,#5438,#5439,#5440,#5441,#5442,#5443,
    #5444,#5445,#5446,#5447,#5448,#5449,#5450,#5451,#5452,#5453,#5454,
    #5455,#5456,#5457,#5458,#5459,#5460,#5461,#5462,#5463,#5464,#5465,
    #5466,#5467,#5468,#5469,#5470),.UNSPECIFIED.,.F.,.F.,(9,7,7,7,7,7,7,
    7,7,9),(0.,7.681000514922E-02,0.203464402152,0.326475094132,
    0.450612859258,0.629623826876,0.733998522825,0.838153838256,
    0.930875889691,1.),.UNSPECIFIED.);
#5406 = CARTESIAN_POINT('',(0.241269478235,44.53585955904));
#5407 = CARTESIAN_POINT('',(0.241269251018,44.596930726938));
#5408 = CARTESIAN_POINT('',(0.241269438631,44.658000104094));
#5409 = CARTESIAN_POINT('',(0.241269940467,44.719067042776));
#5410 = CARTESIAN_POINT('',(0.241270574497,44.780133986065));
#5411 = CARTESIAN_POINT('',(0.241271148525,44.841204231591));
#5412 = CARTESIAN_POINT('',(0.241271510331,44.902279310154));
#5413 = CARTESIAN_POINT('',(0.241271576703,44.963355979223));
#5414 = CARTESIAN_POINT('',(0.241270953291,45.125117855569));
#5415 = CARTESIAN_POINT('',(0.241269744115,45.225868455325));
#5416 = CARTESIAN_POINT('',(0.241267663961,45.326593242879));
#5417 = CARTESIAN_POINT('',(0.241265209858,45.427295325267));
#5418 = CARTESIAN_POINT('',(0.241263341195,45.52799699753));
#5419 = CARTESIAN_POINT('',(0.24126284627,45.628721039149));
#5420 = CARTESIAN_POINT('',(0.241263830247,45.729472086303));
#5421 = CARTESIAN_POINT('',(0.241268097106,45.927974008167));
#5422 = CARTESIAN_POINT('',(0.241271312815,46.025820593717));
#5423 = CARTESIAN_POINT('',(0.241275365255,46.123643587568));
#5424 = CARTESIAN_POINT('',(0.241279569732,46.221446660552));
#5425 = CARTESIAN_POINT('',(0.241282984572,46.319249926273));
#5426 = CARTESIAN_POINT('',(0.241284884859,46.417073156452));
#5427 = CARTESIAN_POINT('',(0.241285122805,46.514918956903));
#5428 = CARTESIAN_POINT('',(0.241282743711,46.711412513644));
#5429 = CARTESIAN_POINT('',(0.241280100596,46.810156145118));
#5430 = CARTESIAN_POINT('',(0.24127625595,46.90887611857));
#5431 = CARTESIAN_POINT('',(0.241271888212,47.007575447154));
#5432 = CARTESIAN_POINT('',(0.241267975264,47.106274664765));
#5433 = CARTESIAN_POINT('',(0.24126528785,47.204994529894));
#5434 = CARTESIAN_POINT('',(0.241263998111,47.303738785742));
#5435 = CARTESIAN_POINT('',(0.241263740458,47.544761691649));
#5436 = CARTESIAN_POINT('',(0.241266057563,47.687400436343));
#5437 = CARTESIAN_POINT('',(0.241270142614,47.829851934315));
#5438 = CARTESIAN_POINT('',(0.241273843317,47.972200229351));
#5439 = CARTESIAN_POINT('',(0.241273116081,48.114542846447));
#5440 = CARTESIAN_POINT('',(0.24127010795,48.256983747243));
#5441 = CARTESIAN_POINT('',(0.241268636713,48.399610112963));
#5442 = CARTESIAN_POINT('',(0.241270171475,48.624923131493));
#5443 = CARTESIAN_POINT('',(0.241271571613,48.707932160647));
#5444 = CARTESIAN_POINT('',(0.241273997178,48.790934359303));
#5445 = CARTESIAN_POINT('',(0.241277383684,48.873926235506));
#5446 = CARTESIAN_POINT('',(0.241281089468,48.956917719319));
#5447 = CARTESIAN_POINT('',(0.241283972348,49.039919015636));
#5448 = CARTESIAN_POINT('',(0.241284865059,49.122927484404));
#5449 = CARTESIAN_POINT('',(0.24128203685,49.288727185312));
#5450 = CARTESIAN_POINT('',(0.241278268607,49.371563227974));
#5451 = CARTESIAN_POINT('',(0.241272041756,49.454392459417));
#5452 = CARTESIAN_POINT('',(0.241263341664,49.537211845977));
#5453 = CARTESIAN_POINT('',(0.241254139869,49.620031706724));
#5454 = CARTESIAN_POINT('',(0.241248183142,49.702862259301));
#5455 = CARTESIAN_POINT('',(0.241248673807,49.785700542038));
#5456 = CARTESIAN_POINT('',(0.241258441567,49.942243934497));
#5457 = CARTESIAN_POINT('',(0.241262409947,50.015981765407));
#5458 = CARTESIAN_POINT('',(0.241290234325,50.089713189975));
#5459 = CARTESIAN_POINT('',(0.241278389976,50.163439350008));
#5460 = CARTESIAN_POINT('',(0.241252472297,50.237165280028));
#5461 = CARTESIAN_POINT('',(0.241254163122,50.310896156729));
#5462 = CARTESIAN_POINT('',(0.241249602427,50.384633863701));
#5463 = CARTESIAN_POINT('',(0.241251583216,50.513327358053));
#5464 = CARTESIAN_POINT('',(0.241254474167,50.568296646258));
#5465 = CARTESIAN_POINT('',(0.241258961279,50.623266629106));
#5466 = CARTESIAN_POINT('',(0.241264208247,50.678236612194));
#5467 = CARTESIAN_POINT('',(0.241269396528,50.733207438894));
#5468 = CARTESIAN_POINT('',(0.241273952364,50.788179737727));
#5469 = CARTESIAN_POINT('',(0.241277595539,50.843152093458));
#5470 = CARTESIAN_POINT('',(0.241280209876,50.898119141951));
#5471 = ( GEOMETRIC_REPRESENTATION_CONTEXT(2) 
PARAMETRIC_REPRESENTATION_CONTEXT() REPRESENTATION_CONTEXT('2D SPACE',''
  ) );
#5472 = PCURVE('',#2581,#5473);
#5473 = DEFINITIONAL_REPRESENTATION('',(#5474),#5540);
#5474 = B_SPLINE_CURVE_WITH_KNOTS('',8,(#5475,#5476,#5477,#5478,#5479,
    #5480,#5481,#5482,#5483,#5484,#5485,#5486,#5487,#5488,#5489,#5490,
    #5491,#5492,#5493,#5494,#5495,#5496,#5497,#5498,#5499,#5500,#5501,
    #5502,#5503,#5504,#5505,#5506,#5507,#5508,#5509,#5510,#5511,#5512,
    #5513,#5514,#5515,#5516,#5517,#5518,#5519,#5520,#5521,#5522,#5523,
    #5524,#5525,#5526,#5527,#5528,#5529,#5530,#5531,#5532,#5533,#5534,
    #5535,#5536,#5537,#5538,#5539),.UNSPECIFIED.,.F.,.F.,(9,7,7,7,7,7,7,
    7,7,9),(0.,7.681000514922E-02,0.203464402152,0.326475094132,
    0.450612859258,0.629623826876,0.733998522825,0.838153838256,
    0.930875889691,1.),.UNSPECIFIED.);
#5475 = CARTESIAN_POINT('',(0.,-6.634951845287));
#5476 = CARTESIAN_POINT('',(-6.031145234281E-02,-6.644550684387));
#5477 = CARTESIAN_POINT('',(-0.120621360813,-6.654149474055));
#5478 = CARTESIAN_POINT('',(-0.180929142466,-6.663748056208));
#5479 = CARTESIAN_POINT('',(-0.24123722869,-6.673346713027));
#5480 = CARTESIAN_POINT('',(-0.301548853547,-6.682945855319));
#5481 = CARTESIAN_POINT('',(-0.361865470673,-6.692545638548));
#5482 = CARTESIAN_POINT('',(-0.422183798738,-6.70214550652));
#5483 = CARTESIAN_POINT('',(-0.581937373819,-6.727570359852));
#5484 = CARTESIAN_POINT('',(-0.681437309184,-6.743405332873));
#5485 = CARTESIAN_POINT('',(-0.780911581898,-6.759235761645));
#5486 = CARTESIAN_POINT('',(-0.88036288258,-6.775062412529));
#5487 = CARTESIAN_POINT('',(-0.979813089774,-6.79088932641));
#5488 = CARTESIAN_POINT('',(-1.079284822925,-6.806720524618));
#5489 = CARTESIAN_POINT('',(-1.178782920775,-6.822556794674));
#5490 = CARTESIAN_POINT('',(-1.3748160888,-6.853759063372));
#5491 = CARTESIAN_POINT('',(-1.471445685552,-6.869140067959));
#5492 = CARTESIAN_POINT('',(-1.568052108591,-6.884517832495));
#5493 = CARTESIAN_POINT('',(-1.664639181541,-6.899892550975));
#5494 = CARTESIAN_POINT('',(-1.76122680481,-6.915266858074));
#5495 = CARTESIAN_POINT('',(-1.857834377496,-6.930643455973));
#5496 = CARTESIAN_POINT('',(-1.954464275487,-6.946022671581));
#5497 = CARTESIAN_POINT('',(-2.148515852223,-6.976905554688));
#5498 = CARTESIAN_POINT('',(-2.246032211476,-6.992424276949));
#5499 = CARTESIAN_POINT('',(-2.343524956148,-7.007938608656));
#5500 = CARTESIAN_POINT('',(-2.440996949078,-7.023449402885));
#5501 = CARTESIAN_POINT('',(-2.538468532249,-7.038960434054));
#5502 = CARTESIAN_POINT('',(-2.635960432498,-7.05447539602));
#5503 = CARTESIAN_POINT('',(-2.733476621352,-7.069994973413));
#5504 = CARTESIAN_POINT('',(-2.971502855404,-7.107878020413));
#5505 = CARTESIAN_POINT('',(-3.112368915583,-7.130298807276));
#5506 = CARTESIAN_POINT('',(-3.253051323827,-7.152691152194));
#5507 = CARTESIAN_POINT('',(-3.393633218069,-7.175067061031));
#5508 = CARTESIAN_POINT('',(-3.534209814581,-7.197439600711));
#5509 = CARTESIAN_POINT('',(-3.674881576552,-7.219826312508));
#5510 = CARTESIAN_POINT('',(-3.815734569234,-7.242243034719));
#5511 = CARTESIAN_POINT('',(-4.038244382093,-7.277657855631));
#5512 = CARTESIAN_POINT('',(-4.120220297389,-7.29070572617));
#5513 = CARTESIAN_POINT('',(-4.202189244044,-7.303753096675));
#5514 = CARTESIAN_POINT('',(-4.284148090174,-7.316799382221));
#5515 = CARTESIAN_POINT('',(-4.366106967945,-7.329845784677));
#5516 = CARTESIAN_POINT('',(-4.448076165419,-7.342893269149));
#5517 = CARTESIAN_POINT('',(-4.530053084965,-7.355940767786));
#5518 = CARTESIAN_POINT('',(-4.693793191509,-7.381999039933));
#5519 = CARTESIAN_POINT('',(-4.775600612078,-7.395016830146));
#5520 = CARTESIAN_POINT('',(-4.857401589569,-7.408032174598));
#5521 = CARTESIAN_POINT('',(-4.939192587603,-7.421044588285));
#5522 = CARTESIAN_POINT('',(-5.02098336786,-7.434056795884));
#5523 = CARTESIAN_POINT('',(-5.102783994364,-7.447072499083));
#5524 = CARTESIAN_POINT('',(-5.184591947982,-7.460093023559));
#5525 = CARTESIAN_POINT('',(-5.339188845061,-7.484703464866));
#5526 = CARTESIAN_POINT('',(-5.412010132563,-7.496295555334));
#5527 = CARTESIAN_POINT('',(-5.484825472986,-7.507899982461));
#5528 = CARTESIAN_POINT('',(-5.557635654596,-7.51948139388));
#5529 = CARTESIAN_POINT('',(-5.630445461831,-7.53105489738));
#5530 = CARTESIAN_POINT('',(-5.703259783753,-7.542644620879));
#5531 = CARTESIAN_POINT('',(-5.776080252125,-7.554231921238));
#5532 = CARTESIAN_POINT('',(-5.903173536747,-7.574460651206));
#5533 = CARTESIAN_POINT('',(-5.957459426863,-7.58310216095));
#5534 = CARTESIAN_POINT('',(-6.011746225771,-7.591744672671));
#5535 = CARTESIAN_POINT('',(-6.066033286009,-7.600387609444));
#5536 = CARTESIAN_POINT('',(-6.120321401783,-7.609030645987));
#5537 = CARTESIAN_POINT('',(-6.174611097797,-7.617673560164));
#5538 = CARTESIAN_POINT('',(-6.228900859844,-7.626315972798));
#5539 = CARTESIAN_POINT('',(-6.28318530718,-7.634956975789));
#5540 = ( GEOMETRIC_REPRESENTATION_CONTEXT(2) 
PARAMETRIC_REPRESENTATION_CONTEXT() REPRESENTATION_CONTEXT('2D SPACE',''
  ) );
#5541 = ORIENTED_EDGE('',*,*,#5542,.F.);
#5542 = EDGE_CURVE('',#5543,#5334,#5545,.T.);
#5543 = VERTEX_POINT('',#5544);
#5544 = CARTESIAN_POINT('',(2.459,0.,5.634949742043));
#5545 = SURFACE_CURVE('',#5546,(#5619,#5695),.PCURVE_S1.);
#5546 = B_SPLINE_CURVE_WITH_KNOTS('',8,(#5547,#5548,#5549,#5550,#5551,
    #5552,#5553,#5554,#5555,#5556,#5557,#5558,#5559,#5560,#5561,#5562,
    #5563,#5564,#5565,#5566,#5567,#5568,#5569,#5570,#5571,#5572,#5573,
    #5574,#5575,#5576,#5577,#5578,#5579,#5580,#5581,#5582,#5583,#5584,
    #5585,#5586,#5587,#5588,#5589,#5590,#5591,#5592,#5593,#5594,#5595,
    #5596,#5597,#5598,#5599,#5600,#5601,#5602,#5603,#5604,#5605,#5606,
    #5607,#5608,#5609,#5610,#5611,#5612,#5613,#5614,#5615,#5616,#5617,
    #5618),.UNSPECIFIED.,.F.,.F.,(9,7,7,7,7,7,7,7,7,7,9),(0.,
    0.104362651862,0.221263434619,0.329271596824,0.437678306804,
    0.613684786718,0.70955798368,0.754970904693,0.787874353348,
    0.876106952797,1.),.UNSPECIFIED.);
#5547 = CARTESIAN_POINT('',(2.459,2.22044604925E-15,5.634949742043));
#5548 = CARTESIAN_POINT('',(2.459,0.201504595056,5.647990853092));
#5549 = CARTESIAN_POINT('',(2.440128361059,0.40306723508,5.661035700363)
  );
#5550 = CARTESIAN_POINT('',(2.402367597922,0.60254142696,5.674079374883)
  );
#5551 = CARTESIAN_POINT('',(2.346009534271,0.797859755181,5.687121460461
    ));
#5552 = CARTESIAN_POINT('',(2.271602767477,0.987032321622,5.700163745857
    ));
#5553 = CARTESIAN_POINT('',(2.179929752099,1.168154232066,5.713208101262
    ));
#5554 = CARTESIAN_POINT('',(2.072013502145,1.339422129425,5.72625451908)
  );
#5555 = CARTESIAN_POINT('',(1.811533968629,1.678088301425,5.753911321476
    ));
#5556 = CARTESIAN_POINT('',(1.655088056386,1.842648913226,5.768529306122
    ));
#5557 = CARTESIAN_POINT('',(1.48163859577,1.990421306255,5.783144479786)
  );
#5558 = CARTESIAN_POINT('',(1.293326309894,2.119386410927,5.79775659237)
  );
#5559 = CARTESIAN_POINT('',(1.092521183837,2.227873623366,5.812367722661
    ));
#5560 = CARTESIAN_POINT('',(0.881792639417,2.31454234968,5.826980241404)
  );
#5561 = CARTESIAN_POINT('',(0.663911488295,2.378414657702,5.841594687121
    ));
#5562 = CARTESIAN_POINT('',(0.236692666183,2.456451525216,5.869700619489
    ));
#5563 = CARTESIAN_POINT('',(2.784049390591E-02,2.474050543947,
    5.883201117181));
#5564 = CARTESIAN_POINT('',(-0.182367923163,2.471328992022,
    5.896699729409));
#5565 = CARTESIAN_POINT('',(-0.39162432607,2.448204847006,5.910196381143
    ));
#5566 = CARTESIAN_POINT('',(-0.597652011681,2.404898449451,
    5.923693399418));
#5567 = CARTESIAN_POINT('',(-0.798219304166,2.341910854198,
    5.937192994657));
#5568 = CARTESIAN_POINT('',(-0.991159050651,2.260040043627,
    5.950694800074));
#5569 = CARTESIAN_POINT('',(-1.358305364876,2.060462421644,
    5.977741947974));
#5570 = CARTESIAN_POINT('',(-1.532541686789,1.942569309766,
    5.991294546078));
#5571 = CARTESIAN_POINT('',(-1.694985430026,1.807886190378,6.00484586139
    ));
#5572 = CARTESIAN_POINT('',(-1.843768245616,1.657814148862,
    6.018395238592));
#5573 = CARTESIAN_POINT('',(-1.977238945975,1.493973196512,
    6.031944457161));
#5574 = CARTESIAN_POINT('',(-2.093960608649,1.318176766233,
    6.045495368057));
#5575 = CARTESIAN_POINT('',(-2.19273695014,1.132432340229,6.059047479013
    ));
#5576 = CARTESIAN_POINT('',(-2.402442016266,0.624864584507,
    6.094591704818));
#5577 = CARTESIAN_POINT('',(-2.482846643076,0.289670051076,6.11662864497
    ));
#5578 = CARTESIAN_POINT('',(-2.50938068993,-5.663582985214E-02,
    6.138640172669));
#5579 = CARTESIAN_POINT('',(-2.480827163961,-0.403945347785,
    6.160638900928));
#5580 = CARTESIAN_POINT('',(-2.397726467686,-0.742380929619,
    6.182642460846));
#5581 = CARTESIAN_POINT('',(-2.262695358057,-1.062412162014,
    6.204662032243));
#5582 = CARTESIAN_POINT('',(-2.080059208008,-1.354815953468,
    6.22670518636));
#5583 = CARTESIAN_POINT('',(-1.736028937393,-1.751328759116,
    6.260678723806));
#5584 = CARTESIAN_POINT('',(-1.602661328665,-1.880739376494,
    6.272659795787));
#5585 = CARTESIAN_POINT('',(-1.458313741858,-1.998488147987,
    6.284638953441));
#5586 = CARTESIAN_POINT('',(-1.304187943342,-2.103500531556,
    6.296616168439));
#5587 = CARTESIAN_POINT('',(-1.141594013398,-2.194857444877,
    6.308593443718));
#5588 = CARTESIAN_POINT('',(-0.971938515575,-2.271792315359,
    6.320573300585));
#5589 = CARTESIAN_POINT('',(-0.796722388744,-2.333704942359,
    6.332556557825));
#5590 = CARTESIAN_POINT('',(-0.532678054733,-2.402212099338,
    6.350215399972));
#5591 = CARTESIAN_POINT('',(-0.446906879442,-2.420774443963,
    6.355892165837));
#5592 = CARTESIAN_POINT('',(-0.360400601581,-2.435835635267,
    6.361569575648));
#5593 = CARTESIAN_POINT('',(-0.273326394702,-2.447361916674,
    6.367247375405));
#5594 = CARTESIAN_POINT('',(-0.185853040318,-2.455329345239,
    6.372925181877));
#5595 = CARTESIAN_POINT('',(-9.815092791357E-02,-2.459723791643,
    6.378602482598));
#5596 = CARTESIAN_POINT('',(-1.039205493732E-02,-2.460540940199,
    6.384278635872));
#5597 = CARTESIAN_POINT('',(0.14075007203,-2.455790435523,6.394064077281
    ));
#5598 = CARTESIAN_POINT('',(0.204190412116,-2.451919840884,
    6.398174686964));
#5599 = CARTESIAN_POINT('',(0.267508216337,-2.446176132826,
    6.402285098544));
#5600 = CARTESIAN_POINT('',(0.33064013032,-2.438563743778,6.406395597946
    ));
#5601 = CARTESIAN_POINT('',(0.39352222243,-2.429089910701,6.410506358286
    ));
#5602 = CARTESIAN_POINT('',(0.456089983773,-2.417764675086,
    6.414617439878));
#5603 = CARTESIAN_POINT('',(0.518278328196,-2.404600882954,
    6.418728790228));
#5604 = CARTESIAN_POINT('',(0.745589911459,-2.349426442116,
    6.433865357579));
#5605 = CARTESIAN_POINT('',(0.907976734928,-2.296128005986,
    6.444892461779));
#5606 = CARTESIAN_POINT('',(1.06595660863,-2.230016303112,6.455921175616
    ));
#5607 = CARTESIAN_POINT('',(1.21836145189,-2.151522841665,6.466950980767
    ));
#5608 = CARTESIAN_POINT('',(1.364078107988,-2.061199447233,
    6.477981632811));
#5609 = CARTESIAN_POINT('',(1.50205218569,-1.959714005664,6.489012977304
    ));
#5610 = CARTESIAN_POINT('',(1.631298191736,-1.847855712871,
    6.500044170711));
#5611 = CARTESIAN_POINT('',(1.91887892031,-1.556216469919,6.526557617983
    ));
#5612 = CARTESIAN_POINT('',(2.067981648086,-1.36712995015,6.542048288012
    ));
#5613 = CARTESIAN_POINT('',(2.19565370107,-1.161839042897,6.557533069213
    ));
#5614 = CARTESIAN_POINT('',(2.299892741419,-0.94321901788,6.573013670286
    ));
#5615 = CARTESIAN_POINT('',(2.379171278567,-0.714361077114,
    6.588494603967));
#5616 = CARTESIAN_POINT('',(2.432404865076,-0.478539546044,
    6.603979718094));
#5617 = CARTESIAN_POINT('',(2.459,-0.239211062082,6.619469325071));
#5618 = CARTESIAN_POINT('',(2.459,2.6645352591E-15,6.634951845287));
#5619 = PCURVE('',#1007,#5620);
#5620 = DEFINITIONAL_REPRESENTATION('',(#5621),#5694);
#5621 = B_SPLINE_CURVE_WITH_KNOTS('',8,(#5622,#5623,#5624,#5625,#5626,
    #5627,#5628,#5629,#5630,#5631,#5632,#5633,#5634,#5635,#5636,#5637,
    #5638,#5639,#5640,#5641,#5642,#5643,#5644,#5645,#5646,#5647,#5648,
    #5649,#5650,#5651,#5652,#5653,#5654,#5655,#5656,#5657,#5658,#5659,
    #5660,#5661,#5662,#5663,#5664,#5665,#5666,#5667,#5668,#5669,#5670,
    #5671,#5672,#5673,#5674,#5675,#5676,#5677,#5678,#5679,#5680,#5681,
    #5682,#5683,#5684,#5685,#5686,#5687,#5688,#5689,#5690,#5691,#5692,
    #5693),.UNSPECIFIED.,.F.,.F.,(9,7,7,7,7,7,7,7,7,7,9),(0.,
    0.104362651862,0.221263434619,0.329271596824,0.437678306804,
    0.613684786718,0.70955798368,0.754970904693,0.787874353348,
    0.876106952797,1.),.UNSPECIFIED.);
#5622 = CARTESIAN_POINT('',(0.241267399601,38.173588443226));
#5623 = CARTESIAN_POINT('',(0.241265906729,38.256564761956));
#5624 = CARTESIAN_POINT('',(0.241264428355,38.339564799925));
#5625 = CARTESIAN_POINT('',(0.24126331253,38.422556086353));
#5626 = CARTESIAN_POINT('',(0.241262976191,38.505534489583));
#5627 = CARTESIAN_POINT('',(0.241263674493,38.588510482182));
#5628 = CARTESIAN_POINT('',(0.241265393935,38.671496010826));
#5629 = CARTESIAN_POINT('',(0.241267869305,38.754491970998));
#5630 = CARTESIAN_POINT('',(0.241273922544,38.930430339107));
#5631 = CARTESIAN_POINT('',(0.241277598537,39.023420751504));
#5632 = CARTESIAN_POINT('',(0.241281231404,39.116393433156));
#5633 = CARTESIAN_POINT('',(0.241284104508,39.209349343146));
#5634 = CARTESIAN_POINT('',(0.241285593409,39.302303929436));
#5635 = CARTESIAN_POINT('',(0.241285454067,39.395273143788));
#5636 = CARTESIAN_POINT('',(0.241283924716,39.488259564635));
#5637 = CARTESIAN_POINT('',(0.241279172573,39.667093869399));
#5638 = CARTESIAN_POINT('',(0.241276091759,39.752998578694));
#5639 = CARTESIAN_POINT('',(0.241272547436,39.838892941631));
#5640 = CARTESIAN_POINT('',(0.241269108651,39.924774455825));
#5641 = CARTESIAN_POINT('',(0.241266317411,40.010655997647));
#5642 = CARTESIAN_POINT('',(0.24126451821,40.096550404473));
#5643 = CARTESIAN_POINT('',(0.241263777971,40.18245510455));
#5644 = CARTESIAN_POINT('',(0.241264015308,40.354535385947));
#5645 = CARTESIAN_POINT('',(0.241264996278,40.440757117363));
#5646 = CARTESIAN_POINT('',(0.241266689504,40.526968152646));
#5647 = CARTESIAN_POINT('',(0.241268632072,40.613165969831));
#5648 = CARTESIAN_POINT('',(0.241270306652,40.699363731431));
#5649 = CARTESIAN_POINT('',(0.241271337511,40.785574550846));
#5650 = CARTESIAN_POINT('',(0.241271623864,40.871795654806));
#5651 = CARTESIAN_POINT('',(0.241271064261,41.097939434718));
#5652 = CARTESIAN_POINT('',(0.241269359751,41.238150356422));
#5653 = CARTESIAN_POINT('',(0.241267366205,41.378200625949));
#5654 = CARTESIAN_POINT('',(0.241267174045,41.518163051513));
#5655 = CARTESIAN_POINT('',(0.241274001576,41.658131236702));
#5656 = CARTESIAN_POINT('',(0.241283348624,41.798192325033));
#5657 = CARTESIAN_POINT('',(0.241286445607,41.938425694746));
#5658 = CARTESIAN_POINT('',(0.241280820229,42.154594366244));
#5659 = CARTESIAN_POINT('',(0.241276795036,42.230835447043));
#5660 = CARTESIAN_POINT('',(0.241270742076,42.307071564531));
#5661 = CARTESIAN_POINT('',(0.241262906253,42.383301666929));
#5662 = CARTESIAN_POINT('',(0.24125487829,42.459532836598));
#5663 = CARTESIAN_POINT('',(0.241249403528,42.53577134502));
#5664 = CARTESIAN_POINT('',(0.24124888486,42.61201385046));
#5665 = CARTESIAN_POINT('',(0.241254330011,42.724344708672));
#5666 = CARTESIAN_POINT('',(0.241257156754,42.760451738788));
#5667 = CARTESIAN_POINT('',(0.241260821885,42.796559882317));
#5668 = CARTESIAN_POINT('',(0.241264911485,42.832668996246));
#5669 = CARTESIAN_POINT('',(0.241268835862,42.868778740862));
#5670 = CARTESIAN_POINT('',(0.241271829554,42.904888579756));
#5671 = CARTESIAN_POINT('',(0.241272951322,42.940997779823));
#5672 = CARTESIAN_POINT('',(0.241269731326,43.003266811376));
#5673 = CARTESIAN_POINT('',(0.241267432399,43.029427781132));
#5674 = CARTESIAN_POINT('',(0.241264644012,43.055589232336));
#5675 = CARTESIAN_POINT('',(0.24126173379,43.081751675852));
#5676 = CARTESIAN_POINT('',(0.241258980349,43.1079152216));
#5677 = CARTESIAN_POINT('',(0.241256573295,43.134079578556));
#5678 = CARTESIAN_POINT('',(0.241254613228,43.160244054751));
#5679 = CARTESIAN_POINT('',(0.241249085397,43.256566581099));
#5680 = CARTESIAN_POINT('',(0.241248518359,43.326725959529));
#5681 = CARTESIAN_POINT('',(0.241252333754,43.396879983302));
#5682 = CARTESIAN_POINT('',(0.241258913338,43.467031113499));
#5683 = CARTESIAN_POINT('',(0.241266122147,43.537185392678));
#5684 = CARTESIAN_POINT('',(0.241272461661,43.607347170928));
#5685 = CARTESIAN_POINT('',(0.241277351499,43.677513146828));
#5686 = CARTESIAN_POINT('',(0.241285016264,43.846171451631));
#5687 = CARTESIAN_POINT('',(0.24128618687,43.944723035634));
#5688 = CARTESIAN_POINT('',(0.241283476019,44.043250966129));
#5689 = CARTESIAN_POINT('',(0.241278721118,44.141759575631));
#5690 = CARTESIAN_POINT('',(0.241274226009,44.240269376758));
#5691 = CARTESIAN_POINT('',(0.241271302609,44.338800181816));
#5692 = CARTESIAN_POINT('',(0.241269844725,44.437354356304));
#5693 = CARTESIAN_POINT('',(0.241269478235,44.53585955904));
#5694 = ( GEOMETRIC_REPRESENTATION_CONTEXT(2) 
PARAMETRIC_REPRESENTATION_CONTEXT() REPRESENTATION_CONTEXT('2D SPACE',''
  ) );
#5695 = PCURVE('',#2353,#5696);
#5696 = DEFINITIONAL_REPRESENTATION('',(#5697),#5770);
#5697 = B_SPLINE_CURVE_WITH_KNOTS('',8,(#5698,#5699,#5700,#5701,#5702,
    #5703,#5704,#5705,#5706,#5707,#5708,#5709,#5710,#5711,#5712,#5713,
    #5714,#5715,#5716,#5717,#5718,#5719,#5720,#5721,#5722,#5723,#5724,
    #5725,#5726,#5727,#5728,#5729,#5730,#5731,#5732,#5733,#5734,#5735,
    #5736,#5737,#5738,#5739,#5740,#5741,#5742,#5743,#5744,#5745,#5746,
    #5747,#5748,#5749,#5750,#5751,#5752,#5753,#5754,#5755,#5756,#5757,
    #5758,#5759,#5760,#5761,#5762,#5763,#5764,#5765,#5766,#5767,#5768,
    #5769),.UNSPECIFIED.,.F.,.F.,(9,7,7,7,7,7,7,7,7,7,9),(0.,
    0.104362651862,0.221263434619,0.329271596824,0.437678306804,
    0.613684786718,0.70955798368,0.754970904693,0.787874353348,
    0.876106952797,1.),.UNSPECIFIED.);
#5698 = CARTESIAN_POINT('',(0.,-5.634949742043));
#5699 = CARTESIAN_POINT('',(-8.194574829425E-02,-5.647990853092));
#5700 = CARTESIAN_POINT('',(-0.163914610984,-5.661035700363));
#5701 = CARTESIAN_POINT('',(-0.245874434161,-5.674079374883));
#5702 = CARTESIAN_POINT('',(-0.327821156598,-5.687121460461));
#5703 = CARTESIAN_POINT('',(-0.409765224397,-5.700163745857));
#5704 = CARTESIAN_POINT('',(-0.491718587803,-5.713208101262));
#5705 = CARTESIAN_POINT('',(-0.57368228019,-5.72625451908));
#5706 = CARTESIAN_POINT('',(-0.747432628945,-5.753911321476));
#5707 = CARTESIAN_POINT('',(-0.839266722186,-5.768529306122));
#5708 = CARTESIAN_POINT('',(-0.931083561397,-5.783144479786));
#5709 = CARTESIAN_POINT('',(-1.022884142032,-5.79775659237));
#5710 = CARTESIAN_POINT('',(-1.114683623584,-5.812367722661));
#5711 = CARTESIAN_POINT('',(-1.206497580742,-5.826980241404));
#5712 = CARTESIAN_POINT('',(-1.298328405028,-5.841594687121));
#5713 = CARTESIAN_POINT('',(-1.474939852103,-5.869700619489));
#5714 = CARTESIAN_POINT('',(-1.559776623546,-5.883201117181));
#5715 = CARTESIAN_POINT('',(-1.64460294806,-5.896699729409));
#5716 = CARTESIAN_POINT('',(-1.729416358901,-5.910196381143));
#5717 = CARTESIAN_POINT('',(-1.814229663814,-5.923693399418));
#5718 = CARTESIAN_POINT('',(-1.899055701569,-5.937192994657));
#5719 = CARTESIAN_POINT('',(-1.983892107348,-5.950694800074));
#5720 = CARTESIAN_POINT('',(-2.153833028385,-5.977741947974));
#5721 = CARTESIAN_POINT('',(-2.238983123326,-5.991294546078));
#5722 = CARTESIAN_POINT('',(-2.324123059861,-6.00484586139));
#5723 = CARTESIAN_POINT('',(-2.409250389891,-6.018395238592));
#5724 = CARTESIAN_POINT('',(-2.494378030818,-6.031944457161));
#5725 = CARTESIAN_POINT('',(-2.579518728182,-6.045495368057));
#5726 = CARTESIAN_POINT('',(-2.66466947931,-6.059047479013));
#5727 = CARTESIAN_POINT('',(-2.888005119385,-6.094591704818));
#5728 = CARTESIAN_POINT('',(-3.02647418621,-6.11662864497));
#5729 = CARTESIAN_POINT('',(-3.164782947785,-6.138640172669));
#5730 = CARTESIAN_POINT('',(-3.303002853712,-6.160638900929));
#5731 = CARTESIAN_POINT('',(-3.441227183972,-6.182642460845));
#5732 = CARTESIAN_POINT('',(-3.579545468105,-6.204662032243));
#5733 = CARTESIAN_POINT('',(-3.718036046726,-6.22670518636));
#5734 = CARTESIAN_POINT('',(-3.93151974325,-6.260678723806));
#5735 = CARTESIAN_POINT('',(-4.006814131287,-6.272659795787));
#5736 = CARTESIAN_POINT('',(-4.082103770395,-6.284638953441));
#5737 = CARTESIAN_POINT('',(-4.157387226431,-6.296616168439));
#5738 = CARTESIAN_POINT('',(-4.232671185271,-6.308593443718));
#5739 = CARTESIAN_POINT('',(-4.30796181251,-6.320573300585));
#5740 = CARTESIAN_POINT('',(-4.383256090523,-6.332556557825));
#5741 = CARTESIAN_POINT('',(-4.494190130708,-6.350215399972));
#5742 = CARTESIAN_POINT('',(-4.529848244544,-6.355892165837));
#5743 = CARTESIAN_POINT('',(-4.565507527631,-6.361569575648));
#5744 = CARTESIAN_POINT('',(-4.601167833268,-6.367247375405));
#5745 = CARTESIAN_POINT('',(-4.636828814791,-6.372925181877));
#5746 = CARTESIAN_POINT('',(-4.67248992557,-6.378602482598));
#5747 = CARTESIAN_POINT('',(-4.708150419015,-6.384278635872));
#5748 = CARTESIAN_POINT('',(-4.76964564651,-6.394064077281));
#5749 = CARTESIAN_POINT('',(-4.795481547397,-6.398174686964));
#5750 = CARTESIAN_POINT('',(-4.821317909258,-6.402285098544));
#5751 = CARTESIAN_POINT('',(-4.847155208281,-6.406395597946));
#5752 = CARTESIAN_POINT('',(-4.872993538813,-6.410506358286));
#5753 = CARTESIAN_POINT('',(-4.898832613361,-6.414617439878));
#5754 = CARTESIAN_POINT('',(-4.924671762591,-6.418728790228));
#5755 = CARTESIAN_POINT('',(-5.019796567551,-6.433865357579));
#5756 = CARTESIAN_POINT('',(-5.089083375853,-6.444892461779));
#5757 = CARTESIAN_POINT('',(-5.158365054446,-6.455921175616));
#5758 = CARTESIAN_POINT('',(-5.227644313596,-6.466950980767));
#5759 = CARTESIAN_POINT('',(-5.296927179165,-6.477981632811));
#5760 = CARTESIAN_POINT('',(-5.366217763357,-6.489012977304));
#5761 = CARTESIAN_POINT('',(-5.435512506671,-6.500044170711));
#5762 = CARTESIAN_POINT('',(-5.602076322733,-6.526557617983));
#5763 = CARTESIAN_POINT('',(-5.699403772397,-6.542048288012));
#5764 = CARTESIAN_POINT('',(-5.796707084351,-6.557533069213));
#5765 = CARTESIAN_POINT('',(-5.893990206375,-6.573013670286));
#5766 = CARTESIAN_POINT('',(-5.991273737489,-6.588494603967));
#5767 = CARTESIAN_POINT('',(-6.088577902874,-6.603979718094));
#5768 = CARTESIAN_POINT('',(-6.185905493401,-6.619469325071));
#5769 = CARTESIAN_POINT('',(-6.28318530718,-6.634951845287));
#5770 = ( GEOMETRIC_REPRESENTATION_CONTEXT(2) 
PARAMETRIC_REPRESENTATION_CONTEXT() REPRESENTATION_CONTEXT('2D SPACE',''
  ) );
#5771 = ORIENTED_EDGE('',*,*,#5772,.F.);
#5772 = EDGE_CURVE('',#5773,#5543,#5775,.T.);
#5773 = VERTEX_POINT('',#5774);
#5774 = CARTESIAN_POINT('',(2.459,0.,4.634954618633));
#5775 = SURFACE_CURVE('',#5776,(#5842,#5911),.PCURVE_S1.);
#5776 = B_SPLINE_CURVE_WITH_KNOTS('',8,(#5777,#5778,#5779,#5780,#5781,
    #5782,#5783,#5784,#5785,#5786,#5787,#5788,#5789,#5790,#5791,#5792,
    #5793,#5794,#5795,#5796,#5797,#5798,#5799,#5800,#5801,#5802,#5803,
    #5804,#5805,#5806,#5807,#5808,#5809,#5810,#5811,#5812,#5813,#5814,
    #5815,#5816,#5817,#5818,#5819,#5820,#5821,#5822,#5823,#5824,#5825,
    #5826,#5827,#5828,#5829,#5830,#5831,#5832,#5833,#5834,#5835,#5836,
    #5837,#5838,#5839,#5840,#5841),.UNSPECIFIED.,.F.,.F.,(9,7,7,7,7,7,7,
    7,7,9),(0.,9.72876993775E-02,0.211569806487,0.315788517416,
    0.415673634265,0.580096926165,0.623239562805,0.767086691807,
    0.882521576352,1.),.UNSPECIFIED.);
#5777 = CARTESIAN_POINT('',(2.459,0.,4.634954618633));
#5778 = CARTESIAN_POINT('',(2.459,0.18783677127,4.647113705005));
#5779 = CARTESIAN_POINT('',(2.442601716505,0.375716641376,4.659275456343
    ));
#5780 = CARTESIAN_POINT('',(2.409792799388,0.561910532514,4.671436082109
    ));
#5781 = CARTESIAN_POINT('',(2.360790894589,0.744743298653,4.683594893749
    ));
#5782 = CARTESIAN_POINT('',(2.296009127536,0.922593930523,4.695752881777
    ));
#5783 = CARTESIAN_POINT('',(2.216041445888,1.093901420408,4.707911286388
    ));
#5784 = CARTESIAN_POINT('',(2.121667821595,1.257176286785,4.720070161584
    ));
#5785 = CARTESIAN_POINT('',(1.887262092977,1.591732563349,4.74650727295)
  );
#5786 = CARTESIAN_POINT('',(1.742069416964,1.759522492201,4.760791923967
    ));
#5787 = CARTESIAN_POINT('',(1.579898810331,1.912063656907,4.775073854294
    ));
#5788 = CARTESIAN_POINT('',(1.402651941653,2.047379464195,4.789353749023
    ));
#5789 = CARTESIAN_POINT('',(1.212456679218,2.163797371252,4.803634216642
    ));
#5790 = CARTESIAN_POINT('',(1.011641629709,2.259935271469,4.817917621889
    ));
#5791 = CARTESIAN_POINT('',(0.802740353315,2.33473240767,4.832204006448)
  );
#5792 = CARTESIAN_POINT('',(0.393129800492,2.435696933202,4.859509514158
    ));
#5793 = CARTESIAN_POINT('',(0.193199160003,2.465596044042,4.872537361245
    ));
#5794 = CARTESIAN_POINT('',(-9.22401848087E-03,2.476710431694,
    4.885564263269));
#5795 = CARTESIAN_POINT('',(-0.212074056206,2.46882758472,4.898589460705
    ));
#5796 = CARTESIAN_POINT('',(-0.413295488594,2.442000046108,
    4.911614340127));
#5797 = CARTESIAN_POINT('',(-0.610855650271,2.396527592433,
    4.924640468017));
#5798 = CARTESIAN_POINT('',(-0.802759404924,2.332970636945,
    4.937667589944));
#5799 = CARTESIAN_POINT('',(-1.163708847538,2.174777872811,
    4.963174039612));
#5800 = CARTESIAN_POINT('',(-1.333458301198,2.081507005852,
    4.975659507073));
#5801 = CARTESIAN_POINT('',(-1.494589175334,1.973122279664,
    4.988143888616));
#5802 = CARTESIAN_POINT('',(-1.645537711717,1.850574593391,
    5.000626844132));
#5803 = CARTESIAN_POINT('',(-1.784884581489,1.714988218094,
    5.013109917291));
#5804 = CARTESIAN_POINT('',(-1.911353413381,1.567642054232,
    5.025594737217));
#5805 = CARTESIAN_POINT('',(-2.023824868224,1.409969649908,
    5.038081306811));
#5806 = CARTESIAN_POINT('',(-2.281931488999,0.969676652142,
    5.071118353105));
#5807 = CARTESIAN_POINT('',(-2.402302484321,0.671701501967,
    5.091699599329));
#5808 = CARTESIAN_POINT('',(-2.477841178855,0.357119806138,
    5.112262721567));
#5809 = CARTESIAN_POINT('',(-2.506238051188,3.386545842125E-02,
    5.132812478717));
#5810 = CARTESIAN_POINT('',(-2.486589546012,-0.29004515024,
    5.153355962735));
#5811 = CARTESIAN_POINT('',(-2.419574782738,-0.606575793993,
    5.17390470982));
#5812 = CARTESIAN_POINT('',(-2.307277451693,-0.907713719507,
    5.194479516662));
#5813 = CARTESIAN_POINT('',(-2.114003653448,-1.258812470815,
    5.220422338665));
#5814 = CARTESIAN_POINT('',(-2.071005133018,-1.330235468191,
    5.225815147095));
#5815 = CARTESIAN_POINT('',(-2.025250270525,-1.399977013719,
    5.231208626422));
#5816 = CARTESIAN_POINT('',(-1.976815997541,-1.467913036008,
    5.236602696951));
#5817 = CARTESIAN_POINT('',(-1.925786012175,-1.533923867261,
    5.241997113974));
#5818 = CARTESIAN_POINT('',(-1.872250779076,-1.597894243284,
    5.247391467772));
#5819 = CARTESIAN_POINT('',(-1.816307529434,-1.659713303483,
    5.25278518361));
#5820 = CARTESIAN_POINT('',(-1.563850935988,-1.91786514666,5.27615677427
    ));
#5821 = CARTESIAN_POINT('',(-1.343848031646,-2.091543349693,
    5.294133246819));
#5822 = CARTESIAN_POINT('',(-1.102007609749,-2.236120529662,
    5.312111697742));
#5823 = CARTESIAN_POINT('',(-0.842906143323,-2.348536263589,
    5.330098601634));
#5824 = CARTESIAN_POINT('',(-0.57144970682,-2.426542872853,
    5.348083253403));
#5825 = CARTESIAN_POINT('',(-0.292858627534,-2.468750322129,
    5.366074491056));
#5826 = CARTESIAN_POINT('',(-1.261276410908E-02,-2.474606306784,
    5.384070815749));
#5827 = CARTESIAN_POINT('',(0.485173372445,-2.420944785141,
    5.416477387335));
#5828 = CARTESIAN_POINT('',(0.704395318933,-2.374086325986,
    5.430908691484));
#5829 = CARTESIAN_POINT('',(0.918324215466,-2.30454506083,5.445336212258
    ));
#5830 = CARTESIAN_POINT('',(1.124228976972,-2.213059433953,
    5.459761215354));
#5831 = CARTESIAN_POINT('',(1.319544236758,-2.100726524973,
    5.474186826548));
#5832 = CARTESIAN_POINT('',(1.50187039496,-1.968970723952,5.488615633288
    ));
#5833 = CARTESIAN_POINT('',(1.66899926808,-1.819562635994,5.503047678737
    ));
#5834 = CARTESIAN_POINT('',(1.97163994348,-1.486868325406,5.532157461531
    ));
#5835 = CARTESIAN_POINT('',(2.106654679051,-1.30290269549,5.546846091717
    ));
#5836 = CARTESIAN_POINT('',(2.221944942359,-1.1050312245,5.561531925857)
  );
#5837 = CARTESIAN_POINT('',(2.315879992647,-0.895753028037,
    5.576214859972));
#5838 = CARTESIAN_POINT('',(2.387218115533,-0.677734277768,
    5.590897207248));
#5839 = CARTESIAN_POINT('',(2.43508315509,-0.453783131129,5.605581565845
    ));
#5840 = CARTESIAN_POINT('',(2.459,-0.226846919768,5.620268509234));
#5841 = CARTESIAN_POINT('',(2.459,2.22044604925E-15,5.634949742043));
#5842 = PCURVE('',#1007,#5843);
#5843 = DEFINITIONAL_REPRESENTATION('',(#5844),#5910);
#5844 = B_SPLINE_CURVE_WITH_KNOTS('',8,(#5845,#5846,#5847,#5848,#5849,
    #5850,#5851,#5852,#5853,#5854,#5855,#5856,#5857,#5858,#5859,#5860,
    #5861,#5862,#5863,#5864,#5865,#5866,#5867,#5868,#5869,#5870,#5871,
    #5872,#5873,#5874,#5875,#5876,#5877,#5878,#5879,#5880,#5881,#5882,
    #5883,#5884,#5885,#5886,#5887,#5888,#5889,#5890,#5891,#5892,#5893,
    #5894,#5895,#5896,#5897,#5898,#5899,#5900,#5901,#5902,#5903,#5904,
    #5905,#5906,#5907,#5908,#5909),.UNSPECIFIED.,.F.,.F.,(9,7,7,7,7,7,7,
    7,7,9),(0.,9.72876993775E-02,0.211569806487,0.315788517416,
    0.415673634265,0.580096926165,0.623239562805,0.767086691807,
    0.882521576352,1.),.UNSPECIFIED.);
#5845 = CARTESIAN_POINT('',(0.241275490773,31.811325544078));
#5846 = CARTESIAN_POINT('',(0.241278335654,31.88867475137));
#5847 = CARTESIAN_POINT('',(0.241281086963,31.966041246872));
#5848 = CARTESIAN_POINT('',(0.241283401697,32.043402134807));
#5849 = CARTESIAN_POINT('',(0.241284921917,32.1207543082));
#5850 = CARTESIAN_POINT('',(0.241285416821,32.198104890309));
#5851 = CARTESIAN_POINT('',(0.241284851515,32.275461895748));
#5852 = CARTESIAN_POINT('',(0.24128338246,32.352825111319));
#5853 = CARTESIAN_POINT('',(0.241278809444,32.521041296953));
#5854 = CARTESIAN_POINT('',(0.241275463275,32.611935941914));
#5855 = CARTESIAN_POINT('',(0.24127167091,32.702814864985));
#5856 = CARTESIAN_POINT('',(0.241268082838,32.793680110031));
#5857 = CARTESIAN_POINT('',(0.241265356901,32.884545931909));
#5858 = CARTESIAN_POINT('',(0.241263863035,32.975426059236));
#5859 = CARTESIAN_POINT('',(0.241263531136,33.066321006692));
#5860 = CARTESIAN_POINT('',(0.241264555916,33.240042239451));
#5861 = CARTESIAN_POINT('',(0.241265760703,33.322924569282));
#5862 = CARTESIAN_POINT('',(0.241267481408,33.405799050394));
#5863 = CARTESIAN_POINT('',(0.24126928194,33.488662402392));
#5864 = CARTESIAN_POINT('',(0.241270722381,33.571525012542));
#5865 = CARTESIAN_POINT('',(0.241271521462,33.654397848159));
#5866 = CARTESIAN_POINT('',(0.24127164932,33.737279396752));
#5867 = CARTESIAN_POINT('',(0.241271064162,33.899560274488));
#5868 = CARTESIAN_POINT('',(0.241270388112,33.978998534598));
#5869 = CARTESIAN_POINT('',(0.24126948426,34.05843069648));
#5870 = CARTESIAN_POINT('',(0.241268777242,34.137853085137));
#5871 = CARTESIAN_POINT('',(0.241268734133,34.217273859641));
#5872 = CARTESIAN_POINT('',(0.241269672163,34.296702255997));
#5873 = CARTESIAN_POINT('',(0.241271594454,34.376138281557));
#5874 = CARTESIAN_POINT('',(0.241278102183,34.586305570445));
#5875 = CARTESIAN_POINT('',(0.241283649806,34.717229173546));
#5876 = CARTESIAN_POINT('',(0.241288760224,34.848039022939));
#5877 = CARTESIAN_POINT('',(0.241289377834,34.978779828375));
#5878 = CARTESIAN_POINT('',(0.241278664202,35.109521046682));
#5879 = CARTESIAN_POINT('',(0.241256280448,35.240337279954));
#5880 = CARTESIAN_POINT('',(0.241247528355,35.371270801788));
#5881 = CARTESIAN_POINT('',(0.241252482331,35.536308284101));
#5882 = CARTESIAN_POINT('',(0.241254317565,35.570612230162));
#5883 = CARTESIAN_POINT('',(0.241257086767,35.604917120977));
#5884 = CARTESIAN_POINT('',(0.241260668055,35.639222883237));
#5885 = CARTESIAN_POINT('',(0.241264689252,35.673529284505));
#5886 = CARTESIAN_POINT('',(0.24126852788,35.707835933212));
#5887 = CARTESIAN_POINT('',(0.241271311163,35.742142278663));
#5888 = CARTESIAN_POINT('',(0.24127393278,35.89082920555));
#5889 = CARTESIAN_POINT('',(0.241245433982,36.005301707599));
#5890 = CARTESIAN_POINT('',(0.24123548194,36.119720795191));
#5891 = CARTESIAN_POINT('',(0.241250754184,36.234103897444));
#5892 = CARTESIAN_POINT('',(0.241263613948,36.34848125708));
#5893 = CARTESIAN_POINT('',(0.241276065059,36.462901971688));
#5894 = CARTESIAN_POINT('',(0.241281903019,36.577378585487));
#5895 = CARTESIAN_POINT('',(0.241284946847,36.783546953966));
#5896 = CARTESIAN_POINT('',(0.241283507181,36.875367860434));
#5897 = CARTESIAN_POINT('',(0.241279765228,36.967172889129));
#5898 = CARTESIAN_POINT('',(0.241275448912,37.058963943652));
#5899 = CARTESIAN_POINT('',(0.241272031591,37.150755667844));
#5900 = CARTESIAN_POINT('',(0.241270085917,37.242562485851));
#5901 = CARTESIAN_POINT('',(0.241269353944,37.334385590228));
#5902 = CARTESIAN_POINT('',(0.24126945877,37.519589373249));
#5903 = CARTESIAN_POINT('',(0.241270316543,37.613039280386));
#5904 = CARTESIAN_POINT('',(0.241271516341,37.706470181187));
#5905 = CARTESIAN_POINT('',(0.241272247744,37.799884298126));
#5906 = CARTESIAN_POINT('',(0.2412719913,37.893298196843));
#5907 = CARTESIAN_POINT('',(0.241270776039,37.986728304225));
#5908 = CARTESIAN_POINT('',(0.241269080224,38.080176566874));
#5909 = CARTESIAN_POINT('',(0.241267399601,38.173588443226));
#5910 = ( GEOMETRIC_REPRESENTATION_CONTEXT(2) 
PARAMETRIC_REPRESENTATION_CONTEXT() REPRESENTATION_CONTEXT('2D SPACE',''
  ) );
#5911 = PCURVE('',#2146,#5912);
#5912 = DEFINITIONAL_REPRESENTATION('',(#5913),#5979);
#5913 = B_SPLINE_CURVE_WITH_KNOTS('',8,(#5914,#5915,#5916,#5917,#5918,
    #5919,#5920,#5921,#5922,#5923,#5924,#5925,#5926,#5927,#5928,#5929,
    #5930,#5931,#5932,#5933,#5934,#5935,#5936,#5937,#5938,#5939,#5940,
    #5941,#5942,#5943,#5944,#5945,#5946,#5947,#5948,#5949,#5950,#5951,
    #5952,#5953,#5954,#5955,#5956,#5957,#5958,#5959,#5960,#5961,#5962,
    #5963,#5964,#5965,#5966,#5967,#5968,#5969,#5970,#5971,#5972,#5973,
    #5974,#5975,#5976,#5977,#5978),.UNSPECIFIED.,.F.,.F.,(9,7,7,7,7,7,7,
    7,7,9),(0.,9.72876993775E-02,0.211569806487,0.315788517416,
    0.415673634265,0.580096926165,0.623239562805,0.767086691807,
    0.882521576352,1.),.UNSPECIFIED.);
#5914 = CARTESIAN_POINT('',(0.,-4.634954618633));
#5915 = CARTESIAN_POINT('',(-7.638746289943E-02,-4.647113705005));
#5916 = CARTESIAN_POINT('',(-0.152792153039,-4.659275456343));
#5917 = CARTESIAN_POINT('',(-0.229191486454,-4.671436082109));
#5918 = CARTESIAN_POINT('',(-0.305582364896,-4.683594893749));
#5919 = CARTESIAN_POINT('',(-0.381971749636,-4.695752881777));
#5920 = CARTESIAN_POINT('',(-0.45836746088,-4.707911286388));
#5921 = CARTESIAN_POINT('',(-0.53476920281,-4.720070161584));
#5922 = CARTESIAN_POINT('',(-0.700894488732,-4.74650727295));
#5923 = CARTESIAN_POINT('',(-0.79065913555,-4.760791923967));
#5924 = CARTESIAN_POINT('',(-0.880408000107,-4.775073854294));
#5925 = CARTESIAN_POINT('',(-0.970143103564,-4.789353749023));
#5926 = CARTESIAN_POINT('',(-1.059878656897,-4.803634216642));
#5927 = CARTESIAN_POINT('',(-1.149628430541,-4.817917621889));
#5928 = CARTESIAN_POINT('',(-1.239393124688,-4.832204006448));
#5929 = CARTESIAN_POINT('',(-1.41095490066,-4.859509514158));
#5930 = CARTESIAN_POINT('',(-1.492807266919,-4.872537361245));
#5931 = CARTESIAN_POINT('',(-1.574652266991,-4.885564263269));
#5932 = CARTESIAN_POINT('',(-1.656486666652,-4.898589460705));
#5933 = CARTESIAN_POINT('',(-1.738320623548,-4.911614340127));
#5934 = CARTESIAN_POINT('',(-1.820164772108,-4.924640468017));
#5935 = CARTESIAN_POINT('',(-1.902017384396,-4.937667589944));
#5936 = CARTESIAN_POINT('',(-2.062283021071,-4.963174039612));
#5937 = CARTESIAN_POINT('',(-2.140734516327,-4.975659507073));
#5938 = CARTESIAN_POINT('',(-2.219179561025,-4.988143888616));
#5939 = CARTESIAN_POINT('',(-2.297614415277,-5.000626844132));
#5940 = CARTESIAN_POINT('',(-2.376047147561,-5.013109917291));
#5941 = CARTESIAN_POINT('',(-2.454487031213,-5.025594737217));
#5942 = CARTESIAN_POINT('',(-2.532934320823,-5.038081306811));
#5943 = CARTESIAN_POINT('',(-2.740485937969,-5.071118353105));
#5944 = CARTESIAN_POINT('',(-2.869780369956,-5.091699599329));
#5945 = CARTESIAN_POINT('',(-2.998963867711,-5.112262721567));
#5946 = CARTESIAN_POINT('',(-3.128081070878,-5.132812478717));
#5947 = CARTESIAN_POINT('',(-3.257201267639,-5.153355962735));
#5948 = CARTESIAN_POINT('',(-3.386392524351,-5.17390470982));
#5949 = CARTESIAN_POINT('',(-3.515697724983,-5.194479516662));
#5950 = CARTESIAN_POINT('',(-3.678682924715,-5.220422338665));
#5951 = CARTESIAN_POINT('',(-3.712560276373,-5.225815147095));
#5952 = CARTESIAN_POINT('',(-3.746438624334,-5.231208626422));
#5953 = CARTESIAN_POINT('',(-3.780317938173,-5.236602696951));
#5954 = CARTESIAN_POINT('',(-3.814197992782,-5.241997113974));
#5955 = CARTESIAN_POINT('',(-3.848078368364,-5.247391467772));
#5956 = CARTESIAN_POINT('',(-3.881958450441,-5.25278518361));
#5957 = CARTESIAN_POINT('',(-4.028797468937,-5.27615677427));
#5958 = CARTESIAN_POINT('',(-4.14184813462,-5.294133246819));
#5959 = CARTESIAN_POINT('',(-4.254844228187,-5.312111697742));
#5960 = CARTESIAN_POINT('',(-4.367801389887,-5.330098601634));
#5961 = CARTESIAN_POINT('',(-4.480760432705,-5.348083253403));
#5962 = CARTESIAN_POINT('',(-4.593759812663,-5.366074491057));
#5963 = CARTESIAN_POINT('',(-4.706815346405,-5.384070815749));
#5964 = CARTESIAN_POINT('',(-4.910422563791,-5.416477387335));
#5965 = CARTESIAN_POINT('',(-5.00110229399,-5.430908691484));
#5966 = CARTESIAN_POINT('',(-5.091765552689,-5.445336212258));
#5967 = CARTESIAN_POINT('',(-5.182414227144,-5.459761215354));
#5968 = CARTESIAN_POINT('',(-5.273063183024,-5.474186826548));
#5969 = CARTESIAN_POINT('',(-5.363727177367,-5.488615633288));
#5970 = CARTESIAN_POINT('',(-5.454407692915,-5.503047678737));
#5971 = CARTESIAN_POINT('',(-5.637308068501,-5.532157461531));
#5972 = CARTESIAN_POINT('',(-5.729596315276,-5.546846091717));
#5973 = CARTESIAN_POINT('',(-5.821866519342,-5.561531925857));
#5974 = CARTESIAN_POINT('',(-5.914120802016,-5.576214859972));
#5975 = CARTESIAN_POINT('',(-6.006375208368,-5.590897207248));
#5976 = CARTESIAN_POINT('',(-6.098645585789,-5.605581565845));
#5977 = CARTESIAN_POINT('',(-6.190933611462,-5.620268509234));
#5978 = CARTESIAN_POINT('',(-6.28318530718,-5.634949742043));
#5979 = ( GEOMETRIC_REPRESENTATION_CONTEXT(2) 
PARAMETRIC_REPRESENTATION_CONTEXT() REPRESENTATION_CONTEXT('2D SPACE',''
  ) );
#5980 = ORIENTED_EDGE('',*,*,#5981,.F.);
#5981 = EDGE_CURVE('',#5982,#5773,#5984,.T.);
#5982 = VERTEX_POINT('',#5983);
#5983 = CARTESIAN_POINT('',(2.459,0.,3.634954618418));
#5984 = SURFACE_CURVE('',#5985,(#6051,#6120),.PCURVE_S1.);
#5985 = B_SPLINE_CURVE_WITH_KNOTS('',8,(#5986,#5987,#5988,#5989,#5990,
    #5991,#5992,#5993,#5994,#5995,#5996,#5997,#5998,#5999,#6000,#6001,
    #6002,#6003,#6004,#6005,#6006,#6007,#6008,#6009,#6010,#6011,#6012,
    #6013,#6014,#6015,#6016,#6017,#6018,#6019,#6020,#6021,#6022,#6023,
    #6024,#6025,#6026,#6027,#6028,#6029,#6030,#6031,#6032,#6033,#6034,
    #6035,#6036,#6037,#6038,#6039,#6040,#6041,#6042,#6043,#6044,#6045,
    #6046,#6047,#6048,#6049,#6050),.UNSPECIFIED.,.F.,.F.,(9,7,7,7,7,7,7,
    7,7,9),(0.,0.114893091496,0.2162614793,0.337954642872,0.4536845169,
    0.522210366996,0.635392958199,0.741512750752,0.853386886496,1.),
  .UNSPECIFIED.);
#5986 = CARTESIAN_POINT('',(2.459,1.33226762955E-15,3.634954618418));
#5987 = CARTESIAN_POINT('',(2.459,0.221863282176,3.649312557082));
#5988 = CARTESIAN_POINT('',(2.436122508638,0.443808555226,3.663675771327
    ));
#5989 = CARTESIAN_POINT('',(2.39033927849,0.662963350539,3.678036776019)
  );
#5990 = CARTESIAN_POINT('',(2.322083779705,0.876569394712,3.692396030354
    ));
#5991 = CARTESIAN_POINT('',(2.232157983291,1.081993646084,3.706755930246
    ));
#5992 = CARTESIAN_POINT('',(2.121700666058,1.276731547952,3.721118691771
    ));
#5993 = CARTESIAN_POINT('',(1.992207471919,1.458429252773,3.735484364304
    ));
#5994 = CARTESIAN_POINT('',(1.716237264401,1.771871623765,3.762515564535
    ));
#5995 = CARTESIAN_POINT('',(1.573480742598,1.907061799309,3.775189258626
    ));
#5996 = CARTESIAN_POINT('',(1.418608783731,2.029039003601,3.787861741156
    ));
#5997 = CARTESIAN_POINT('',(1.25306810357,2.13655077014,3.800532211902)
  );
#5998 = CARTESIAN_POINT('',(1.078434253012,2.228546174078,3.813201926017
    ));
#5999 = CARTESIAN_POINT('',(0.89639292033,2.30416891257,3.825872459251)
  );
#6000 = CARTESIAN_POINT('',(0.708735031463,2.362772551961,3.838543935895
    ));
#6001 = CARTESIAN_POINT('',(0.287625922349,2.453401170491,3.866422746068
    ));
#6002 = CARTESIAN_POINT('',(5.239229289818E-02,2.47777212133,
    3.881638620518));
#6003 = CARTESIAN_POINT('',(-0.184997560588,2.476317083756,
    3.896851418675));
#6004 = CARTESIAN_POINT('',(-0.421229669734,2.448885673531,
    3.912062227772));
#6005 = CARTESIAN_POINT('',(-0.653053723935,2.395808484043,
    3.927274300021));
#6006 = CARTESIAN_POINT('',(-0.877293113675,2.317857477518,3.9424901418)
  );
#6007 = CARTESIAN_POINT('',(-1.090868583682,2.216282784954,
    3.957708984759));
#6008 = CARTESIAN_POINT('',(-1.481088390465,1.975601508195,
    3.987384825666));
#6009 = CARTESIAN_POINT('',(-1.659171407064,1.838490624618,
    4.001853395701));
#6010 = CARTESIAN_POINT('',(-1.822628366932,1.68310070074,4.016317548269
    ));
#6011 = CARTESIAN_POINT('',(-1.969299750005,1.511284904438,
    4.030777506881));
#6012 = CARTESIAN_POINT('',(-2.097328277904,1.325153247441,
    4.045236076252));
#6013 = CARTESIAN_POINT('',(-2.205148322595,1.127045810676,
    4.059697596551));
#6014 = CARTESIAN_POINT('',(-2.291520875862,0.919539063075,4.07416519642
    ));
#6015 = CARTESIAN_POINT('',(-2.393593890823,0.578703849409,
    4.097195361693));
#6016 = CARTESIAN_POINT('',(-2.423764897416,0.449594257887,
    4.105762677904));
#6017 = CARTESIAN_POINT('',(-2.445970312933,0.318706147286,
    4.114332279934));
#6018 = CARTESIAN_POINT('',(-2.46009044284,0.186616511076,4.122898483056
    ));
#6019 = CARTESIAN_POINT('',(-2.466056810186,5.391169983605E-02,
    4.131475191647));
#6020 = CARTESIAN_POINT('',(-2.463849991221,-7.882680221394E-02,
    4.140032925837));
#6021 = CARTESIAN_POINT('',(-2.45350083608,-0.211009047717,
    4.148595746924));
#6022 = CARTESIAN_POINT('',(-2.404692369629,-0.558483676912,
    4.171298163105));
#6023 = CARTESIAN_POINT('',(-2.352297009604,-0.771888112182,
    4.185443684822));
#6024 = CARTESIAN_POINT('',(-2.278268542088,-0.979556038265,
    4.199592386291));
#6025 = CARTESIAN_POINT('',(-2.183374788063,-1.178942035279,
    4.213742589223));
#6026 = CARTESIAN_POINT('',(-2.068709578284,-1.367658505362,4.2278935819
    ));
#6027 = CARTESIAN_POINT('',(-1.935666935047,-1.543475504881,
    4.242045884394));
#6028 = CARTESIAN_POINT('',(-1.785959570759,-1.704345644076,
    4.256199083487));
#6029 = CARTESIAN_POINT('',(-1.467633271982,-1.983613630183,
    4.28360960083));
#6030 = CARTESIAN_POINT('',(-1.300688406783,-2.104113393157,
    4.296875293394));
#6031 = CARTESIAN_POINT('',(-1.12251437469,-2.208483186356,
    4.310138264614));
#6032 = CARTESIAN_POINT('',(-0.934944362671,-2.295527227725,
    4.323398895797));
#6033 = CARTESIAN_POINT('',(-0.739933061435,-2.364305136651,
    4.33665974822));
#6034 = CARTESIAN_POINT('',(-0.539536372002,-2.414122383185,
    4.349923046513));
#6035 = CARTESIAN_POINT('',(-0.33590398391,-2.444552760736,
    4.363188390193));
#6036 = CARTESIAN_POINT('',(8.442980276238E-02,-2.46702623156,
    4.390432144577));
#6037 = CARTESIAN_POINT('',(0.301368907633,-2.456905050703,
    4.404418276991));
#6038 = CARTESIAN_POINT('',(0.516894316188,-2.424967105806,
    4.418402897622));
#6039 = CARTESIAN_POINT('',(0.728450730563,-2.371461701064,
    4.432385199625));
#6040 = CARTESIAN_POINT('',(0.933564678678,-2.296977486934,
    4.446367232344));
#6041 = CARTESIAN_POINT('',(1.129857404351,-2.202414843948,
    4.460351210518));
#6042 = CARTESIAN_POINT('',(1.315071697246,-2.089002842111,
    4.474336662636));
#6043 = CARTESIAN_POINT('',(1.712575513584,-1.787151944152,
    4.506639456177));
#6044 = CARTESIAN_POINT('',(1.915718807619,-1.586120226484,
    4.524977954593));
#6045 = CARTESIAN_POINT('',(2.091588409411,-1.35887839663,4.543306886133
    ));
#6046 = CARTESIAN_POINT('',(2.236386488232,-1.109857296713,
    4.561629906389));
#6047 = CARTESIAN_POINT('',(2.347137650279,-0.843940678353,
    4.579954389736));
#6048 = CARTESIAN_POINT('',(2.421751941213,-0.566451591129,4.59828681721
    ));
#6049 = CARTESIAN_POINT('',(2.459,-0.283096561959,4.616629156982));
#6050 = CARTESIAN_POINT('',(2.459,0.,4.634954618633));
#6051 = PCURVE('',#1007,#6052);
#6052 = DEFINITIONAL_REPRESENTATION('',(#6053),#6119);
#6053 = B_SPLINE_CURVE_WITH_KNOTS('',8,(#6054,#6055,#6056,#6057,#6058,
    #6059,#6060,#6061,#6062,#6063,#6064,#6065,#6066,#6067,#6068,#6069,
    #6070,#6071,#6072,#6073,#6074,#6075,#6076,#6077,#6078,#6079,#6080,
    #6081,#6082,#6083,#6084,#6085,#6086,#6087,#6088,#6089,#6090,#6091,
    #6092,#6093,#6094,#6095,#6096,#6097,#6098,#6099,#6100,#6101,#6102,
    #6103,#6104,#6105,#6106,#6107,#6108,#6109,#6110,#6111,#6112,#6113,
    #6114,#6115,#6116,#6117,#6118),.UNSPECIFIED.,.F.,.F.,(9,7,7,7,7,7,7,
    7,7,9),(0.,0.114893091496,0.2162614793,0.337954642872,0.4536845169,
    0.522210366996,0.635392958199,0.741512750752,0.853386886496,1.),
  .UNSPECIFIED.);
#6054 = CARTESIAN_POINT('',(0.241275426514,25.449060639826));
#6055 = CARTESIAN_POINT('',(0.241272065481,25.54042161312));
#6056 = CARTESIAN_POINT('',(0.241268583516,25.631816581422));
#6057 = CARTESIAN_POINT('',(0.241265548057,25.723195902996));
#6058 = CARTESIAN_POINT('',(0.241263551589,25.814560390922));
#6059 = CARTESIAN_POINT('',(0.241262896983,25.905924210817));
#6060 = CARTESIAN_POINT('',(0.241263457246,25.997301913873));
#6061 = CARTESIAN_POINT('',(0.2412647564,26.088695508078));
#6062 = CARTESIAN_POINT('',(0.241267696181,26.260664709087));
#6063 = CARTESIAN_POINT('',(0.241269275222,26.341292491815));
#6064 = CARTESIAN_POINT('',(0.241270738761,26.421912977308));
#6065 = CARTESIAN_POINT('',(0.241271708697,26.502522419864));
#6066 = CARTESIAN_POINT('',(0.241271978474,26.58312954016));
#6067 = CARTESIAN_POINT('',(0.241271613291,26.663744131517));
#6068 = CARTESIAN_POINT('',(0.241270917469,26.744365901727));
#6069 = CARTESIAN_POINT('',(0.241269490428,26.921743361954));
#6070 = CARTESIAN_POINT('',(0.241268779178,27.018553320511));
#6071 = CARTESIAN_POINT('',(0.241268762709,27.115341234384));
#6072 = CARTESIAN_POINT('',(0.241270228213,27.212111219497));
#6073 = CARTESIAN_POINT('',(0.241273569836,27.308882564646));
#6074 = CARTESIAN_POINT('',(0.241278034488,27.405673896062));
#6075 = CARTESIAN_POINT('',(0.241281726519,27.502487071278));
#6076 = CARTESIAN_POINT('',(0.241284857996,27.691281495262));
#6077 = CARTESIAN_POINT('',(0.241284496975,27.783335658646));
#6078 = CARTESIAN_POINT('',(0.241281069005,27.875372631162));
#6079 = CARTESIAN_POINT('',(0.241273853778,27.967396398203));
#6080 = CARTESIAN_POINT('',(0.241263305746,28.059423186847));
#6081 = CARTESIAN_POINT('',(0.241253053148,28.151467698699));
#6082 = CARTESIAN_POINT('',(0.241248982573,28.243528890646));
#6083 = CARTESIAN_POINT('',(0.241252530747,28.390040281379));
#6084 = CARTESIAN_POINT('',(0.241255975457,28.444535560035));
#6085 = CARTESIAN_POINT('',(0.241262920204,28.499032926191));
#6086 = CARTESIAN_POINT('',(0.241264778138,28.553526769994));
#6087 = CARTESIAN_POINT('',(0.241284806039,28.608022791418));
#6088 = CARTESIAN_POINT('',(0.241271195554,28.662517800371));
#6089 = CARTESIAN_POINT('',(0.241266850367,28.717012201466));
#6090 = CARTESIAN_POINT('',(0.2412523214,28.861502696035));
#6091 = CARTESIAN_POINT('',(0.241244669364,28.951527486635));
#6092 = CARTESIAN_POINT('',(0.241247242177,29.041536120819));
#6093 = CARTESIAN_POINT('',(0.241256378847,29.131530949207));
#6094 = CARTESIAN_POINT('',(0.241266663542,29.221526716774));
#6095 = CARTESIAN_POINT('',(0.241274918166,29.311538042058));
#6096 = CARTESIAN_POINT('',(0.241280217799,29.40156558756));
#6097 = CARTESIAN_POINT('',(0.241285012789,29.575941502545));
#6098 = CARTESIAN_POINT('',(0.241284866665,29.660341875797));
#6099 = CARTESIAN_POINT('',(0.241282353326,29.744733359247));
#6100 = CARTESIAN_POINT('',(0.241278655028,29.829114171631));
#6101 = CARTESIAN_POINT('',(0.241275042032,29.913496088041));
#6102 = CARTESIAN_POINT('',(0.241272305683,29.997890446038));
#6103 = CARTESIAN_POINT('',(0.241270619616,30.082294079734));
#6104 = CARTESIAN_POINT('',(0.241268995719,30.255631847205));
#6105 = CARTESIAN_POINT('',(0.24126915116,30.344614776626));
#6106 = CARTESIAN_POINT('',(0.241270155644,30.433585066227));
#6107 = CARTESIAN_POINT('',(0.24127133407,30.522539985104));
#6108 = CARTESIAN_POINT('',(0.241272025773,30.611494922802));
#6109 = CARTESIAN_POINT('',(0.241271898121,30.700465153806));
#6110 = CARTESIAN_POINT('',(0.241271023949,30.789447419047));
#6111 = CARTESIAN_POINT('',(0.241268017689,30.994977054304));
#6112 = CARTESIAN_POINT('',(0.241265570474,31.111660152153));
#6113 = CARTESIAN_POINT('',(0.241263066391,31.228282585367));
#6114 = CARTESIAN_POINT('',(0.241261833663,31.344862885112));
#6115 = CARTESIAN_POINT('',(0.241263177496,31.461443324317));
#6116 = CARTESIAN_POINT('',(0.24126669993,31.578066553263));
#6117 = CARTESIAN_POINT('',(0.241271203137,31.694749356643));
#6118 = CARTESIAN_POINT('',(0.241275490773,31.811325544078));
#6119 = ( GEOMETRIC_REPRESENTATION_CONTEXT(2) 
PARAMETRIC_REPRESENTATION_CONTEXT() REPRESENTATION_CONTEXT('2D SPACE',''
  ) );
#6120 = PCURVE('',#1953,#6121);
#6121 = DEFINITIONAL_REPRESENTATION('',(#6122),#6188);
#6122 = B_SPLINE_CURVE_WITH_KNOTS('',8,(#6123,#6124,#6125,#6126,#6127,
    #6128,#6129,#6130,#6131,#6132,#6133,#6134,#6135,#6136,#6137,#6138,
    #6139,#6140,#6141,#6142,#6143,#6144,#6145,#6146,#6147,#6148,#6149,
    #6150,#6151,#6152,#6153,#6154,#6155,#6156,#6157,#6158,#6159,#6160,
    #6161,#6162,#6163,#6164,#6165,#6166,#6167,#6168,#6169,#6170,#6171,
    #6172,#6173,#6174,#6175,#6176,#6177,#6178,#6179,#6180,#6181,#6182,
    #6183,#6184,#6185,#6186,#6187),.UNSPECIFIED.,.F.,.F.,(9,7,7,7,7,7,7,
    7,7,9),(0.,0.114893091496,0.2162614793,0.337954642872,0.4536845169,
    0.522210366996,0.635392958199,0.741512750752,0.853386886496,1.),
  .UNSPECIFIED.);
#6123 = CARTESIAN_POINT('',(0.,-3.634954618418));
#6124 = CARTESIAN_POINT('',(-9.022500291816E-02,-3.649312557082));
#6125 = CARTESIAN_POINT('',(-0.180483362189,-3.663675771327));
#6126 = CARTESIAN_POINT('',(-0.2707260941,-3.678036776019));
#6127 = CARTESIAN_POINT('',(-0.36095413221,-3.692396030354));
#6128 = CARTESIAN_POINT('',(-0.451181690572,-3.706755930246));
#6129 = CARTESIAN_POINT('',(-0.541423348417,-3.721118691771));
#6130 = CARTESIAN_POINT('',(-0.631681169717,-3.735484364304));
#6131 = CARTESIAN_POINT('',(-0.801514051102,-3.762515564535));
#6132 = CARTESIAN_POINT('',(-0.881140544733,-3.775189258626));
#6133 = CARTESIAN_POINT('',(-0.960760128698,-3.787861741156));
#6134 = CARTESIAN_POINT('',(-1.040368980916,-3.800532211902));
#6135 = CARTESIAN_POINT('',(-1.119975521633,-3.813201926017));
#6136 = CARTESIAN_POINT('',(-1.199589206639,-3.825872459251));
#6137 = CARTESIAN_POINT('',(-1.279209572512,-3.838543935895));
#6138 = CARTESIAN_POINT('',(-1.454382815685,-3.866422746068));
#6139 = CARTESIAN_POINT('',(-1.549989080687,-3.881638620518));
#6140 = CARTESIAN_POINT('',(-1.645572820457,-3.896851418675));
#6141 = CARTESIAN_POINT('',(-1.741138182369,-3.912062227772));
#6142 = CARTESIAN_POINT('',(-1.836704681781,-3.927274300021));
#6143 = CARTESIAN_POINT('',(-1.932291319754,-3.9424901418));
#6144 = CARTESIAN_POINT('',(-2.0279003045,-3.957708984759));
#6145 = CARTESIAN_POINT('',(-2.2143478918,-3.987384825666));
#6146 = CARTESIAN_POINT('',(-2.305258441056,-4.001853395701));
#6147 = CARTESIAN_POINT('',(-2.396152627956,-4.016317548269));
#6148 = CARTESIAN_POINT('',(-2.487034190721,-4.030777506881));
#6149 = CARTESIAN_POINT('',(-2.577918322632,-4.045236076252));
#6150 = CARTESIAN_POINT('',(-2.668818909555,-4.059697596551));
#6151 = CARTESIAN_POINT('',(-2.759735276772,-4.07416519642));
#6152 = CARTESIAN_POINT('',(-2.904424757148,-4.097195361693));
#6153 = CARTESIAN_POINT('',(-2.958242587257,-4.105762677904));
#6154 = CARTESIAN_POINT('',(-3.012061365316,-4.114332279934));
#6155 = CARTESIAN_POINT('',(-3.065880071283,-4.122898483055));
#6156 = CARTESIAN_POINT('',(-3.119697434511,-4.131475191647));
#6157 = CARTESIAN_POINT('',(-3.173515629448,-4.140032925837));
#6158 = CARTESIAN_POINT('',(-3.227332943424,-4.148595746924));
#6159 = CARTESIAN_POINT('',(-3.370027476387,-4.171298163105));
#6160 = CARTESIAN_POINT('',(-3.458932736617,-4.185443684821));
#6161 = CARTESIAN_POINT('',(-3.547821468,-4.199592386291));
#6162 = CARTESIAN_POINT('',(-3.636697508638,-4.213742589223));
#6163 = CARTESIAN_POINT('',(-3.725575577819,-4.2278935819));
#6164 = CARTESIAN_POINT('',(-3.814469357117,-4.242045884394));
#6165 = CARTESIAN_POINT('',(-3.903379120375,-4.256199083487));
#6166 = CARTESIAN_POINT('',(-4.075589192861,-4.28360960083));
#6167 = CARTESIAN_POINT('',(-4.158940923851,-4.296875293394));
#6168 = CARTESIAN_POINT('',(-4.2422832383,-4.310138264614));
#6169 = CARTESIAN_POINT('',(-4.325614324657,-4.323398895797));
#6170 = CARTESIAN_POINT('',(-4.408945989385,-4.33665974822));
#6171 = CARTESIAN_POINT('',(-4.492289762738,-4.349923046513));
#6172 = CARTESIAN_POINT('',(-4.575642869649,-4.363188390193));
#6173 = CARTESIAN_POINT('',(-4.74682389392,-4.390432144577));
#6174 = CARTESIAN_POINT('',(-4.834700040733,-4.404418276991));
#6175 = CARTESIAN_POINT('',(-4.922564332929,-4.418402897622));
#6176 = CARTESIAN_POINT('',(-5.010414137759,-4.432385199625));
#6177 = CARTESIAN_POINT('',(-5.098264526503,-4.446367232344));
#6178 = CARTESIAN_POINT('',(-5.186130314827,-4.460351210518));
#6179 = CARTESIAN_POINT('',(-5.274007979954,-4.474336662636));
#6180 = CARTESIAN_POINT('',(-5.476985807753,-4.506639456177));
#6181 = CARTESIAN_POINT('',(-5.592219874743,-4.524977954593));
#6182 = CARTESIAN_POINT('',(-5.707393276424,-4.543306886133));
#6183 = CARTESIAN_POINT('',(-5.82252409748,-4.56162990639));
#6184 = CARTESIAN_POINT('',(-5.937654425504,-4.579954389735));
#6185 = CARTESIAN_POINT('',(-6.052826963395,-4.59828681721));
#6186 = CARTESIAN_POINT('',(-6.168058604471,-4.616629156982));
#6187 = CARTESIAN_POINT('',(-6.28318530718,-4.634954618633));
#6188 = ( GEOMETRIC_REPRESENTATION_CONTEXT(2) 
PARAMETRIC_REPRESENTATION_CONTEXT() REPRESENTATION_CONTEXT('2D SPACE',''
  ) );
#6189 = ORIENTED_EDGE('',*,*,#6190,.F.);
#6190 = EDGE_CURVE('',#6191,#5982,#6193,.T.);
#6191 = VERTEX_POINT('',#6192);
#6192 = CARTESIAN_POINT('',(2.459,0.,2.634950510398));
#6193 = SURFACE_CURVE('',#6194,(#6260,#6329),.PCURVE_S1.);
#6194 = B_SPLINE_CURVE_WITH_KNOTS('',8,(#6195,#6196,#6197,#6198,#6199,
    #6200,#6201,#6202,#6203,#6204,#6205,#6206,#6207,#6208,#6209,#6210,
    #6211,#6212,#6213,#6214,#6215,#6216,#6217,#6218,#6219,#6220,#6221,
    #6222,#6223,#6224,#6225,#6226,#6227,#6228,#6229,#6230,#6231,#6232,
    #6233,#6234,#6235,#6236,#6237,#6238,#6239,#6240,#6241,#6242,#6243,
    #6244,#6245,#6246,#6247,#6248,#6249,#6250,#6251,#6252,#6253,#6254,
    #6255,#6256,#6257,#6258,#6259),.UNSPECIFIED.,.F.,.F.,(9,7,7,7,7,7,7,
    7,7,9),(0.,0.121864454303,0.235928687649,0.332419517871,
    0.376345342338,0.435941066586,0.60343310739,0.704042077713,
    0.813195819421,1.),.UNSPECIFIED.);
#6195 = CARTESIAN_POINT('',(2.459,0.,2.634950510398));
#6196 = CARTESIAN_POINT('',(2.459,0.235247810509,2.650177386878));
#6197 = CARTESIAN_POINT('',(2.4332788499,0.470606003151,2.665411346976)
  );
#6198 = CARTESIAN_POINT('',(2.381796430949,0.70263150979,2.680641593563)
  );
#6199 = CARTESIAN_POINT('',(2.305106127137,0.928035525422,2.695868184135
    ));
#6200 = CARTESIAN_POINT('',(2.204222658228,1.143697351847,2.711094140702
    ));
#6201 = CARTESIAN_POINT('',(2.080577732975,1.346666250222,2.726322916443
    ));
#6202 = CARTESIAN_POINT('',(1.936048229553,1.534191460355,2.741555622354
    ));
#6203 = CARTESIAN_POINT('',(1.620468612887,1.862592120534,2.771034585098
    ));
#6204 = CARTESIAN_POINT('',(1.451588097966,2.005810295603,2.785292804247
    ));
#6205 = CARTESIAN_POINT('',(1.268324636225,2.131430311922,2.799549651956
    ));
#6206 = CARTESIAN_POINT('',(1.072849576063,2.237797082222,2.813805238587
    ));
#6207 = CARTESIAN_POINT('',(0.867509708575,2.323590420646,2.828061194915
    ));
#6208 = CARTESIAN_POINT('',(0.65480336829,2.387806632862,2.842318743783)
  );
#6209 = CARTESIAN_POINT('',(0.437380039992,2.429788306179,2.856577116278
    ));
#6210 = CARTESIAN_POINT('',(3.249192451714E-02,2.465831710263,
    2.882884366401));
#6211 = CARTESIAN_POINT('',(-0.154526148308,2.466288583557,
    2.894941551706));
#6212 = CARTESIAN_POINT('',(-0.341339896285,2.450524076711,
    2.906996853332));
#6213 = CARTESIAN_POINT('',(-0.526304733568,2.418601719123,
    2.919050006849));
#6214 = CARTESIAN_POINT('',(-0.707808983232,2.370777734138,
    2.931102934005));
#6215 = CARTESIAN_POINT('',(-0.884280766208,2.307488987776,
    2.943158230253));
#6216 = CARTESIAN_POINT('',(-1.054199064516,2.229360405154,
    2.955216964513));
#6217 = CARTESIAN_POINT('',(-1.289815709798,2.09529188444,2.97276536877)
  );
#6218 = CARTESIAN_POINT('',(-1.361872414975,2.050445191989,
    2.978255595433));
#6219 = CARTESIAN_POINT('',(-1.432144053325,2.002768099008,
    2.983746495915));
#6220 = CARTESIAN_POINT('',(-1.500500658626,1.952343956397,2.98923793035
    ));
#6221 = CARTESIAN_POINT('',(-1.566817319451,1.899263144193,
    2.994729594234));
#6222 = CARTESIAN_POINT('',(-1.630974179161,1.84362307157,3.000221018419
    ));
#6223 = CARTESIAN_POINT('',(-1.692856435911,1.78552817684,3.00571156912)
  );
#6224 = CARTESIAN_POINT('',(-1.833077263306,1.643091210566,3.01864740447
    ));
#6225 = CARTESIAN_POINT('',(-1.909415950254,1.556775032735,
    3.026091985436));
#6226 = CARTESIAN_POINT('',(-1.981098794978,1.466416907958,
    3.033535876238));
#6227 = CARTESIAN_POINT('',(-2.047877495538,1.372309662795,
    3.040980248323));
#6228 = CARTESIAN_POINT('',(-2.109527056564,1.274763436372,3.04842575916
    ));
#6229 = CARTESIAN_POINT('',(-2.165845789262,1.174105680378,
    3.055872552231));
#6230 = CARTESIAN_POINT('',(-2.21665531141,1.070681159065,3.06332025704)
  );
#6231 = CARTESIAN_POINT('',(-2.388679913234,0.667422048829,
    3.091699622358));
#6232 = CARTESIAN_POINT('',(-2.471075178475,0.350416737736,
    3.112672685537));
#6233 = CARTESIAN_POINT('',(-2.505038922449,2.236083750056E-02,
    3.133627035556));
#6234 = CARTESIAN_POINT('',(-2.489280903574,-0.308076969171,
    3.15455997954));
#6235 = CARTESIAN_POINT('',(-2.424001629823,-0.632371006696,
    3.175488314707));
#6236 = CARTESIAN_POINT('',(-2.31109946134,-0.942209941304,3.19642731428
    ));
#6237 = CARTESIAN_POINT('',(-2.153950703707,-1.22953655122,
    3.217386706653));
#6238 = CARTESIAN_POINT('',(-1.840901092689,-1.641797563213,
    3.250888932208));
#6239 = CARTESIAN_POINT('',(-1.709438165601,-1.785923180457,
    3.263463530967));
#6240 = CARTESIAN_POINT('',(-1.565131665552,-1.917947899239,
    3.276037328053));
#6241 = CARTESIAN_POINT('',(-1.409293296191,-2.036554621269,
    3.288610128408));
#6242 = CARTESIAN_POINT('',(-1.243375722678,-2.140604253515,
    3.301183188864));
#6243 = CARTESIAN_POINT('',(-1.068958071378,-2.2291333026,3.313757615465
    ));
#6244 = CARTESIAN_POINT('',(-0.887744931356,-2.30137327883,
    3.326332693381));
#6245 = CARTESIAN_POINT('',(-0.499601603967,-2.416917273655,
    3.352543305637));
#6246 = CARTESIAN_POINT('',(-0.291666091286,-2.457280733848,
    3.366186685837));
#6247 = CARTESIAN_POINT('',(-8.012122659314E-02,-2.477159100376,
    3.379828371075));
#6248 = CARTESIAN_POINT('',(0.132669383826,-2.476211865671,
    3.393467928851));
#6249 = CARTESIAN_POINT('',(0.344342550271,-2.454417277844,
    3.407107664099));
#6250 = CARTESIAN_POINT('',(0.552552192824,-2.41204991256,3.420749900114
    ));
#6251 = CARTESIAN_POINT('',(0.754987611852,-2.349699743635,
    3.434394289408));
#6252 = CARTESIAN_POINT('',(1.28209656153,-2.129082317739,3.471379939413
    ));
#6253 = CARTESIAN_POINT('',(1.59226956598,-1.933721185315,3.494783163635
    ));
#6254 = CARTESIAN_POINT('',(1.867471542886,-1.686907038739,
    3.518152523284));
#6255 = CARTESIAN_POINT('',(2.098302021914,-1.396443664891,
    3.541504179091));
#6256 = CARTESIAN_POINT('',(2.277117983824,-1.07136779807,3.56485290998)
  );
#6257 = CARTESIAN_POINT('',(2.398540647353,-0.722218081107,
    3.588216221724));
#6258 = CARTESIAN_POINT('',(2.459,-0.360670927011,3.61161370776));
#6259 = CARTESIAN_POINT('',(2.459,1.33226762955E-15,3.634954618418));
#6260 = PCURVE('',#1007,#6261);
#6261 = DEFINITIONAL_REPRESENTATION('',(#6262),#6328);
#6262 = B_SPLINE_CURVE_WITH_KNOTS('',8,(#6263,#6264,#6265,#6266,#6267,
    #6268,#6269,#6270,#6271,#6272,#6273,#6274,#6275,#6276,#6277,#6278,
    #6279,#6280,#6281,#6282,#6283,#6284,#6285,#6286,#6287,#6288,#6289,
    #6290,#6291,#6292,#6293,#6294,#6295,#6296,#6297,#6298,#6299,#6300,
    #6301,#6302,#6303,#6304,#6305,#6306,#6307,#6308,#6309,#6310,#6311,
    #6312,#6313,#6314,#6315,#6316,#6317,#6318,#6319,#6320,#6321,#6322,
    #6323,#6324,#6325,#6326,#6327),.UNSPECIFIED.,.F.,.F.,(9,7,7,7,7,7,7,
    7,7,9),(0.,0.121864454303,0.235928687649,0.332419517871,
    0.376345342338,0.435941066586,0.60343310739,0.704042077713,
    0.813195819421,1.),.UNSPECIFIED.);
#6263 = CARTESIAN_POINT('',(0.241267455526,19.086797737985));
#6264 = CARTESIAN_POINT('',(0.241269199236,19.183668958003));
#6265 = CARTESIAN_POINT('',(0.241270949036,19.280585224205));
#6266 = CARTESIAN_POINT('',(0.241272155695,19.377479796921));
#6267 = CARTESIAN_POINT('',(0.241272282635,19.474354951456));
#6268 = CARTESIAN_POINT('',(0.241271348867,19.571229846981));
#6269 = CARTESIAN_POINT('',(0.241270012228,19.668124112517));
#6270 = CARTESIAN_POINT('',(0.241269212373,19.76504147261));
#6271 = CARTESIAN_POINT('',(0.241269562046,19.952593205018));
#6272 = CARTESIAN_POINT('',(0.241270597269,20.043304091542));
#6273 = CARTESIAN_POINT('',(0.24127285772,20.134001892432));
#6274 = CARTESIAN_POINT('',(0.241276478979,20.22468682735));
#6275 = CARTESIAN_POINT('',(0.241280750878,20.315371798974));
#6276 = CARTESIAN_POINT('',(0.241284158228,20.406069979394));
#6277 = CARTESIAN_POINT('',(0.241285090813,20.496782206793));
#6278 = CARTESIAN_POINT('',(0.2412816538,20.664168138123));
#6279 = CARTESIAN_POINT('',(0.241278042341,20.740891999729));
#6280 = CARTESIAN_POINT('',(0.241272320236,20.817611387952));
#6281 = CARTESIAN_POINT('',(0.241264600077,20.894324219736));
#6282 = CARTESIAN_POINT('',(0.241256352763,20.971037487299));
#6283 = CARTESIAN_POINT('',(0.24125028666,21.047758065455));
#6284 = CARTESIAN_POINT('',(0.24124893446,21.12448374197));
#6285 = CARTESIAN_POINT('',(0.241253319488,21.236115737655));
#6286 = CARTESIAN_POINT('',(0.241255531538,21.271038143385));
#6287 = CARTESIAN_POINT('',(0.241258666632,21.305961551335));
#6288 = CARTESIAN_POINT('',(0.241262533807,21.340885751209));
#6289 = CARTESIAN_POINT('',(0.241266668406,21.375810459222));
#6290 = CARTESIAN_POINT('',(0.241270332072,21.410735318103));
#6291 = CARTESIAN_POINT('',(0.24127251275,21.445659897092));
#6292 = CARTESIAN_POINT('',(0.241271126839,21.527966043276));
#6293 = CARTESIAN_POINT('',(0.241266328088,21.575347518315));
#6294 = CARTESIAN_POINT('',(0.241260189047,21.622729371982));
#6295 = CARTESIAN_POINT('',(0.241254641687,21.670112182113));
#6296 = CARTESIAN_POINT('',(0.241250889332,21.717495849455));
#6297 = CARTESIAN_POINT('',(0.241249406662,21.764879597669));
#6298 = CARTESIAN_POINT('',(0.241249939714,21.812261973327));
#6299 = CARTESIAN_POINT('',(0.241255907534,21.992797782261));
#6300 = CARTESIAN_POINT('',(0.241271018809,22.126180194902));
#6301 = CARTESIAN_POINT('',(0.241288992603,22.259433362816));
#6302 = CARTESIAN_POINT('',(0.241290841534,22.39260772268));
#6303 = CARTESIAN_POINT('',(0.241285140897,22.525779626386));
#6304 = CARTESIAN_POINT('',(0.241278339776,22.659023296154));
#6305 = CARTESIAN_POINT('',(0.241273520192,22.792389658692));
#6306 = CARTESIAN_POINT('',(0.241269497407,23.005554015899));
#6307 = CARTESIAN_POINT('',(0.241268812078,23.085559385982));
#6308 = CARTESIAN_POINT('',(0.241269055654,23.165556349948));
#6309 = CARTESIAN_POINT('',(0.241269902326,23.245544826233));
#6310 = CARTESIAN_POINT('',(0.241270872419,23.325534518137));
#6311 = CARTESIAN_POINT('',(0.241271539504,23.40553398012));
#6312 = CARTESIAN_POINT('',(0.24127166806,23.485539502389));
#6313 = CARTESIAN_POINT('',(0.241270862468,23.65230123365));
#6314 = CARTESIAN_POINT('',(0.241269838183,23.739107680853));
#6315 = CARTESIAN_POINT('',(0.241268176662,23.825905611964));
#6316 = CARTESIAN_POINT('',(0.241266223845,23.912691044224));
#6317 = CARTESIAN_POINT('',(0.241264492679,23.999476816831));
#6318 = CARTESIAN_POINT('',(0.241263472527,24.086275969721));
#6319 = CARTESIAN_POINT('',(0.241263459087,24.1730852398));
#6320 = CARTESIAN_POINT('',(0.241266023254,24.408388626198));
#6321 = CARTESIAN_POINT('',(0.241270482119,24.557270276041));
#6322 = CARTESIAN_POINT('',(0.241277671106,24.705926754918));
#6323 = CARTESIAN_POINT('',(0.241285438474,24.854468538988));
#6324 = CARTESIAN_POINT('',(0.241288435757,25.003008689083));
#6325 = CARTESIAN_POINT('',(0.241286043655,25.151660785429));
#6326 = CARTESIAN_POINT('',(0.24128089036,25.30054013383));
#6327 = CARTESIAN_POINT('',(0.241275426514,25.449060639826));
#6328 = ( GEOMETRIC_REPRESENTATION_CONTEXT(2) 
PARAMETRIC_REPRESENTATION_CONTEXT() REPRESENTATION_CONTEXT('2D SPACE',''
  ) );
#6329 = PCURVE('',#1760,#6330);
#6330 = DEFINITIONAL_REPRESENTATION('',(#6331),#6397);
#6331 = B_SPLINE_CURVE_WITH_KNOTS('',8,(#6332,#6333,#6334,#6335,#6336,
    #6337,#6338,#6339,#6340,#6341,#6342,#6343,#6344,#6345,#6346,#6347,
    #6348,#6349,#6350,#6351,#6352,#6353,#6354,#6355,#6356,#6357,#6358,
    #6359,#6360,#6361,#6362,#6363,#6364,#6365,#6366,#6367,#6368,#6369,
    #6370,#6371,#6372,#6373,#6374,#6375,#6376,#6377,#6378,#6379,#6380,
    #6381,#6382,#6383,#6384,#6385,#6386,#6387,#6388,#6389,#6390,#6391,
    #6392,#6393,#6394,#6395,#6396),.UNSPECIFIED.,.F.,.F.,(9,7,7,7,7,7,7,
    7,7,9),(0.,0.121864454303,0.235928687649,0.332419517871,
    0.376345342338,0.435941066586,0.60343310739,0.704042077713,
    0.813195819421,1.),.UNSPECIFIED.);
#6332 = CARTESIAN_POINT('',(0.,-2.634950510398));
#6333 = CARTESIAN_POINT('',(-9.566808072739E-02,-2.650177386878));
#6334 = CARTESIAN_POINT('',(-0.191381072939,-2.665411346976));
#6335 = CARTESIAN_POINT('',(-0.287072936823,-2.680641593563));
#6336 = CARTESIAN_POINT('',(-0.382745638943,-2.695868184135));
#6337 = CARTESIAN_POINT('',(-0.478417670211,-2.711094140702));
#6338 = CARTESIAN_POINT('',(-0.574108074657,-2.726322916443));
#6339 = CARTESIAN_POINT('',(-0.669820493724,-2.741555622354));
#6340 = CARTESIAN_POINT('',(-0.855039305445,-2.771034585098));
#6341 = CARTESIAN_POINT('',(-0.944621333554,-2.785292804247));
#6342 = CARTESIAN_POINT('',(-1.034190080024,-2.799549651956));
#6343 = CARTESIAN_POINT('',(-1.123746086465,-2.813805238587));
#6344 = CARTESIAN_POINT('',(-1.213302585922,-2.828061194915));
#6345 = CARTESIAN_POINT('',(-1.302872935742,-2.842318743783));
#6346 = CARTESIAN_POINT('',(-1.392457912906,-2.856577116278));
#6347 = CARTESIAN_POINT('',(-1.557764644617,-2.882884366401));
#6348 = CARTESIAN_POINT('',(-1.633535789597,-2.894941551706));
#6349 = CARTESIAN_POINT('',(-1.709302716718,-2.906996853332));
#6350 = CARTESIAN_POINT('',(-1.78506298084,-2.919050006849));
#6351 = CARTESIAN_POINT('',(-1.860823156862,-2.931102934005));
#6352 = CARTESIAN_POINT('',(-1.936589956197,-2.943158230253));
#6353 = CARTESIAN_POINT('',(-2.012361428896,-2.955216964513));
#6354 = CARTESIAN_POINT('',(-2.122605268269,-2.97276536877));
#6355 = CARTESIAN_POINT('',(-2.157093423275,-2.978255595433));
#6356 = CARTESIAN_POINT('',(-2.191582639196,-2.983746495915));
#6357 = CARTESIAN_POINT('',(-2.226072735374,-2.98923793035));
#6358 = CARTESIAN_POINT('',(-2.260563427726,-2.994729594234));
#6359 = CARTESIAN_POINT('',(-2.295054328742,-3.000221018419));
#6360 = CARTESIAN_POINT('',(-2.329544947491,-3.00571156912));
#6361 = CARTESIAN_POINT('',(-2.410828146218,-3.01864740447));
#6362 = CARTESIAN_POINT('',(-2.457620883485,-3.026091985436));
#6363 = CARTESIAN_POINT('',(-2.504413946592,-3.033535876238));
#6364 = CARTESIAN_POINT('',(-2.551207793186,-3.040980248323));
#6365 = CARTESIAN_POINT('',(-2.598002293387,-3.04842575916));
#6366 = CARTESIAN_POINT('',(-2.644796729783,-3.055872552231));
#6367 = CARTESIAN_POINT('',(-2.691589797435,-3.06332025704));
#6368 = CARTESIAN_POINT('',(-2.869880987039,-3.091699622358));
#6369 = CARTESIAN_POINT('',(-3.001605900273,-3.112672685537));
#6370 = CARTESIAN_POINT('',(-3.133205426757,-3.133627035556));
#6371 = CARTESIAN_POINT('',(-3.264727749036,-3.154559979539));
#6372 = CARTESIAN_POINT('',(-3.396244137026,-3.175488314707));
#6373 = CARTESIAN_POINT('',(-3.527829745096,-3.19642731428));
#6374 = CARTESIAN_POINT('',(-3.659535880884,-3.217386706653));
#6375 = CARTESIAN_POINT('',(-3.870047372392,-3.250888932208));
#6376 = CARTESIAN_POINT('',(-3.949057221947,-3.263463530967));
#6377 = CARTESIAN_POINT('',(-4.028059149625,-3.276037328053));
#6378 = CARTESIAN_POINT('',(-4.107053226304,-3.288610128408));
#6379 = CARTESIAN_POINT('',(-4.186049058202,-3.301183188864));
#6380 = CARTESIAN_POINT('',(-4.265054984744,-3.313757615465));
#6381 = CARTESIAN_POINT('',(-4.344067151585,-3.326332693381));
#6382 = CARTESIAN_POINT('',(-4.508758538111,-3.352543305637));
#6383 = CARTESIAN_POINT('',(-4.594487386201,-3.366186685837));
#6384 = CARTESIAN_POINT('',(-4.680207701644,-3.379828371075));
#6385 = CARTESIAN_POINT('',(-4.765915328169,-3.393467928851));
#6386 = CARTESIAN_POINT('',(-4.851622825543,-3.407107664099));
#6387 = CARTESIAN_POINT('',(-4.937343090206,-3.420749900114));
#6388 = CARTESIAN_POINT('',(-5.023073025644,-3.434394289408));
#6389 = CARTESIAN_POINT('',(-5.255450289706,-3.471379939413));
#6390 = CARTESIAN_POINT('',(-5.4024799811,-3.494783163635));
#6391 = CARTESIAN_POINT('',(-5.549287449095,-3.518152523284));
#6392 = CARTESIAN_POINT('',(-5.695982780342,-3.54150417909));
#6393 = CARTESIAN_POINT('',(-5.842677631627,-3.56485290998));
#6394 = CARTESIAN_POINT('',(-5.989482710946,-3.588216221724));
#6395 = CARTESIAN_POINT('',(-6.136511485703,-3.61161370776));
#6396 = CARTESIAN_POINT('',(-6.28318530718,-3.634954618418));
#6397 = ( GEOMETRIC_REPRESENTATION_CONTEXT(2) 
PARAMETRIC_REPRESENTATION_CONTEXT() REPRESENTATION_CONTEXT('2D SPACE',''
  ) );
#6398 = ORIENTED_EDGE('',*,*,#6399,.F.);
#6399 = EDGE_CURVE('',#6400,#6191,#6402,.T.);
#6400 = VERTEX_POINT('',#6401);
#6401 = CARTESIAN_POINT('',(2.459,0.,1.634950687579));
#6402 = SURFACE_CURVE('',#6403,(#6462,#6524),.PCURVE_S1.);
#6403 = B_SPLINE_CURVE_WITH_KNOTS('',8,(#6404,#6405,#6406,#6407,#6408,
    #6409,#6410,#6411,#6412,#6413,#6414,#6415,#6416,#6417,#6418,#6419,
    #6420,#6421,#6422,#6423,#6424,#6425,#6426,#6427,#6428,#6429,#6430,
    #6431,#6432,#6433,#6434,#6435,#6436,#6437,#6438,#6439,#6440,#6441,
    #6442,#6443,#6444,#6445,#6446,#6447,#6448,#6449,#6450,#6451,#6452,
    #6453,#6454,#6455,#6456,#6457,#6458,#6459,#6460,#6461),
  .UNSPECIFIED.,.F.,.F.,(9,7,7,7,7,7,7,7,9),(0.,0.101209016685,
    0.215415190255,0.314890569936,0.426624736147,0.551598071477,
    0.679293106822,0.85857684735,1.),.UNSPECIFIED.);
#6404 = CARTESIAN_POINT('',(2.459,1.33226762955E-15,1.634950687579));
#6405 = CARTESIAN_POINT('',(2.459,0.1954013169,1.647598036526));
#6406 = CARTESIAN_POINT('',(2.441254324269,0.390855557289,1.660249219275
    ));
#6407 = CARTESIAN_POINT('',(2.405747169907,0.58441260584,1.672900097609)
  );
#6408 = CARTESIAN_POINT('',(2.352733587123,0.774187337004,1.685550117173
    ));
#6409 = CARTESIAN_POINT('',(2.282696509952,0.95835898447,1.698200332394)
  );
#6410 = CARTESIAN_POINT('',(2.196329130187,1.135178121626,1.710851635887
    ));
#6411 = CARTESIAN_POINT('',(2.094542614517,1.302981253025,1.723503192351
    ));
#6412 = CARTESIAN_POINT('',(1.847553535858,1.63763632062,1.750423189766)
  );
#6413 = CARTESIAN_POINT('',(1.698379365404,1.801700153794,1.764698695131
    ));
#6414 = CARTESIAN_POINT('',(1.532627686744,1.950123952695,1.778969868341
    ));
#6415 = CARTESIAN_POINT('',(1.352244741297,2.080981332061,1.793237039845
    ));
#6416 = CARTESIAN_POINT('',(1.159394955585,2.192655103014,1.807503585112
    ));
#6417 = CARTESIAN_POINT('',(0.956435619868,2.283823048476,1.821774391329
    ));
#6418 = CARTESIAN_POINT('',(0.745920058706,2.353488557049,1.836052443212
    ));
#6419 = CARTESIAN_POINT('',(0.343064213186,2.442514592617,1.862762553714
    ));
#6420 = CARTESIAN_POINT('',(0.151788253413,2.467225443872,1.875198044064
    ));
#6421 = CARTESIAN_POINT('',(-4.142621962502E-02,2.474795158657,
    1.887653107489));
#6422 = CARTESIAN_POINT('',(-0.23478992962,2.465072349236,1.900056373234
    ));
#6423 = CARTESIAN_POINT('',(-0.426512881193,2.438117713945,
    1.912487630252));
#6424 = CARTESIAN_POINT('',(-0.614829399244,2.394207122576,
    1.924917168774));
#6425 = CARTESIAN_POINT('',(-0.798000577804,2.333829566825,
    1.937350706748));
#6426 = CARTESIAN_POINT('',(-1.172398115172,2.172256666594,
    1.963747583711));
#6427 = CARTESIAN_POINT('',(-1.361962100824,2.066893029025,
    1.977719213041));
#6428 = CARTESIAN_POINT('',(-1.540593013041,1.942664468032,
    1.991689676203));
#6429 = CARTESIAN_POINT('',(-1.706117915909,1.800926916096,
    2.005656469445));
#6430 = CARTESIAN_POINT('',(-1.856590057755,1.64330233949,2.019621009331
    ));
#6431 = CARTESIAN_POINT('',(-1.990286756251,1.471646873619,
    2.033585988633));
#6432 = CARTESIAN_POINT('',(-2.105739158846,1.288053644445,
    2.047551972175));
#6433 = CARTESIAN_POINT('',(-2.30922993946,0.878839346997,2.077128736319
    ));
#6434 = CARTESIAN_POINT('',(-2.392489817337,0.650634010125,
    2.092751397192));
#6435 = CARTESIAN_POINT('',(-2.449877604028,0.413585880437,
    2.108370377861));
#6436 = CARTESIAN_POINT('',(-2.480365679577,0.171143902156,
    2.123986978033));
#6437 = CARTESIAN_POINT('',(-2.483464384968,-7.318709253082E-02,
    2.139604487559));
#6438 = CARTESIAN_POINT('',(-2.459178149857,-0.315868736591,
    2.155225725177));
#6439 = CARTESIAN_POINT('',(-2.40805131675,-0.553345172906,
    2.170850869324));
#6440 = CARTESIAN_POINT('',(-2.252891130876,-1.015847968069,
    2.202425623346));
#6441 = CARTESIAN_POINT('',(-2.147650900903,-1.240725581883,
    2.218390945274));
#6442 = CARTESIAN_POINT('',(-2.016804148097,-1.452956881471,
    2.234351198448));
#6443 = CARTESIAN_POINT('',(-1.862190346047,-1.649172248352,
    2.250307216197));
#6444 = CARTESIAN_POINT('',(-1.686103683318,-1.826374020569,
    2.26626318421));
#6445 = CARTESIAN_POINT('',(-1.491242191257,-1.98191944297,
    2.282223337921));
#6446 = CARTESIAN_POINT('',(-1.280732569356,-2.113571834217,
    2.298188562086));
#6447 = CARTESIAN_POINT('',(-0.745741479826,-2.368620407849,
    2.336549418157));
#6448 = CARTESIAN_POINT('',(-0.408675226652,-2.467622203063,
    2.359001464551));
#6449 = CARTESIAN_POINT('',(-5.728409350861E-02,-2.511318265192,
    2.38142920032));
#6450 = CARTESIAN_POINT('',(0.297779864491,-2.497892348644,
    2.403842206562));
#6451 = CARTESIAN_POINT('',(0.646017693085,-2.427461727724,
    2.426252329512));
#6452 = CARTESIAN_POINT('',(0.977241390406,-2.302419215853,2.44867292312
    ));
#6453 = CARTESIAN_POINT('',(1.281580676334,-2.126985331921,
    2.471119552636));
#6454 = CARTESIAN_POINT('',(1.762250439832,-1.736582998584,
    2.511194254459));
#6455 = CARTESIAN_POINT('',(1.95253961143,-1.537381431599,2.528880376458
    ));
#6456 = CARTESIAN_POINT('',(2.116846997016,-1.314512968156,
    2.546559073099));
#6457 = CARTESIAN_POINT('',(2.251832607344,-1.072025939061,
    2.564232478988));
#6458 = CARTESIAN_POINT('',(2.354944144166,-0.814373209003,
    2.581906683483));
#6459 = CARTESIAN_POINT('',(2.424343851649,-0.546342102376,
    2.599587352462));
#6460 = CARTESIAN_POINT('',(2.459,-0.27306559377,2.617275803635));
#6461 = CARTESIAN_POINT('',(2.459,0.,2.634950510398));
#6462 = PCURVE('',#1007,#6463);
#6463 = DEFINITIONAL_REPRESENTATION('',(#6464),#6523);
#6464 = B_SPLINE_CURVE_WITH_KNOTS('',8,(#6465,#6466,#6467,#6468,#6469,
    #6470,#6471,#6472,#6473,#6474,#6475,#6476,#6477,#6478,#6479,#6480,
    #6481,#6482,#6483,#6484,#6485,#6486,#6487,#6488,#6489,#6490,#6491,
    #6492,#6493,#6494,#6495,#6496,#6497,#6498,#6499,#6500,#6501,#6502,
    #6503,#6504,#6505,#6506,#6507,#6508,#6509,#6510,#6511,#6512,#6513,
    #6514,#6515,#6516,#6517,#6518,#6519,#6520,#6521,#6522),
  .UNSPECIFIED.,.F.,.F.,(9,7,7,7,7,7,7,7,9),(0.,0.101209016685,
    0.215415190255,0.314890569936,0.426624736147,0.551598071477,
    0.679293106822,0.85857684735,1.),.UNSPECIFIED.);
#6465 = CARTESIAN_POINT('',(0.241269449656,12.724526637254));
#6466 = CARTESIAN_POINT('',(0.24126975377,12.804991342229));
#6467 = CARTESIAN_POINT('',(0.241270787009,12.885477844161));
#6468 = CARTESIAN_POINT('',(0.241272769456,12.965959031413));
#6469 = CARTESIAN_POINT('',(0.241275751848,13.04643119648));
#6470 = CARTESIAN_POINT('',(0.241279291081,13.126902624756));
#6471 = CARTESIAN_POINT('',(0.241282459563,13.207382296287));
#6472 = CARTESIAN_POINT('',(0.241284188395,13.287868700506));
#6473 = CARTESIAN_POINT('',(0.241283669088,13.459142709436));
#6474 = CARTESIAN_POINT('',(0.241280878486,13.549977190266));
#6475 = CARTESIAN_POINT('',(0.241274803522,13.640795796698));
#6476 = CARTESIAN_POINT('',(0.241265464192,13.731600560011));
#6477 = CARTESIAN_POINT('',(0.241254672113,13.822406508863));
#6478 = CARTESIAN_POINT('',(0.241247186037,13.913227802021));
#6479 = CARTESIAN_POINT('',(0.241248379331,14.004064307111));
#6480 = CARTESIAN_POINT('',(0.241260352104,14.173958504797));
#6481 = CARTESIAN_POINT('',(0.241263907876,14.253063737689));
#6482 = CARTESIAN_POINT('',(0.241305114649,14.332159512592));
#6483 = CARTESIAN_POINT('',(0.241254493674,14.411252520372));
#6484 = CARTESIAN_POINT('',(0.241254885621,14.490342078984));
#6485 = CARTESIAN_POINT('',(0.241248924606,14.569443311596));
#6486 = CARTESIAN_POINT('',(0.241248894067,14.6485488854));
#6487 = CARTESIAN_POINT('',(0.241256584816,14.816465446486));
#6488 = CARTESIAN_POINT('',(0.241264962278,14.90532684405));
#6489 = CARTESIAN_POINT('',(0.241274561711,14.994176473581));
#6490 = CARTESIAN_POINT('',(0.241281989528,15.083010482157));
#6491 = CARTESIAN_POINT('',(0.241285495923,15.171844109285));
#6492 = CARTESIAN_POINT('',(0.241285514172,15.260692945207));
#6493 = CARTESIAN_POINT('',(0.241283788814,15.349554375287));
#6494 = CARTESIAN_POINT('',(0.241278077102,15.537749916548));
#6495 = CARTESIAN_POINT('',(0.241273941571,15.637160144037));
#6496 = CARTESIAN_POINT('',(0.241270232653,15.736545438917));
#6497 = CARTESIAN_POINT('',(0.241268427649,15.835908813059));
#6498 = CARTESIAN_POINT('',(0.2412685121,15.935271248831));
#6499 = CARTESIAN_POINT('',(0.241269505449,16.034654169242));
#6500 = CARTESIAN_POINT('',(0.241270542611,16.134061788121));
#6501 = CARTESIAN_POINT('',(0.241271708289,16.334944596419));
#6502 = CARTESIAN_POINT('',(0.241271816627,16.436519821896));
#6503 = CARTESIAN_POINT('',(0.241270913246,16.538066398983));
#6504 = CARTESIAN_POINT('',(0.241268850416,16.639590155261));
#6505 = CARTESIAN_POINT('',(0.241266321976,16.741115252048));
#6506 = CARTESIAN_POINT('',(0.24126433497,16.84266505258));
#6507 = CARTESIAN_POINT('',(0.241263502745,16.944243003209));
#6508 = CARTESIAN_POINT('',(0.241264620495,17.188300962515));
#6509 = CARTESIAN_POINT('',(0.241267837294,17.331135386924));
#6510 = CARTESIAN_POINT('',(0.241273988995,17.473804696365));
#6511 = CARTESIAN_POINT('',(0.241281793474,17.616374410982));
#6512 = CARTESIAN_POINT('',(0.241286796583,17.75893575045));
#6513 = CARTESIAN_POINT('',(0.241287011095,17.901580748022));
#6514 = CARTESIAN_POINT('',(0.24128378745,18.04440362817));
#6515 = CARTESIAN_POINT('',(0.241275421657,18.299399277256));
#6516 = CARTESIAN_POINT('',(0.241270828266,18.41193942088));
#6517 = CARTESIAN_POINT('',(0.241266276916,18.524432172799));
#6518 = CARTESIAN_POINT('',(0.241263149035,18.636886197912));
#6519 = CARTESIAN_POINT('',(0.241262280635,18.749337263239));
#6520 = CARTESIAN_POINT('',(0.241263423497,18.861822299927));
#6521 = CARTESIAN_POINT('',(0.241265431502,18.974353770255));
#6522 = CARTESIAN_POINT('',(0.241267455526,19.086797737985));
#6523 = ( GEOMETRIC_REPRESENTATION_CONTEXT(2) 
PARAMETRIC_REPRESENTATION_CONTEXT() REPRESENTATION_CONTEXT('2D SPACE',''
  ) );
#6524 = PCURVE('',#1560,#6525);
#6525 = DEFINITIONAL_REPRESENTATION('',(#6526),#6585);
#6526 = B_SPLINE_CURVE_WITH_KNOTS('',8,(#6527,#6528,#6529,#6530,#6531,
    #6532,#6533,#6534,#6535,#6536,#6537,#6538,#6539,#6540,#6541,#6542,
    #6543,#6544,#6545,#6546,#6547,#6548,#6549,#6550,#6551,#6552,#6553,
    #6554,#6555,#6556,#6557,#6558,#6559,#6560,#6561,#6562,#6563,#6564,
    #6565,#6566,#6567,#6568,#6569,#6570,#6571,#6572,#6573,#6574,#6575,
    #6576,#6577,#6578,#6579,#6580,#6581,#6582,#6583,#6584),
  .UNSPECIFIED.,.F.,.F.,(9,7,7,7,7,7,7,7,9),(0.,0.101209016685,
    0.215415190255,0.314890569936,0.426624736147,0.551598071477,
    0.679293106822,0.85857684735,1.),.UNSPECIFIED.);
#6527 = CARTESIAN_POINT('',(0.,-1.634950687579));
#6528 = CARTESIAN_POINT('',(-7.946373196414E-02,-1.647598036526));
#6529 = CARTESIAN_POINT('',(-0.158948604981,-1.660249219275));
#6530 = CARTESIAN_POINT('',(-0.238427956144,-1.672900097609));
#6531 = CARTESIAN_POINT('',(-0.317898386266,-1.685550117173));
#6532 = CARTESIAN_POINT('',(-0.397368376517,-1.698200332394));
#6533 = CARTESIAN_POINT('',(-0.476847029301,-1.710851635887));
#6534 = CARTESIAN_POINT('',(-0.556332933403,-1.723503192351));
#6535 = CARTESIAN_POINT('',(-0.725478856504,-1.750423189766));
#6536 = CARTESIAN_POINT('',(-0.815185307082,-1.764698695131));
#6537 = CARTESIAN_POINT('',(-0.904876440436,-1.778969868341));
#6538 = CARTESIAN_POINT('',(-0.994553933656,-1.793237039845));
#6539 = CARTESIAN_POINT('',(-1.084231770462,-1.807503585112));
#6540 = CARTESIAN_POINT('',(-1.173923625608,-1.821774391329));
#6541 = CARTESIAN_POINT('',(-1.263630304393,-1.836052443212));
#6542 = CARTESIAN_POINT('',(-1.431412088854,-1.862762553714));
#6543 = CARTESIAN_POINT('',(-1.50953407112,-1.875198044064));
#6544 = CARTESIAN_POINT('',(-1.587647822706,-1.887653107489));
#6545 = CARTESIAN_POINT('',(-1.665756559418,-1.900056373234));
#6546 = CARTESIAN_POINT('',(-1.743865416808,-1.912487630252));
#6547 = CARTESIAN_POINT('',(-1.82198130488,-1.924917168774));
#6548 = CARTESIAN_POINT('',(-1.900103386395,-1.937350706748));
#6549 = CARTESIAN_POINT('',(-2.065932427185,-1.963747583711));
#6550 = CARTESIAN_POINT('',(-2.153689551284,-1.977719213041));
#6551 = CARTESIAN_POINT('',(-2.241435874041,-1.991689676203));
#6552 = CARTESIAN_POINT('',(-2.329167187126,-2.005656469445));
#6553 = CARTESIAN_POINT('',(-2.416897932521,-2.019621009331));
#6554 = CARTESIAN_POINT('',(-2.504643064778,-2.033585988633));
#6555 = CARTESIAN_POINT('',(-2.592399890761,-2.047551972175));
#6556 = CARTESIAN_POINT('',(-2.778254843598,-2.077128736319));
#6557 = CARTESIAN_POINT('',(-2.876427989256,-2.092751397192));
#6558 = CARTESIAN_POINT('',(-2.974575978717,-2.108370377861));
#6559 = CARTESIAN_POINT('',(-3.072702362449,-2.123986978033));
#6560 = CARTESIAN_POINT('',(-3.170828451442,-2.139604487559));
#6561 = CARTESIAN_POINT('',(-3.268975681242,-2.155225725177));
#6562 = CARTESIAN_POINT('',(-3.367148083414,-2.170850869324));
#6563 = CARTESIAN_POINT('',(-3.565535860903,-2.202425623346));
#6564 = CARTESIAN_POINT('',(-3.665850050143,-2.218390945274));
#6565 = CARTESIAN_POINT('',(-3.766136249008,-2.234351198448));
#6566 = CARTESIAN_POINT('',(-3.866399751098,-2.250307216197));
#6567 = CARTESIAN_POINT('',(-3.966664031485,-2.26626318421));
#6568 = CARTESIAN_POINT('',(-4.066952031616,-2.282223337921));
#6569 = CARTESIAN_POINT('',(-4.167267293791,-2.298188562086));
#6570 = CARTESIAN_POINT('',(-4.408290611113,-2.336549418157));
#6571 = CARTESIAN_POINT('',(-4.549348345983,-2.359001464551));
#6572 = CARTESIAN_POINT('',(-4.690242895434,-2.38142920032));
#6573 = CARTESIAN_POINT('',(-4.831039890836,-2.403842206562));
#6574 = CARTESIAN_POINT('',(-4.971829820321,-2.426252329512));
#6575 = CARTESIAN_POINT('',(-5.112702515872,-2.44867292312));
#6576 = CARTESIAN_POINT('',(-5.253750446083,-2.471119552636));
#6577 = CARTESIAN_POINT('',(-5.505576137377,-2.511194254459));
#6578 = CARTESIAN_POINT('',(-5.616716910462,-2.528880376458));
#6579 = CARTESIAN_POINT('',(-5.727810501302,-2.546559073099));
#6580 = CARTESIAN_POINT('',(-5.838865603771,-2.564232478988));
#6581 = CARTESIAN_POINT('',(-5.949918003862,-2.581906683483));
#6582 = CARTESIAN_POINT('',(-6.061004632507,-2.599587352462));
#6583 = CARTESIAN_POINT('',(-6.172137892064,-2.617275803635));
#6584 = CARTESIAN_POINT('',(-6.28318530718,-2.634950510398));
#6585 = ( GEOMETRIC_REPRESENTATION_CONTEXT(2) 
PARAMETRIC_REPRESENTATION_CONTEXT() REPRESENTATION_CONTEXT('2D SPACE',''
  ) );
#6586 = ORIENTED_EDGE('',*,*,#6587,.F.);
#6587 = EDGE_CURVE('',#6588,#6400,#6590,.T.);
#6588 = VERTEX_POINT('',#6589);
#6589 = CARTESIAN_POINT('',(2.459,0.,0.634957544585));
#6590 = SURFACE_CURVE('',#6591,(#6650,#6712),.PCURVE_S1.);
#6591 = B_SPLINE_CURVE_WITH_KNOTS('',8,(#6592,#6593,#6594,#6595,#6596,
    #6597,#6598,#6599,#6600,#6601,#6602,#6603,#6604,#6605,#6606,#6607,
    #6608,#6609,#6610,#6611,#6612,#6613,#6614,#6615,#6616,#6617,#6618,
    #6619,#6620,#6621,#6622,#6623,#6624,#6625,#6626,#6627,#6628,#6629,
    #6630,#6631,#6632,#6633,#6634,#6635,#6636,#6637,#6638,#6639,#6640,
    #6641,#6642,#6643,#6644,#6645,#6646,#6647,#6648,#6649),
  .UNSPECIFIED.,.F.,.F.,(9,7,7,7,7,7,7,7,9),(0.,9.103566136657E-02,
    0.193501412802,0.3865462396,0.459308408902,0.582471309747,
    0.702557078381,0.826908494057,1.),.UNSPECIFIED.);
#6592 = CARTESIAN_POINT('',(2.459,4.440892098501E-16,0.634957544585));
#6593 = CARTESIAN_POINT('',(2.459,0.175753278586,0.646330842167));
#6594 = CARTESIAN_POINT('',(2.444643701614,0.351534196528,0.657704877672
    ));
#6595 = CARTESIAN_POINT('',(2.415923639441,0.525937179546,0.669077581806
    ));
#6596 = CARTESIAN_POINT('',(2.373004313639,0.697592443361,0.680449161785
    ));
#6597 = CARTESIAN_POINT('',(2.316200468818,0.865166407958,0.691821403418
    ));
#6598 = CARTESIAN_POINT('',(2.245968978857,1.027366297363,0.703196374056
    ));
#6599 = CARTESIAN_POINT('',(2.16291433766,1.182948924934,0.714574526414)
  );
#6600 = CARTESIAN_POINT('',(1.960759954699,1.497073691008,0.738758417795
    ));
#6601 = CARTESIAN_POINT('',(1.838394736131,1.653611059001,0.751566233706
    ));
#6602 = CARTESIAN_POINT('',(1.701793008566,1.798639959481,0.764396127391
    ));
#6603 = CARTESIAN_POINT('',(1.552234218924,1.930669831083,0.777162283642
    ));
#6604 = CARTESIAN_POINT('',(1.391166574231,2.04838007751,0.789972963814)
  );
#6605 = CARTESIAN_POINT('',(1.220181360259,2.150647220978,0.802771900943
    ));
#6606 = CARTESIAN_POINT('',(1.041015061313,2.236536827014,0.815579109172
    ));
#6607 = CARTESIAN_POINT('',(0.506179360929,2.435025016201,0.852509882682
    ));
#6608 = CARTESIAN_POINT('',(0.133378892794,2.504527266344,0.876706841685
    ));
#6609 = CARTESIAN_POINT('',(-0.249220589026,2.508170003189,
    0.900858961727));
#6610 = CARTESIAN_POINT('',(-0.628131886693,2.445351202123,
    0.924976297737));
#6611 = CARTESIAN_POINT('',(-0.990409108715,2.317781855542,
    0.949095316365));
#6612 = CARTESIAN_POINT('',(-1.323889301317,2.130203552213,
    0.973236352024));
#6613 = CARTESIAN_POINT('',(-1.61704491173,1.889637336265,0.997422292632
    ));
#6614 = CARTESIAN_POINT('',(-1.952522379,1.501355407488,1.030634687992)
  );
#6615 = CARTESIAN_POINT('',(-2.037427148173,1.389060191991,
    1.039727354517));
#6616 = CARTESIAN_POINT('',(-2.114935048955,1.271294558699,
    1.048820206422));
#6617 = CARTESIAN_POINT('',(-2.184637165001,1.1486312871,1.057912996766)
  );
#6618 = CARTESIAN_POINT('',(-2.246179714902,1.021675197144,
    1.067005816357));
#6619 = CARTESIAN_POINT('',(-2.299263638088,0.891060502892,
    1.076098758269));
#6620 = CARTESIAN_POINT('',(-2.34364754637,0.757449993262,1.08519156196)
  );
#6621 = CARTESIAN_POINT('',(-2.439255092609,0.391477522787,
    1.109672512525));
#6622 = CARTESIAN_POINT('',(-2.47396021731,0.15466775836,1.125068668344)
  );
#6623 = CARTESIAN_POINT('',(-2.482330304485,-8.546237078298E-02,
    1.140460860947));
#6624 = CARTESIAN_POINT('',(-2.464067205352,-0.325481940242,
    1.155849869987));
#6625 = CARTESIAN_POINT('',(-2.419381902299,-0.56200958699,
    1.171239306017));
#6626 = CARTESIAN_POINT('',(-2.348950124953,-0.791726618276,
    1.18663266402));
#6627 = CARTESIAN_POINT('',(-2.253949847315,-1.011400332849,
    1.202030485171));
#6628 = CARTESIAN_POINT('',(-2.021342866354,-1.419367345301,
    1.232428750858));
#6629 = CARTESIAN_POINT('',(-1.884761871476,-1.608479620137,
    1.24744233811));
#6630 = CARTESIAN_POINT('',(-1.728029983329,-1.782430054795,
    1.262453036048));
#6631 = CARTESIAN_POINT('',(-1.553155915731,-1.938745771783,
    1.277460946477));
#6632 = CARTESIAN_POINT('',(-1.362450024533,-2.075301898373,
    1.292468427977));
#6633 = CARTESIAN_POINT('',(-1.15849064786,-2.190304617173,
    1.307477883557));
#6634 = CARTESIAN_POINT('',(-0.94413451386,-2.282331155295,
    1.322489482807));
#6635 = CARTESIAN_POINT('',(-0.493073548052,-2.420989459013,
    1.353030495763));
#6636 = CARTESIAN_POINT('',(-0.255623448645,-2.465960734183,
    1.368574391702));
#6637 = CARTESIAN_POINT('',(-1.367861942989E-02,-2.484245712082,
    1.384113873194));
#6638 = CARTESIAN_POINT('',(0.229244696857,-2.47539353272,1.399649820169
    ));
#6639 = CARTESIAN_POINT('',(0.46966113815,-2.439483531288,1.415186037221
    ));
#6640 = CARTESIAN_POINT('',(0.704131354698,-2.37707882086,1.430726233314
    ));
#6641 = CARTESIAN_POINT('',(0.929284522897,-2.289267164505,
    1.446271081225));
#6642 = CARTESIAN_POINT('',(1.437847319639,-2.022607703804,
    1.483437509404));
#6643 = CARTESIAN_POINT('',(1.710230691165,-1.821185882907,
    1.505105986405));
#6644 = CARTESIAN_POINT('',(1.949703508171,-1.578054440849,
    1.526751725621));
#6645 = CARTESIAN_POINT('',(2.149179740199,-1.299799660152,
    1.548383720069));
#6646 = CARTESIAN_POINT('',(2.302980018689,-0.993921807626,
    1.570013454461));
#6647 = CARTESIAN_POINT('',(2.407101644099,-0.668931904252,
    1.591655557471));
#6648 = CARTESIAN_POINT('',(2.459,-0.334162691097,1.613322009602));
#6649 = CARTESIAN_POINT('',(2.459,1.33226762955E-15,1.634950687579));
#6650 = PCURVE('',#1007,#6651);
#6651 = DEFINITIONAL_REPRESENTATION('',(#6652),#6711);
#6652 = B_SPLINE_CURVE_WITH_KNOTS('',8,(#6653,#6654,#6655,#6656,#6657,
    #6658,#6659,#6660,#6661,#6662,#6663,#6664,#6665,#6666,#6667,#6668,
    #6669,#6670,#6671,#6672,#6673,#6674,#6675,#6676,#6677,#6678,#6679,
    #6680,#6681,#6682,#6683,#6684,#6685,#6686,#6687,#6688,#6689,#6690,
    #6691,#6692,#6693,#6694,#6695,#6696,#6697,#6698,#6699,#6700,#6701,
    #6702,#6703,#6704,#6705,#6706,#6707,#6708,#6709,#6710),
  .UNSPECIFIED.,.F.,.F.,(9,7,7,7,7,7,7,7,9),(0.,9.103566136657E-02,
    0.193501412802,0.3865462396,0.459308408902,0.582471309747,
    0.702557078381,0.826908494057,1.),.UNSPECIFIED.);
#6653 = CARTESIAN_POINT('',(0.241280159499,6.362267019081));
#6654 = CARTESIAN_POINT('',(0.241276706679,6.434639241132));
#6655 = CARTESIAN_POINT('',(0.241271464479,6.507022525845));
#6656 = CARTESIAN_POINT('',(0.241264763603,6.57940253096));
#6657 = CARTESIAN_POINT('',(0.241257300791,6.651778095369));
#6658 = CARTESIAN_POINT('',(0.241250836832,6.7241543148));
#6659 = CARTESIAN_POINT('',(0.241247801694,6.796535694861));
#6660 = CARTESIAN_POINT('',(0.241249806776,6.868919381453));
#6661 = CARTESIAN_POINT('',(0.241260981891,7.022743941905));
#6662 = CARTESIAN_POINT('',(0.241264552235,7.104217956886));
#6663 = CARTESIAN_POINT('',(0.241310416522,7.185681926726));
#6664 = CARTESIAN_POINT('',(0.241243638732,7.267141236803));
#6665 = CARTESIAN_POINT('',(0.241257494252,7.348596873812));
#6666 = CARTESIAN_POINT('',(0.241246854714,7.430064967562));
#6667 = CARTESIAN_POINT('',(0.241249134364,7.511539709417));
#6668 = CARTESIAN_POINT('',(0.241262253289,7.746456396158));
#6669 = CARTESIAN_POINT('',(0.241281848476,7.900334132087));
#6670 = CARTESIAN_POINT('',(0.241297690223,8.053939947978));
#6671 = CARTESIAN_POINT('',(0.241286397252,8.207421021659));
#6672 = CARTESIAN_POINT('',(0.24127652612,8.360907740966));
#6673 = CARTESIAN_POINT('',(0.241270526218,8.51452076198));
#6674 = CARTESIAN_POINT('',(0.241269058586,8.668403351388));
#6675 = CARTESIAN_POINT('',(0.241269592739,8.879707515456));
#6676 = CARTESIAN_POINT('',(0.241270008219,8.937555992087));
#6677 = CARTESIAN_POINT('',(0.2412705703,8.995405126448));
#6678 = CARTESIAN_POINT('',(0.241271119194,9.053253916077));
#6679 = CARTESIAN_POINT('',(0.241271510192,9.111103453683));
#6680 = CARTESIAN_POINT('',(0.241271646716,9.168954675112));
#6681 = CARTESIAN_POINT('',(0.2412714942,9.22680604573));
#6682 = CARTESIAN_POINT('',(0.241270364953,9.382564362508));
#6683 = CARTESIAN_POINT('',(0.241268890679,9.480524034273));
#6684 = CARTESIAN_POINT('',(0.241266745586,9.578460878229));
#6685 = CARTESIAN_POINT('',(0.241264500307,9.676377824037));
#6686 = CARTESIAN_POINT('',(0.241263019279,9.774294766764));
#6687 = CARTESIAN_POINT('',(0.241262926565,9.872231721585));
#6688 = CARTESIAN_POINT('',(0.241264225847,9.970192118489));
#6689 = CARTESIAN_POINT('',(0.241268874829,10.16357740018));
#6690 = CARTESIAN_POINT('',(0.241272172303,10.259086088262));
#6691 = CARTESIAN_POINT('',(0.24127615605,10.354573951552));
#6692 = CARTESIAN_POINT('',(0.241280154868,10.450044026335));
#6693 = CARTESIAN_POINT('',(0.241283311249,10.545514370104));
#6694 = CARTESIAN_POINT('',(0.241284993446,10.641002519617));
#6695 = CARTESIAN_POINT('',(0.241285093112,10.73650993942));
#6696 = CARTESIAN_POINT('',(0.241282564325,10.930828960324));
#6697 = CARTESIAN_POINT('',(0.24127983886,11.02973304647));
#6698 = CARTESIAN_POINT('',(0.2412759406,11.128613220316));
#6699 = CARTESIAN_POINT('',(0.241271567268,11.227472597247));
#6700 = CARTESIAN_POINT('',(0.241267701444,11.326331886429));
#6701 = CARTESIAN_POINT('',(0.241265099524,11.425211993518));
#6702 = CARTESIAN_POINT('',(0.241263906575,11.524116682657));
#6703 = CARTESIAN_POINT('',(0.241263860666,11.760579516103));
#6704 = CARTESIAN_POINT('',(0.241266113149,11.898432095957));
#6705 = CARTESIAN_POINT('',(0.241269960924,12.036134334894));
#6706 = CARTESIAN_POINT('',(0.241273442267,12.173750429976));
#6707 = CARTESIAN_POINT('',(0.241273129735,12.311365647096));
#6708 = CARTESIAN_POINT('',(0.241270525308,12.449067712722));
#6709 = CARTESIAN_POINT('',(0.241268929581,12.586921104296));
#6710 = CARTESIAN_POINT('',(0.241269449656,12.724526637254));
#6711 = ( GEOMETRIC_REPRESENTATION_CONTEXT(2) 
PARAMETRIC_REPRESENTATION_CONTEXT() REPRESENTATION_CONTEXT('2D SPACE',''
  ) );
#6712 = PCURVE('',#1353,#6713);
#6713 = DEFINITIONAL_REPRESENTATION('',(#6714),#6773);
#6714 = B_SPLINE_CURVE_WITH_KNOTS('',8,(#6715,#6716,#6717,#6718,#6719,
    #6720,#6721,#6722,#6723,#6724,#6725,#6726,#6727,#6728,#6729,#6730,
    #6731,#6732,#6733,#6734,#6735,#6736,#6737,#6738,#6739,#6740,#6741,
    #6742,#6743,#6744,#6745,#6746,#6747,#6748,#6749,#6750,#6751,#6752,
    #6753,#6754,#6755,#6756,#6757,#6758,#6759,#6760,#6761,#6762,#6763,
    #6764,#6765,#6766,#6767,#6768,#6769,#6770,#6771,#6772),
  .UNSPECIFIED.,.F.,.F.,(9,7,7,7,7,7,7,7,9),(0.,9.103566136657E-02,
    0.193501412802,0.3865462396,0.459308408902,0.582471309747,
    0.702557078381,0.826908494057,1.),.UNSPECIFIED.);
#6715 = CARTESIAN_POINT('',(0.,-0.634957544585));
#6716 = CARTESIAN_POINT('',(-7.147347644833E-02,-0.646330842167));
#6717 = CARTESIAN_POINT('',(-0.142957989788,-0.657704877672));
#6718 = CARTESIAN_POINT('',(-0.214439230659,-0.669077581806));
#6719 = CARTESIAN_POINT('',(-0.285915706967,-0.680449161785));
#6720 = CARTESIAN_POINT('',(-0.357392267481,-0.691821403418));
#6721 = CARTESIAN_POINT('',(-0.428873488063,-0.703196374056));
#6722 = CARTESIAN_POINT('',(-0.500356920555,-0.714574526414));
#6723 = CARTESIAN_POINT('',(-0.65226889844,-0.738758417795));
#6724 = CARTESIAN_POINT('',(-0.732730339018,-0.751566233706));
#6725 = CARTESIAN_POINT('',(-0.813182571777,-0.764396127391));
#6726 = CARTESIAN_POINT('',(-0.89362877527,-0.777162283642));
#6727 = CARTESIAN_POINT('',(-0.974073714604,-0.789972963814));
#6728 = CARTESIAN_POINT('',(-1.054527054918,-0.802771900943));
#6729 = CARTESIAN_POINT('',(-1.134988893833,-0.815579109172));
#6730 = CARTESIAN_POINT('',(-1.366985411385,-0.852509882682));
#6731 = CARTESIAN_POINT('',(-1.518951812823,-0.876706841685));
#6732 = CARTESIAN_POINT('',(-1.670652600175,-0.900858961727));
#6733 = CARTESIAN_POINT('',(-1.822228121235,-0.924976297737));
#6734 = CARTESIAN_POINT('',(-1.973803453372,-0.949095316365));
#6735 = CARTESIAN_POINT('',(-2.125503512609,-0.973236352025));
#6736 = CARTESIAN_POINT('',(-2.277470787428,-0.997422292632));
#6737 = CARTESIAN_POINT('',(-2.486147260501,-1.030634687992));
#6738 = CARTESIAN_POINT('',(-2.543276593006,-1.039727354517));
#6739 = CARTESIAN_POINT('',(-2.600406835087,-1.048820206422));
#6740 = CARTESIAN_POINT('',(-2.657536987972,-1.057912996766));
#6741 = CARTESIAN_POINT('',(-2.714668092037,-1.067005816357));
#6742 = CARTESIAN_POINT('',(-2.771801010503,-1.076098758269));
#6743 = CARTESIAN_POINT('',(-2.828934156773,-1.08519156196));
#6744 = CARTESIAN_POINT('',(-2.982758778532,-1.109672512525));
#6745 = CARTESIAN_POINT('',(-3.079502353734,-1.125068668344));
#6746 = CARTESIAN_POINT('',(-3.17622311681,-1.140460860947));
#6747 = CARTESIAN_POINT('',(-3.272923661698,-1.155849869987));
#6748 = CARTESIAN_POINT('',(-3.369623567029,-1.171239306017));
#6749 = CARTESIAN_POINT('',(-3.466342751215,-1.18663266402));
#6750 = CARTESIAN_POINT('',(-3.563084847377,-1.202030485171));
#6751 = CARTESIAN_POINT('',(-3.754064983983,-1.232428750858));
#6752 = CARTESIAN_POINT('',(-3.848385788386,-1.24744233811));
#6753 = CARTESIAN_POINT('',(-3.942686175783,-1.262453036048));
#6754 = CARTESIAN_POINT('',(-4.036969311238,-1.277460946477));
#6755 = CARTESIAN_POINT('',(-4.131253043808,-1.292468427977));
#6756 = CARTESIAN_POINT('',(-4.225554565187,-1.307477883557));
#6757 = CARTESIAN_POINT('',(-4.319875139236,-1.322489482807));
#6758 = CARTESIAN_POINT('',(-4.51177919129,-1.353030495763));
#6759 = CARTESIAN_POINT('',(-4.609453996087,-1.368574391702));
#6760 = CARTESIAN_POINT('',(-4.707104928494,-1.384113873194));
#6761 = CARTESIAN_POINT('',(-4.804734957387,-1.399649820169));
#6762 = CARTESIAN_POINT('',(-4.902364606768,-1.415186037221));
#6763 = CARTESIAN_POINT('',(-5.000014756331,-1.430726233314));
#6764 = CARTESIAN_POINT('',(-5.097689399411,-1.446271081225));
#6765 = CARTESIAN_POINT('',(-5.33121232238,-1.483437509404));
#6766 = CARTESIAN_POINT('',(-5.467351733175,-1.505105986405));
#6767 = CARTESIAN_POINT('',(-5.603343848695,-1.526751725621));
#6768 = CARTESIAN_POINT('',(-5.739252165871,-1.548383720069));
#6769 = CARTESIAN_POINT('',(-5.875159948262,-1.570013454461));
#6770 = CARTESIAN_POINT('',(-6.01115192669,-1.591655557471));
#6771 = CARTESIAN_POINT('',(-6.147291573509,-1.613322009602));
#6772 = CARTESIAN_POINT('',(-6.28318530718,-1.634950687579));
#6773 = ( GEOMETRIC_REPRESENTATION_CONTEXT(2) 
PARAMETRIC_REPRESENTATION_CONTEXT() REPRESENTATION_CONTEXT('2D SPACE',''
  ) );
#6774 = ORIENTED_EDGE('',*,*,#6775,.F.);
#6775 = EDGE_CURVE('',#4894,#6588,#6776,.T.);
#6776 = SURFACE_CURVE('',#6777,(#6822,#6870),.PCURVE_S1.);
#6777 = B_SPLINE_CURVE_WITH_KNOTS('',8,(#6778,#6779,#6780,#6781,#6782,
    #6783,#6784,#6785,#6786,#6787,#6788,#6789,#6790,#6791,#6792,#6793,
    #6794,#6795,#6796,#6797,#6798,#6799,#6800,#6801,#6802,#6803,#6804,
    #6805,#6806,#6807,#6808,#6809,#6810,#6811,#6812,#6813,#6814,#6815,
    #6816,#6817,#6818,#6819,#6820,#6821),.UNSPECIFIED.,.F.,.F.,(9,7,7,7,
    7,7,9),(0.,0.166938567088,0.355398894243,0.543599166368,
    0.805091676487,0.902916663576,1.),.UNSPECIFIED.);
#6778 = CARTESIAN_POINT('',(-1.626732771702,1.844023180296,
    -5.999999999739E-07));
#6779 = CARTESIAN_POINT('',(-1.780197332945,1.708642109067,
    1.324372955578E-02));
#6780 = CARTESIAN_POINT('',(-1.9208423465,1.558614170317,
    2.649282429275E-02));
#6781 = CARTESIAN_POINT('',(-2.046955201494,1.395419229344,
    3.974060785714E-02));
#6782 = CARTESIAN_POINT('',(-2.157113715612,1.220728512329,
    5.298629052118E-02));
#6783 = CARTESIAN_POINT('',(-2.250143710283,1.036361018741,
    6.62317240438E-02));
#6784 = CARTESIAN_POINT('',(-2.325105670047,0.844257864097,
    7.94790277555E-02));
#6785 = CARTESIAN_POINT('',(-2.381310486116,0.646474553065,
    9.272848586734E-02));
#6786 = CARTESIAN_POINT('',(-2.460195066618,0.217958312458,
    0.120932911145));
#6787 = CARTESIAN_POINT('',(-2.477641754779,-1.386151116021E-02,
    0.135895746352));
#6788 = CARTESIAN_POINT('',(-2.470081474317,-0.247074958407,
    0.150855536422));
#6789 = CARTESIAN_POINT('',(-2.437455121663,-0.478526631098,
    0.165812179022));
#6790 = CARTESIAN_POINT('',(-2.380154082548,-0.705133155213,
    0.180768006034));
#6791 = CARTESIAN_POINT('',(-2.298982537351,-0.923892350205,
    0.195725573122));
#6792 = CARTESIAN_POINT('',(-2.195188413989,-1.131905832316,
    0.210685335855));
#6793 = CARTESIAN_POINT('',(-1.946095663541,-1.520732531811,
    0.240570352281));
#6794 = CARTESIAN_POINT('',(-1.800751919657,-1.701742975702,
    0.255507936914));
#6795 = CARTESIAN_POINT('',(-1.636242978103,-1.866741785763,
    0.270442015883));
#6796 = CARTESIAN_POINT('',(-1.454669581048,-2.01339476712,
    0.285373447644));
#6797 = CARTESIAN_POINT('',(-1.258411230496,-2.139724101454,
    0.30030543149));
#6798 = CARTESIAN_POINT('',(-1.050093279373,-2.244090393115,
    0.315240926086));
#6799 = CARTESIAN_POINT('',(-0.832594246788,-2.325231153703,
    0.330180160885));
#6800 = CARTESIAN_POINT('',(-0.298479518505,-2.461779332981,
    0.365862437175));
#6801 = CARTESIAN_POINT('',(2.446010874741E-02,-2.495041160762,
    0.386647380747));
#6802 = CARTESIAN_POINT('',(0.35096305843,-2.479626051001,0.407413726848
    ));
#6803 = CARTESIAN_POINT('',(0.672484087682,-2.415555384076,
    0.428167267174));
#6804 = CARTESIAN_POINT('',(0.980842557403,-2.304261600624,0.4489180532)
  );
#6805 = CARTESIAN_POINT('',(1.268308191821,-2.148762145416,0.46967894024
    ));
#6806 = CARTESIAN_POINT('',(1.527588213606,-1.953441414506,
    0.490459757158));
#6807 = CARTESIAN_POINT('',(1.836611179915,-1.639489079416,
    0.518972753166));
#6808 = CARTESIAN_POINT('',(1.915986071254,-1.549316866596,0.52673615422
    ));
#6809 = CARTESIAN_POINT('',(1.990291856202,-1.454763523616,
    0.534500055827));
#6810 = CARTESIAN_POINT('',(2.059245716731,-1.356164317466,0.54226429705
    ));
#6811 = CARTESIAN_POINT('',(2.122593825233,-1.253872920361,
    0.550028729996));
#6812 = CARTESIAN_POINT('',(2.180111344516,-1.148261409741,
    0.557793219813));
#6813 = CARTESIAN_POINT('',(2.231602427807,-1.039720268267,0.56555764469
    ));
#6814 = CARTESIAN_POINT('',(2.321854588882,-0.818438504302,
    0.581027283113));
#6815 = CARTESIAN_POINT('',(2.360712721121,-0.705727314747,
    0.588732696384));
#6816 = CARTESIAN_POINT('',(2.393311821918,-0.590924383815,
    0.596437994902));
#6817 = CARTESIAN_POINT('',(2.419521610864,-0.474436158566,
    0.604143033688));
#6818 = CARTESIAN_POINT('',(2.439244320696,-0.356675964474,
    0.611847663552));
#6819 = CARTESIAN_POINT('',(2.45241469729,-0.23806400542,0.619551731096)
  );
#6820 = CARTESIAN_POINT('',(2.45899999967,-0.119027363695,0.627255078713
    ));
#6821 = CARTESIAN_POINT('',(2.459,-8.881784197001E-16,0.634957544585));
#6822 = PCURVE('',#1007,#6823);
#6823 = DEFINITIONAL_REPRESENTATION('',(#6824),#6869);
#6824 = B_SPLINE_CURVE_WITH_KNOTS('',8,(#6825,#6826,#6827,#6828,#6829,
    #6830,#6831,#6832,#6833,#6834,#6835,#6836,#6837,#6838,#6839,#6840,
    #6841,#6842,#6843,#6844,#6845,#6846,#6847,#6848,#6849,#6850,#6851,
    #6852,#6853,#6854,#6855,#6856,#6857,#6858,#6859,#6860,#6861,#6862,
    #6863,#6864,#6865,#6866,#6867,#6868),.UNSPECIFIED.,.F.,.F.,(9,7,7,7,
    7,7,9),(0.,0.166938567088,0.355398894243,0.543599166368,
    0.805091676487,0.902916663576,1.),.UNSPECIFIED.);
#6825 = CARTESIAN_POINT('',(0.241268522292,2.322536368656));
#6826 = CARTESIAN_POINT('',(0.241267065743,2.406805488143));
#6827 = CARTESIAN_POINT('',(0.241265427526,2.491105571471));
#6828 = CARTESIAN_POINT('',(0.241263919313,2.575396850131));
#6829 = CARTESIAN_POINT('',(0.241263023653,2.65967258244));
#6830 = CARTESIAN_POINT('',(0.241263108153,2.743943241586));
#6831 = CARTESIAN_POINT('',(0.241264274966,2.828221947788));
#6832 = CARTESIAN_POINT('',(0.241266345576,2.912511144547));
#6833 = CARTESIAN_POINT('',(0.241271955949,3.091935210631));
#6834 = CARTESIAN_POINT('',(0.241275651364,3.187119584612));
#6835 = CARTESIAN_POINT('',(0.241279586518,3.282283731467));
#6836 = CARTESIAN_POINT('',(0.241283001737,3.377429703564));
#6837 = CARTESIAN_POINT('',(0.241285136302,3.472575044085));
#6838 = CARTESIAN_POINT('',(0.241285593108,3.567737426008));
#6839 = CARTESIAN_POINT('',(0.241284519426,3.662919223689));
#6840 = CARTESIAN_POINT('',(0.241280150154,3.853071170408));
#6841 = CARTESIAN_POINT('',(0.241276857565,3.948119761479));
#6842 = CARTESIAN_POINT('',(0.241272871712,4.043148515673));
#6843 = CARTESIAN_POINT('',(0.24126891822,4.138160312466));
#6844 = CARTESIAN_POINT('',(0.24126580396,4.233172635227));
#6845 = CARTESIAN_POINT('',(0.241264024506,4.328202544187));
#6846 = CARTESIAN_POINT('',(0.241263535872,4.423251655725));
#6847 = CARTESIAN_POINT('',(0.241264690662,4.650267648476));
#6848 = CARTESIAN_POINT('',(0.241267242679,4.782497888466));
#6849 = CARTESIAN_POINT('',(0.241270780662,4.914606297692));
#6850 = CARTESIAN_POINT('',(0.24127344686,5.04663633557));
#6851 = CARTESIAN_POINT('',(0.24127272726,5.178660898771));
#6852 = CARTESIAN_POINT('',(0.241270270013,5.310755910989));
#6853 = CARTESIAN_POINT('',(0.241268879164,5.442973927429));
#6854 = CARTESIAN_POINT('',(0.241269709109,5.624378214236));
#6855 = CARTESIAN_POINT('',(0.241270211515,5.673769242176));
#6856 = CARTESIAN_POINT('',(0.241271052301,5.723162250583));
#6857 = CARTESIAN_POINT('',(0.241272243343,5.772556173275));
#6858 = CARTESIAN_POINT('',(0.241273746469,5.82195020516));
#6859 = CARTESIAN_POINT('',(0.241275473452,5.871343802235));
#6860 = CARTESIAN_POINT('',(0.241277286019,5.92073668159));
#6861 = CARTESIAN_POINT('',(0.241280692703,6.019146499491));
#6862 = CARTESIAN_POINT('',(0.241282360512,6.06816454093));
#6863 = CARTESIAN_POINT('',(0.241283711794,6.117182955049));
#6864 = CARTESIAN_POINT('',(0.241284522067,6.166201552192));
#6865 = CARTESIAN_POINT('',(0.241284629838,6.215219943721));
#6866 = CARTESIAN_POINT('',(0.241283936605,6.264237542013));
#6867 = CARTESIAN_POINT('',(0.241282406855,6.313253560459));
#6868 = CARTESIAN_POINT('',(0.241280068065,6.362267013468));
#6869 = ( GEOMETRIC_REPRESENTATION_CONTEXT(2) 
PARAMETRIC_REPRESENTATION_CONTEXT() REPRESENTATION_CONTEXT('2D SPACE',''
  ) );
#6870 = PCURVE('',#6871,#6876);
#6871 = CYLINDRICAL_SURFACE('',#6872,2.459);
#6872 = AXIS2_PLACEMENT_3D('',#6873,#6874,#6875);
#6873 = CARTESIAN_POINT('',(0.,0.,0.));
#6874 = DIRECTION('',(-0.,-0.,-1.));
#6875 = DIRECTION('',(1.,0.,0.));
#6876 = DEFINITIONAL_REPRESENTATION('',(#6877),#6922);
#6877 = B_SPLINE_CURVE_WITH_KNOTS('',8,(#6878,#6879,#6880,#6881,#6882,
    #6883,#6884,#6885,#6886,#6887,#6888,#6889,#6890,#6891,#6892,#6893,
    #6894,#6895,#6896,#6897,#6898,#6899,#6900,#6901,#6902,#6903,#6904,
    #6905,#6906,#6907,#6908,#6909,#6910,#6911,#6912,#6913,#6914,#6915,
    #6916,#6917,#6918,#6919,#6920,#6921),.UNSPECIFIED.,.F.,.F.,(9,7,7,7,
    7,7,9),(0.,0.166938567088,0.355398894243,0.543599166368,
    0.805091676487,0.902916663576,1.),.UNSPECIFIED.);
#6878 = CARTESIAN_POINT('',(-2.293670018306,6.000000000173E-07));
#6879 = CARTESIAN_POINT('',(-2.376892704193,-1.324372955578E-02));
#6880 = CARTESIAN_POINT('',(-2.460145732263,-2.649282429275E-02));
#6881 = CARTESIAN_POINT('',(-2.543389638516,-3.974060785714E-02));
#6882 = CARTESIAN_POINT('',(-2.62661776275,-5.298629052118E-02));
#6883 = CARTESIAN_POINT('',(-2.709840545222,-6.62317240438E-02));
#6884 = CARTESIAN_POINT('',(-2.793071078093,-7.94790277555E-02));
#6885 = CARTESIAN_POINT('',(-2.876311911644,-9.272848586734E-02));
#6886 = CARTESIAN_POINT('',(-3.053504505589,-0.120932911145));
#6887 = CARTESIAN_POINT('',(-3.147505166911,-0.135895746352));
#6888 = CARTESIAN_POINT('',(-3.241486090117,-0.150855536422));
#6889 = CARTESIAN_POINT('',(-3.335449398927,-0.165812179022));
#6890 = CARTESIAN_POINT('',(-3.429412352582,-0.180768006034));
#6891 = CARTESIAN_POINT('',(-3.523392226453,-0.195725573122));
#6892 = CARTESIAN_POINT('',(-3.617391187965,-0.210685335855));
#6893 = CARTESIAN_POINT('',(-3.805179728951,-0.240570352281));
#6894 = CARTESIAN_POINT('',(-3.899046775247,-0.255507936914));
#6895 = CARTESIAN_POINT('',(-3.992893954935,-0.270442015883));
#6896 = CARTESIAN_POINT('',(-4.086724081375,-0.285373447644));
#6897 = CARTESIAN_POINT('',(-4.180554551532,-0.30030543149));
#6898 = CARTESIAN_POINT('',(-4.274402453701,-0.315240926086));
#6899 = CARTESIAN_POINT('',(-4.368269613075,-0.330180160885));
#6900 = CARTESIAN_POINT('',(-4.592463585658,-0.365862437175));
#6901 = CARTESIAN_POINT('',(-4.723050860699,-0.386647380747));
#6902 = CARTESIAN_POINT('',(-4.853518901249,-0.407413726848));
#6903 = CARTESIAN_POINT('',(-4.98391054805,-0.428167267174));
#6904 = CARTESIAN_POINT('',(-5.114296818819,-0.4489180532));
#6905 = CARTESIAN_POINT('',(-5.24475116007,-0.46967894024));
#6906 = CARTESIAN_POINT('',(-5.375325363111,-0.490459757158));
#6907 = CARTESIAN_POINT('',(-5.554472923093,-0.518972753166));
#6908 = CARTESIAN_POINT('',(-5.603249360771,-0.52673615422));
#6909 = CARTESIAN_POINT('',(-5.652027649776,-0.534500055827));
#6910 = CARTESIAN_POINT('',(-5.700806785026,-0.54226429705));
#6911 = CARTESIAN_POINT('',(-5.7495860214,-0.550028729996));
#6912 = CARTESIAN_POINT('',(-5.798364873743,-0.557793219813));
#6913 = CARTESIAN_POINT('',(-5.84714311686,-0.56555764469));
#6914 = CARTESIAN_POINT('',(-5.944328651009,-0.581027283113));
#6915 = CARTESIAN_POINT('',(-5.992737017086,-0.588732696384));
#6916 = CARTESIAN_POINT('',(-6.041145937509,-0.596437994902));
#6917 = CARTESIAN_POINT('',(-6.089555245621,-0.604143033688));
#6918 = CARTESIAN_POINT('',(-6.137964554346,-0.611847663552));
#6919 = CARTESIAN_POINT('',(-6.186373256191,-0.619551731096));
#6920 = CARTESIAN_POINT('',(-6.234780523245,-0.627255078713));
#6921 = CARTESIAN_POINT('',(-6.28318530718,-0.634957544585));
#6922 = ( GEOMETRIC_REPRESENTATION_CONTEXT(2) 
PARAMETRIC_REPRESENTATION_CONTEXT() REPRESENTATION_CONTEXT('2D SPACE',''
  ) );
#6923 = ADVANCED_FACE('',(#6924),#1216,.T.);
#6924 = FACE_BOUND('',#6925,.T.);
#6925 = EDGE_LOOP('',(#6926,#6949,#6969));
#6926 = ORIENTED_EDGE('',*,*,#6927,.F.);
#6927 = EDGE_CURVE('',#6928,#1202,#6930,.T.);
#6928 = VERTEX_POINT('',#6929);
#6929 = CARTESIAN_POINT('',(2.459,0.,0.));
#6930 = SURFACE_CURVE('',#6931,(#6935,#6942),.PCURVE_S1.);
#6931 = LINE('',#6932,#6933);
#6932 = CARTESIAN_POINT('',(2.459,0.,0.));
#6933 = VECTOR('',#6934,1.);
#6934 = DIRECTION('',(0.,0.,1.));
#6935 = PCURVE('',#1216,#6936);
#6936 = DEFINITIONAL_REPRESENTATION('',(#6937),#6941);
#6937 = LINE('',#6938,#6939);
#6938 = CARTESIAN_POINT('',(5.575354747454E-16,-3.76007736982E-02));
#6939 = VECTOR('',#6940,1.);
#6940 = DIRECTION('',(-1.,3.152073063364E-30));
#6941 = ( GEOMETRIC_REPRESENTATION_CONTEXT(2) 
PARAMETRIC_REPRESENTATION_CONTEXT() REPRESENTATION_CONTEXT('2D SPACE',''
  ) );
#6942 = PCURVE('',#6871,#6943);
#6943 = DEFINITIONAL_REPRESENTATION('',(#6944),#6948);
#6944 = LINE('',#6945,#6946);
#6945 = CARTESIAN_POINT('',(-6.28318530718,0.));
#6946 = VECTOR('',#6947,1.);
#6947 = DIRECTION('',(-0.,-1.));
#6948 = ( GEOMETRIC_REPRESENTATION_CONTEXT(2) 
PARAMETRIC_REPRESENTATION_CONTEXT() REPRESENTATION_CONTEXT('2D SPACE',''
  ) );
#6949 = ORIENTED_EDGE('',*,*,#6950,.F.);
#6950 = EDGE_CURVE('',#961,#6928,#6951,.T.);
#6951 = SURFACE_CURVE('',#6952,(#6956,#6962),.PCURVE_S1.);
#6952 = LINE('',#6953,#6954);
#6953 = CARTESIAN_POINT('',(1.248300386849,-2.134007696682E-15,0.));
#6954 = VECTOR('',#6955,1.);
#6955 = DIRECTION('',(-1.,-1.154870035382E-15,0.));
#6956 = PCURVE('',#1216,#6957);
#6957 = DEFINITIONAL_REPRESENTATION('',(#6958),#6961);
#6958 = B_SPLINE_CURVE_WITH_KNOTS('',1,(#6959,#6960),.UNSPECIFIED.,.F.,
  .F.,(2,2),(-1.751699613151,-1.010699613151),.PIECEWISE_BEZIER_KNOTS.);
#6959 = CARTESIAN_POINT('',(5.575354747454E-16,0.503399226302));
#6960 = CARTESIAN_POINT('',(5.575354747454E-16,-0.237600773698));
#6961 = ( GEOMETRIC_REPRESENTATION_CONTEXT(2) 
PARAMETRIC_REPRESENTATION_CONTEXT() REPRESENTATION_CONTEXT('2D SPACE',''
  ) );
#6962 = PCURVE('',#4987,#6963);
#6963 = DEFINITIONAL_REPRESENTATION('',(#6964),#6968);
#6964 = LINE('',#6965,#6966);
#6965 = CARTESIAN_POINT('',(1.248300386849,-2.17265148768E-15));
#6966 = VECTOR('',#6967,1.);
#6967 = DIRECTION('',(-1.,-1.154870035382E-15));
#6968 = ( GEOMETRIC_REPRESENTATION_CONTEXT(2) 
PARAMETRIC_REPRESENTATION_CONTEXT() REPRESENTATION_CONTEXT('2D SPACE',''
  ) );
#6969 = ORIENTED_EDGE('',*,*,#1201,.T.);
#6970 = ADVANCED_FACE('',(#6971),#1353,.T.);
#6971 = FACE_BOUND('',#6972,.F.);
#6972 = EDGE_LOOP('',(#6973,#6974,#6995,#6996));
#6973 = ORIENTED_EDGE('',*,*,#1227,.F.);
#6974 = ORIENTED_EDGE('',*,*,#6975,.T.);
#6975 = EDGE_CURVE('',#1202,#6588,#6976,.T.);
#6976 = SURFACE_CURVE('',#6977,(#6981,#6988),.PCURVE_S1.);
#6977 = LINE('',#6978,#6979);
#6978 = CARTESIAN_POINT('',(2.459,0.,0.));
#6979 = VECTOR('',#6980,1.);
#6980 = DIRECTION('',(0.,0.,1.));
#6981 = PCURVE('',#1353,#6982);
#6982 = DEFINITIONAL_REPRESENTATION('',(#6983),#6987);
#6983 = LINE('',#6984,#6985);
#6984 = CARTESIAN_POINT('',(-0.,0.));
#6985 = VECTOR('',#6986,1.);
#6986 = DIRECTION('',(-0.,-1.));
#6987 = ( GEOMETRIC_REPRESENTATION_CONTEXT(2) 
PARAMETRIC_REPRESENTATION_CONTEXT() REPRESENTATION_CONTEXT('2D SPACE',''
  ) );
#6988 = PCURVE('',#6871,#6989);
#6989 = DEFINITIONAL_REPRESENTATION('',(#6990),#6994);
#6990 = LINE('',#6991,#6992);
#6991 = CARTESIAN_POINT('',(-6.28318530718,0.));
#6992 = VECTOR('',#6993,1.);
#6993 = DIRECTION('',(-0.,-1.));
#6994 = ( GEOMETRIC_REPRESENTATION_CONTEXT(2) 
PARAMETRIC_REPRESENTATION_CONTEXT() REPRESENTATION_CONTEXT('2D SPACE',''
  ) );
#6995 = ORIENTED_EDGE('',*,*,#6587,.T.);
#6996 = ORIENTED_EDGE('',*,*,#6997,.F.);
#6997 = EDGE_CURVE('',#1228,#6400,#6998,.T.);
#6998 = SURFACE_CURVE('',#6999,(#7003,#7010),.PCURVE_S1.);
#6999 = LINE('',#7000,#7001);
#7000 = CARTESIAN_POINT('',(2.459,0.,0.));
#7001 = VECTOR('',#7002,1.);
#7002 = DIRECTION('',(0.,0.,1.));
#7003 = PCURVE('',#1353,#7004);
#7004 = DEFINITIONAL_REPRESENTATION('',(#7005),#7009);
#7005 = LINE('',#7006,#7007);
#7006 = CARTESIAN_POINT('',(-6.28318530718,0.));
#7007 = VECTOR('',#7008,1.);
#7008 = DIRECTION('',(-0.,-1.));
#7009 = ( GEOMETRIC_REPRESENTATION_CONTEXT(2) 
PARAMETRIC_REPRESENTATION_CONTEXT() REPRESENTATION_CONTEXT('2D SPACE',''
  ) );
#7010 = PCURVE('',#1560,#7011);
#7011 = DEFINITIONAL_REPRESENTATION('',(#7012),#7016);
#7012 = LINE('',#7013,#7014);
#7013 = CARTESIAN_POINT('',(-0.,0.));
#7014 = VECTOR('',#7015,1.);
#7015 = DIRECTION('',(-0.,-1.));
#7016 = ( GEOMETRIC_REPRESENTATION_CONTEXT(2) 
PARAMETRIC_REPRESENTATION_CONTEXT() REPRESENTATION_CONTEXT('2D SPACE',''
  ) );
#7017 = ADVANCED_FACE('',(#7018),#1560,.T.);
#7018 = FACE_BOUND('',#7019,.F.);
#7019 = EDGE_LOOP('',(#7020,#7021,#7022,#7023));
#7020 = ORIENTED_EDGE('',*,*,#1420,.F.);
#7021 = ORIENTED_EDGE('',*,*,#6997,.T.);
#7022 = ORIENTED_EDGE('',*,*,#6399,.T.);
#7023 = ORIENTED_EDGE('',*,*,#7024,.F.);
#7024 = EDGE_CURVE('',#1421,#6191,#7025,.T.);
#7025 = SURFACE_CURVE('',#7026,(#7030,#7037),.PCURVE_S1.);
#7026 = LINE('',#7027,#7028);
#7027 = CARTESIAN_POINT('',(2.459,0.,0.));
#7028 = VECTOR('',#7029,1.);
#7029 = DIRECTION('',(0.,0.,1.));
#7030 = PCURVE('',#1560,#7031);
#7031 = DEFINITIONAL_REPRESENTATION('',(#7032),#7036);
#7032 = LINE('',#7033,#7034);
#7033 = CARTESIAN_POINT('',(-6.28318530718,0.));
#7034 = VECTOR('',#7035,1.);
#7035 = DIRECTION('',(-0.,-1.));
#7036 = ( GEOMETRIC_REPRESENTATION_CONTEXT(2) 
PARAMETRIC_REPRESENTATION_CONTEXT() REPRESENTATION_CONTEXT('2D SPACE',''
  ) );
#7037 = PCURVE('',#1760,#7038);
#7038 = DEFINITIONAL_REPRESENTATION('',(#7039),#7043);
#7039 = LINE('',#7040,#7041);
#7040 = CARTESIAN_POINT('',(-0.,0.));
#7041 = VECTOR('',#7042,1.);
#7042 = DIRECTION('',(-0.,-1.));
#7043 = ( GEOMETRIC_REPRESENTATION_CONTEXT(2) 
PARAMETRIC_REPRESENTATION_CONTEXT() REPRESENTATION_CONTEXT('2D SPACE',''
  ) );
#7044 = ADVANCED_FACE('',(#7045),#1760,.T.);
#7045 = FACE_BOUND('',#7046,.F.);
#7046 = EDGE_LOOP('',(#7047,#7048,#7049,#7050));
#7047 = ORIENTED_EDGE('',*,*,#1634,.F.);
#7048 = ORIENTED_EDGE('',*,*,#7024,.T.);
#7049 = ORIENTED_EDGE('',*,*,#6190,.T.);
#7050 = ORIENTED_EDGE('',*,*,#7051,.F.);
#7051 = EDGE_CURVE('',#1635,#5982,#7052,.T.);
#7052 = SURFACE_CURVE('',#7053,(#7057,#7064),.PCURVE_S1.);
#7053 = LINE('',#7054,#7055);
#7054 = CARTESIAN_POINT('',(2.459,0.,0.));
#7055 = VECTOR('',#7056,1.);
#7056 = DIRECTION('',(0.,0.,1.));
#7057 = PCURVE('',#1760,#7058);
#7058 = DEFINITIONAL_REPRESENTATION('',(#7059),#7063);
#7059 = LINE('',#7060,#7061);
#7060 = CARTESIAN_POINT('',(-6.28318530718,0.));
#7061 = VECTOR('',#7062,1.);
#7062 = DIRECTION('',(-0.,-1.));
#7063 = ( GEOMETRIC_REPRESENTATION_CONTEXT(2) 
PARAMETRIC_REPRESENTATION_CONTEXT() REPRESENTATION_CONTEXT('2D SPACE',''
  ) );
#7064 = PCURVE('',#1953,#7065);
#7065 = DEFINITIONAL_REPRESENTATION('',(#7066),#7070);
#7066 = LINE('',#7067,#7068);
#7067 = CARTESIAN_POINT('',(-0.,0.));
#7068 = VECTOR('',#7069,1.);
#7069 = DIRECTION('',(-0.,-1.));
#7070 = ( GEOMETRIC_REPRESENTATION_CONTEXT(2) 
PARAMETRIC_REPRESENTATION_CONTEXT() REPRESENTATION_CONTEXT('2D SPACE',''
  ) );
#7071 = ADVANCED_FACE('',(#7072),#1953,.T.);
#7072 = FACE_BOUND('',#7073,.F.);
#7073 = EDGE_LOOP('',(#7074,#7075,#7076,#7077));
#7074 = ORIENTED_EDGE('',*,*,#1827,.F.);
#7075 = ORIENTED_EDGE('',*,*,#7051,.T.);
#7076 = ORIENTED_EDGE('',*,*,#5981,.T.);
#7077 = ORIENTED_EDGE('',*,*,#7078,.F.);
#7078 = EDGE_CURVE('',#1828,#5773,#7079,.T.);
#7079 = SURFACE_CURVE('',#7080,(#7084,#7091),.PCURVE_S1.);
#7080 = LINE('',#7081,#7082);
#7081 = CARTESIAN_POINT('',(2.459,0.,0.));
#7082 = VECTOR('',#7083,1.);
#7083 = DIRECTION('',(0.,0.,1.));
#7084 = PCURVE('',#1953,#7085);
#7085 = DEFINITIONAL_REPRESENTATION('',(#7086),#7090);
#7086 = LINE('',#7087,#7088);
#7087 = CARTESIAN_POINT('',(-6.28318530718,0.));
#7088 = VECTOR('',#7089,1.);
#7089 = DIRECTION('',(-0.,-1.));
#7090 = ( GEOMETRIC_REPRESENTATION_CONTEXT(2) 
PARAMETRIC_REPRESENTATION_CONTEXT() REPRESENTATION_CONTEXT('2D SPACE',''
  ) );
#7091 = PCURVE('',#2146,#7092);
#7092 = DEFINITIONAL_REPRESENTATION('',(#7093),#7097);
#7093 = LINE('',#7094,#7095);
#7094 = CARTESIAN_POINT('',(-0.,0.));
#7095 = VECTOR('',#7096,1.);
#7096 = DIRECTION('',(-0.,-1.));
#7097 = ( GEOMETRIC_REPRESENTATION_CONTEXT(2) 
PARAMETRIC_REPRESENTATION_CONTEXT() REPRESENTATION_CONTEXT('2D SPACE',''
  ) );
#7098 = ADVANCED_FACE('',(#7099),#2146,.T.);
#7099 = FACE_BOUND('',#7100,.F.);
#7100 = EDGE_LOOP('',(#7101,#7102,#7103,#7104));
#7101 = ORIENTED_EDGE('',*,*,#2020,.F.);
#7102 = ORIENTED_EDGE('',*,*,#7078,.T.);
#7103 = ORIENTED_EDGE('',*,*,#5772,.T.);
#7104 = ORIENTED_EDGE('',*,*,#7105,.F.);
#7105 = EDGE_CURVE('',#2021,#5543,#7106,.T.);
#7106 = SURFACE_CURVE('',#7107,(#7111,#7118),.PCURVE_S1.);
#7107 = LINE('',#7108,#7109);
#7108 = CARTESIAN_POINT('',(2.459,0.,0.));
#7109 = VECTOR('',#7110,1.);
#7110 = DIRECTION('',(0.,0.,1.));
#7111 = PCURVE('',#2146,#7112);
#7112 = DEFINITIONAL_REPRESENTATION('',(#7113),#7117);
#7113 = LINE('',#7114,#7115);
#7114 = CARTESIAN_POINT('',(-6.28318530718,0.));
#7115 = VECTOR('',#7116,1.);
#7116 = DIRECTION('',(-0.,-1.));
#7117 = ( GEOMETRIC_REPRESENTATION_CONTEXT(2) 
PARAMETRIC_REPRESENTATION_CONTEXT() REPRESENTATION_CONTEXT('2D SPACE',''
  ) );
#7118 = PCURVE('',#2353,#7119);
#7119 = DEFINITIONAL_REPRESENTATION('',(#7120),#7124);
#7120 = LINE('',#7121,#7122);
#7121 = CARTESIAN_POINT('',(-0.,0.));
#7122 = VECTOR('',#7123,1.);
#7123 = DIRECTION('',(-0.,-1.));
#7124 = ( GEOMETRIC_REPRESENTATION_CONTEXT(2) 
PARAMETRIC_REPRESENTATION_CONTEXT() REPRESENTATION_CONTEXT('2D SPACE',''
  ) );
#7125 = ADVANCED_FACE('',(#7126),#2353,.T.);
#7126 = FACE_BOUND('',#7127,.F.);
#7127 = EDGE_LOOP('',(#7128,#7129,#7130,#7131));
#7128 = ORIENTED_EDGE('',*,*,#2213,.F.);
#7129 = ORIENTED_EDGE('',*,*,#7105,.T.);
#7130 = ORIENTED_EDGE('',*,*,#5542,.T.);
#7131 = ORIENTED_EDGE('',*,*,#7132,.F.);
#7132 = EDGE_CURVE('',#2214,#5334,#7133,.T.);
#7133 = SURFACE_CURVE('',#7134,(#7138,#7145),.PCURVE_S1.);
#7134 = LINE('',#7135,#7136);
#7135 = CARTESIAN_POINT('',(2.459,0.,0.));
#7136 = VECTOR('',#7137,1.);
#7137 = DIRECTION('',(0.,0.,1.));
#7138 = PCURVE('',#2353,#7139);
#7139 = DEFINITIONAL_REPRESENTATION('',(#7140),#7144);
#7140 = LINE('',#7141,#7142);
#7141 = CARTESIAN_POINT('',(-6.28318530718,0.));
#7142 = VECTOR('',#7143,1.);
#7143 = DIRECTION('',(-0.,-1.));
#7144 = ( GEOMETRIC_REPRESENTATION_CONTEXT(2) 
PARAMETRIC_REPRESENTATION_CONTEXT() REPRESENTATION_CONTEXT('2D SPACE',''
  ) );
#7145 = PCURVE('',#2581,#7146);
#7146 = DEFINITIONAL_REPRESENTATION('',(#7147),#7151);
#7147 = LINE('',#7148,#7149);
#7148 = CARTESIAN_POINT('',(-0.,0.));
#7149 = VECTOR('',#7150,1.);
#7150 = DIRECTION('',(-0.,-1.));
#7151 = ( GEOMETRIC_REPRESENTATION_CONTEXT(2) 
PARAMETRIC_REPRESENTATION_CONTEXT() REPRESENTATION_CONTEXT('2D SPACE',''
  ) );
#7152 = ADVANCED_FACE('',(#7153),#2581,.T.);
#7153 = FACE_BOUND('',#7154,.F.);
#7154 = EDGE_LOOP('',(#7155,#7156,#7157,#7158));
#7155 = ORIENTED_EDGE('',*,*,#2427,.F.);
#7156 = ORIENTED_EDGE('',*,*,#7132,.T.);
#7157 = ORIENTED_EDGE('',*,*,#5333,.T.);
#7158 = ORIENTED_EDGE('',*,*,#7159,.F.);
#7159 = EDGE_CURVE('',#2428,#5146,#7160,.T.);
#7160 = SURFACE_CURVE('',#7161,(#7165,#7172),.PCURVE_S1.);
#7161 = LINE('',#7162,#7163);
#7162 = CARTESIAN_POINT('',(2.459,0.,0.));
#7163 = VECTOR('',#7164,1.);
#7164 = DIRECTION('',(0.,0.,1.));
#7165 = PCURVE('',#2581,#7166);
#7166 = DEFINITIONAL_REPRESENTATION('',(#7167),#7171);
#7167 = LINE('',#7168,#7169);
#7168 = CARTESIAN_POINT('',(-6.28318530718,0.));
#7169 = VECTOR('',#7170,1.);
#7170 = DIRECTION('',(-0.,-1.));
#7171 = ( GEOMETRIC_REPRESENTATION_CONTEXT(2) 
PARAMETRIC_REPRESENTATION_CONTEXT() REPRESENTATION_CONTEXT('2D SPACE',''
  ) );
#7172 = PCURVE('',#2802,#7173);
#7173 = DEFINITIONAL_REPRESENTATION('',(#7174),#7178);
#7174 = LINE('',#7175,#7176);
#7175 = CARTESIAN_POINT('',(-0.,0.));
#7176 = VECTOR('',#7177,1.);
#7177 = DIRECTION('',(-0.,-1.));
#7178 = ( GEOMETRIC_REPRESENTATION_CONTEXT(2) 
PARAMETRIC_REPRESENTATION_CONTEXT() REPRESENTATION_CONTEXT('2D SPACE',''
  ) );
#7179 = ADVANCED_FACE('',(#7180),#2802,.T.);
#7180 = FACE_BOUND('',#7181,.F.);
#7181 = EDGE_LOOP('',(#7182,#7183,#7184,#7185));
#7182 = ORIENTED_EDGE('',*,*,#2662,.F.);
#7183 = ORIENTED_EDGE('',*,*,#7159,.T.);
#7184 = ORIENTED_EDGE('',*,*,#5145,.T.);
#7185 = ORIENTED_EDGE('',*,*,#4867,.F.);
#7186 = ADVANCED_FACE('',(#7187),#4599,.T.);
#7187 = FACE_BOUND('',#7188,.F.);
#7188 = EDGE_LOOP('',(#7189,#7190));
#7189 = ORIENTED_EDGE('',*,*,#5082,.F.);
#7190 = ORIENTED_EDGE('',*,*,#4573,.T.);
#7191 = ADVANCED_FACE('',(#7192),#4799,.T.);
#7192 = FACE_BOUND('',#7193,.F.);
#7193 = EDGE_LOOP('',(#7194,#7195));
#7194 = ORIENTED_EDGE('',*,*,#5039,.F.);
#7195 = ORIENTED_EDGE('',*,*,#4773,.T.);
#7196 = ADVANCED_FACE('',(#7197),#4987,.F.);
#7197 = FACE_BOUND('',#7198,.F.);
#7198 = EDGE_LOOP('',(#7199,#7221,#7222));
#7199 = ORIENTED_EDGE('',*,*,#7200,.T.);
#7200 = EDGE_CURVE('',#4894,#6928,#7201,.T.);
#7201 = SURFACE_CURVE('',#7202,(#7207,#7214),.PCURVE_S1.);
#7202 = CIRCLE('',#7203,2.459);
#7203 = AXIS2_PLACEMENT_3D('',#7204,#7205,#7206);
#7204 = CARTESIAN_POINT('',(0.,0.,0.));
#7205 = DIRECTION('',(0.,0.,1.));
#7206 = DIRECTION('',(1.,0.,0.));
#7207 = PCURVE('',#4987,#7208);
#7208 = DEFINITIONAL_REPRESENTATION('',(#7209),#7213);
#7209 = CIRCLE('',#7210,2.459);
#7210 = AXIS2_PLACEMENT_2D('',#7211,#7212);
#7211 = CARTESIAN_POINT('',(1.390240069682E-16,-3.864379099811E-17));
#7212 = DIRECTION('',(1.,0.));
#7213 = ( GEOMETRIC_REPRESENTATION_CONTEXT(2) 
PARAMETRIC_REPRESENTATION_CONTEXT() REPRESENTATION_CONTEXT('2D SPACE',''
  ) );
#7214 = PCURVE('',#6871,#7215);
#7215 = DEFINITIONAL_REPRESENTATION('',(#7216),#7220);
#7216 = LINE('',#7217,#7218);
#7217 = CARTESIAN_POINT('',(-0.,0.));
#7218 = VECTOR('',#7219,1.);
#7219 = DIRECTION('',(-1.,0.));
#7220 = ( GEOMETRIC_REPRESENTATION_CONTEXT(2) 
PARAMETRIC_REPRESENTATION_CONTEXT() REPRESENTATION_CONTEXT('2D SPACE',''
  ) );
#7221 = ORIENTED_EDGE('',*,*,#6950,.F.);
#7222 = ORIENTED_EDGE('',*,*,#4893,.T.);
#7223 = ADVANCED_FACE('',(#7224),#6871,.T.);
#7224 = FACE_BOUND('',#7225,.F.);
#7225 = EDGE_LOOP('',(#7226,#7227,#7228,#7229));
#7226 = ORIENTED_EDGE('',*,*,#6927,.F.);
#7227 = ORIENTED_EDGE('',*,*,#7200,.F.);
#7228 = ORIENTED_EDGE('',*,*,#6775,.T.);
#7229 = ORIENTED_EDGE('',*,*,#6975,.F.);
#7230 = ( GEOMETRIC_REPRESENTATION_CONTEXT(3) 
GLOBAL_UNCERTAINTY_ASSIGNED_CONTEXT((#7234)) 
GLOBAL_UNIT_ASSIGNED_CONTEXT((#7231,#7232,#7233)) REPRESENTATION_CONTEXT
('Context #1','3D Context with UNIT and UNCERTAINTY') );
#7231 = ( LENGTH_UNIT() NAMED_UNIT(*) SI_UNIT(.MILLI.,.METRE.) );
#7232 = ( NAMED_UNIT(*) PLANE_ANGLE_UNIT() SI_UNIT($,.RADIAN.) );
#7233 = ( NAMED_UNIT(*) SI_UNIT($,.STERADIAN.) SOLID_ANGLE_UNIT() );
#7234 = UNCERTAINTY_MEASURE_WITH_UNIT(LENGTH_MEASURE(1.E-04),#7231,
  'distance_accuracy_value','confusion accuracy');
#7235 = PRODUCT_RELATED_PRODUCT_CATEGORY('part',$,(#7));
ENDSEC;
END-ISO-10303-21;
